
SET SQL_MODE = "NO_AUTO_VALUE_ON_ZERO";
SET AUTOCOMMIT = 0;
START TRANSACTION;
SET time_zone = "+00:00";

/*!40101 SET @OLD_CHARACTER_SET_CLIENT=@@CHARACTER_SET_CLIENT */;
/*!40101 SET @OLD_CHARACTER_SET_RESULTS=@@CHARACTER_SET_RESULTS */;
/*!40101 SET @OLD_COLLATION_CONNECTION=@@COLLATION_CONNECTION */;
/*!40101 SET NAMES utf8mb4 */;

CREATE TABLE `Regle` (
  `id_regle` int(3) PRIMARY KEY,
  `regle_brute` varchar(200) DEFAULT NULL
) ENGINE=InnoDB DEFAULT CHARSET=utf8;

INSERT INTO `Regle` (`id_regle`, `regle_brute`) VALUES
(1, '[1] ?RUN(True) @3 [.] DEF(.) <construction(_IS_cinaspic):B(nombre_personnes_recues>=100)> {entree_graphique(1)} #INTERDICTION'),
(10, '[10] ?RUN(True) @25 [zonage(1)] DEF(.) <general> {.} QUALI(_information)'),
(100, '[100] ?RUN(True) @54 [zonage(1)] DEF(.) <construction:B(saillie_marge_retrait_6))> {B(taille_saillie_marge_retrait_6<=1.2ANDhauteur_saillie_marge_retrait_6<=5.5)} #AUTORISATION'),
(101, '[101] ?RUN(True) @54 [zonage(1)] DEF(.) <isolation_par_exterieur:B(isolation_dans_marge_retrait_6)> {B(date_construction<=%date_approbation)} #AUTORISATION'),
(102, '[102] ?RUN(True) @54 [zonage(1)] DEF(.) <construction:B(acces_batiment_marge_retrait_6)> {.} #AUTORISATION'),
(103, '[103] ?RUN(True) @56 [zonage(1)] DEF(.) <construction(_IS_cinaspic)> {.} C(implantation_alignement_6_AUT=True)'),
(104, '[104] ?RUN(True) @56 [zonage(1)] DEF(.) <construction(_IS_cinaspic)> {.} C(implantation_retrait_6_AUT=True)'),
(105, '[105] ?RUN(True) @56 [zonage(1)] DEF(.) <construction(_IS_cinaspic)> {.} C(marge_retrait_6=2.)'),
(106, '[106] ?RUN(True) @57 [zonage(5)] DEF(.) <construction:B(facade_sur_rue)> {bande_constructible(14,16)} C(implantation_sur_limite_7_OBL=True)'),
(107, '[107] ?RUN(True) @57 [zonage(5)] DEF(.) <construction> {bande_constructible(16,else)} C(implantation_sur_limite_7_AUT=True)'),
(108, '[108] ?RUN(True) @57 DEF(.) <construction> {bande_constructible(16,else)} C(implantation_retrait_7_AUT=True)'),
(109, '[109] ?RUN(True) @57 [zonage(5)] DEF(marge_retrait_7:eq:1) <construction> {entree_graphique(10)} C(implantation_retrait_7_OBL=True)'),
(11, '[11] ?RUN(True) @27 [zonage(1)] DEF(.) <construction(_IS_exploitation_agricole_forestiere)> {.} #INTERDICTION'),
(110, '[110] ?RUN(True) @58 [zonage(6)] DEF(marge_retrait_7:eq:1) <construction> {.} C(implantation_sur_limite_7_AUT=True)'),
(111, '[111] ?RUN(True) @58 [zonage(6)] DEF(marge_retrait_7:eq:1) <construction> {.} C(implantation_retrait_7_AUT=True)'),
(112, '[112] ?RUN(try_exception(case=[zonage(9)])) @58 [zonage(6)] DEF(.) <construction> {entree_graphique(11)} C(implantation_retrait_7_OBL=True)'),
(113, '[113] ?RUN(True) @59 [zonage(1)] DEF(marge_retrait_7:eq:1,hauteur_construction:eq:2) <general> {B(implantation_retrait_7_avec_vue)} C(marge_retrait_7=max(6.,hauteur_construction/2))'),
(114, '[114] ?RUN(True) @59 [zonage(1)] DEF(distance_limite_separative:eq:1,marge_retrait_7:eq:2) <general> {B(implantation_retrait_7_sans_vue)} C(marge_retrait_7=max(4.,hauteur_construction/2))'),
(115, '[115] ?RUN(True) @61 [zonage(1)] DEF(.) <isolation_par_exterieur:B(isolation_marge_retrait_7)> {B(date_construction<=%date_approbation)} #AUTORISATION'),
(116, '[116] ?RUN(True) @61 [zonage(1)] DEF(.) <construction> {.} C(acces_batiment_dans_marge_retrait_AUT=True)'),
(117, '[117] ?RUN(True) @62 [zonage(1)] DEF(.) <piscine:B(!(piscine_est_couverte)AND(!piscine_necessite_permis_construire))> {.} C(marge_reculement=1.5)'),
(118, '[118] ?RUN(True) @63 [zonage(1)] DEF(.) <construction(_IS_cinaspic)> {.} C(implantation_sur_limite_7_AUT=True)'),
(119, '[119] ?RUN(True) @63 [zonage(1)] DEF(.) <construction(_IS_cinaspic)> {.} C(implantation_retrait_7_AUT=True)'),
(12, '[12] ?RUN(True) @27 [zonage(1)] DEF(.) <terrain_camping_ou_caravaning> {.} #INTERDICTION'),
(120, '[120] ?RUN(True) @63 [zonage(1)] DEF(.) <construction(_IS_cinaspic)> {.} C(marge_retrait_7=2.)'),
(121, '[121] ?RUN(try_exception(case=<construction(_IS_cinaspic)>)) @65 [zonage(1)] DEF(distance_construction_meme_propriete:eq:1) <construction> {.} C(distance_construction_meme_propriete_avec_vue_MIN=max(8.,hauteur_construction_max_vis_a_vis))'),
(122, '[122] ?RUN(try_exception(case=<construction(_IS_cinaspic)>)) @65 [zonage(1)] DEF(distance_construction_meme_propriete:eq:1) <construction> {.} C(distance_construction_meme_propriete_sans_vue_MIN=max(4.,hauteur_construction_max_vis_a_vis/2))'),
(123, '[123] ?RUN(try_exception(case=<construction(_IS_cinaspic)>)) @66 [zonage(1)] DEF(distance_construction_meme_propriete:eq:1) <general> {.} C(distance_construction_meme_propriete_avec_vue-MIN=4.)'),
(124, '[124] ?RUN(try_exception(case=<construction(_IS_cinaspic)>)) @66 [zonage(1)] DEF(distance_construction_meme_propriete:eq:1) <general> {.} C(distance_construction_meme_propriete_sans_vue_MIN=4.)'),
(125, '[125] ?RUN(True) @66 [zonage(1)] DEF(distance_construction_meme_propriete:eq:1) <construction:B(!toiture_plate)> {.} → DEF(hauteur_construction:eq:7)'),
(126, '[126] ?RUN(try_exception(case=<construction(_IS_cinaspic)>)) @68 [zonage(1)] DEF(.) <construction> {.} C(emprise_au_sol_MAX=(0.8*superficie_terrain))'),
(127, '[127] ?RUN(True) @71 [zonage(5)] DEF(.) <construction> {.} C(hauteur_construction_plus_haut_MAX=18.)'),
(128, '[128] ?RUN(True) @71 [zonage(6)] DEF(.) <construction> {.} C(hauteur_construction_plus_haut_MAX=18.)'),
(129, '[129] ?RUN(True) @71 [zonage(5)] DEF(.) <construction:B(facade_sur_rue)> {.} C(hauteur_point_accroche=15.)'),
(13, '[13] ?RUN(True) @27 [zonage(1)] DEF(.) <depot> {.} #INTERDICTION'),
(130, '[130] ?RUN(True) @71 [zonage(6)] DEF(.) <construction:B(facade_sur_rue)> {.} C(hauteur_point_accroche=15.)'),
(131, '[131] ?RUN(True) @71 [zonage(5)] DEF(.) <construction:B(facade_sur_rue)> {.} C(hauteur_principale_MAX=3.)'),
(132, '[132] ?RUN(True) @71 [zonage(6)] DEF(.) <construction:B(facade_sur_rue)> {.} C(hauteur_principale_MAX=3.)'),
(133, '[133] ?RUN(True) @71 [zonage(5)] DEF(.) <construction:B(facade_sur_rue)> {.} C(angle_principal_MAX=60.)'),
(134, '[134] ?RUN(True) @71 [zonage(6)] DEF(.) <construction:B(facade_sur_rue)> {.} C(angle_principal_MAX=60.)'),
(135, '[135] ?RUN(True) @71 [zonage(5)] DEF(.) <construction:B(type_toiture==mansart)> {.} C(hauteur_point_accroche=15.)'),
(136, '[136] ?RUN(True) @71 [zonage(6)] DEF(.) <construction:B(type_toiture==mansart)> {.} C(hauteur_point_accroche=15.)'),
(137, '[137] ?RUN(True) @71 [zonage(5)] DEF(.) <construction:B(type_toiture==mansart)> {.} C(angle_secondaire_MAX=0.)'),
(138, '[138] ?RUN(True) @71 [zonage(6)] DEF(.) <construction:B(type_toiture==mansart)> {.} C(angle_secondaire_MAX=0.)'),
(139, '[139] ?RUN(True) @71 [zonage(5)] DEF(.) <construction:B(type_toiture==mansart)> {.} C(profondeur_secondaire_MAX=1.5)'),
(14, '[14] ?RUN(True) @27 [zonage(1)] DEF(.) <entreprise_cassage_voiture> {.} #INTERDICTION'),
(140, '[140] ?RUN(True) @71 [zonage(6)] DEF(.) <construction:B(type_toiture==mansart)> {.} C(profondeur_secondaire_MAX=1.5)'),
(141, '[141] ?RUN(True) @71 [zonage(5)] DEF(.) <construction:B(type_toiture==mansart)> {.} C(profondeur_principale_MAX=1.5)'),
(142, '[142] ?RUN(True) @71 [zonage(6)] DEF(.) <construction:B(type_toiture==mansart)> {.} C(profondeur_principale_MAX=1.5)'),
(143, '[143] ?RUN(True) @72 [zonage(9)] DEF(.) <general> {.} C(hauteur_construction_egout_MAX=9.)'),
(144, '[144] ?RUN(True) @72 [zonage(9)] DEF(.) <general> {.} C(hauteur_construction_plus_haut_MAX=12.)'),
(145, '[145] ?RUN(True) @72 [zonage(9)] DEF(.) <construction> {.} C(hauteur_point_accroche=9.)'),
(146, '[146] ?RUN(True) @72 [zonage(9)] DEF(.) <construction> {.} C(profondeur_principale_MAX=3.)'),
(147, '[147] ?RUN(True) @72 [zonage(9)] DEF(.) <construction> {.} C(angle_principal_MAX=45.)'),
(148, '[148] ?RUN(True) @72 [zonage(9)] DEF(.) <construction:B(type_toiture==mansart)> {.} C(hauteur_point_accroche=9.)'),
(149, '[149] ?RUN(True) @72 [zonage(9)] DEF(.) <construction:B(type_toiture==mansart)> {.} C(angle_secondaire_MAX=60.)'),
(15, '[15] ?RUN(True) @27 [zonage(1)] DEF(.) <exhaussement_affouillement:B(!indispensable_construction_utilisation)> {.} #INTERDICTION'),
(150, '[150] ?RUN(True) @72 [zonage(9)] DEF(.) <construction:B(type_toiture==mansart)> {.} C(hauteur_secondaire_MAX=2.)'),
(151, '[151] ?RUN(True) @72 [zonage(9)] DEF(.) <construction:B(type_toiture==mansart)> {.} C(angle_tertiaire_MAX=30.)'),
(152, '[152] ?RUN(True) @72 [zonage(9)] DEF(.) <construction:B(type_toiture==mansart)> {.} C(hauteur_tertiaire_MAX=1.)'),
(153, '[153] ?RUN(True) @73 [zonage(1)] DEF(.) <general> {entree_graphique(12)} QUALI(_contrainte)'),
(154, '[154] ?RUN(True) @73 [zonage(1)] DEF(.) <construction:B(implantation_alignement_6)> {entree_graphique(12)} C(hauteur_construction_plus_haut_MAX=heberge_voisine_plus_haute)'),
(155, '[155] ?RUN(True) @74 [zonage(1)] DEF(retrait_installations_techniques_en_terrasse:eq:2) <construction:B(installations_techniques_en_terrasse)> {B(hauteur_installations_techniques_en_terrasse<=3.ANDretrait_installations_techniques_en_terrasse>=hauteur_installations_techniques_en_terrasse)} C(compte_pour_la_hauteur=False)'),
(156, '[156] ?RUN(True) @74 [zonage(1)] DEF(.) <construction:B(installations_techniques)> {.} QUALI(_contrainte)'),
(157, '[157] ?RUN(MAYBE) @75 [zonage(1)] DEF(.) <surelevation> {.} #AUTORISATION'),
(158, '[158] ?RUN(True) @75 [zonage(1)] DEF(.) <surelevation> {.} QUALI(_contrainte)'),
(159, '[159] ?RUN(MAYBE) @75 [zonage(1)] DEF(.) <isolation> {.} #AUTORISATION'),
(16, '[16] ?RUN(True) @27 [zonage(1)] DEF(.) <exploitation_carriere:B(necessite_autorisation)> {.} #INTERDICTION'),
(160, '[160] ?RUN(True) @75 [zonage(1)] DEF(.) <isolation> {.} QUALI(_contrainte)'),
(161, '[161] ?RUN(True) @77 [zonage(1)] DEF(hauteur_construction:eq:1) <construction:B(est_annexe)> {.} C(hauteur_construction_MAX=3.5)'),
(162, '[162] ?RUN(True) @78 [zonage(5)] DEF(.) <construction(_IS_cinaspic)> {.} C(hauteur_construction_plus_haut_MAX=18.)'),
(163, '[163] ?RUN(True) @78 [zonage(6)] DEF(.) <construction(_IS_cinaspic)> {.} C(hauteur_construction_plus_haut_MAX=18.)'),
(164, '[164] ?RUN(True) @78 [zonage(9)] DEF(.) <construction(_IS_cinaspic)> {.} C(hauteur_construction_plus_haut_MAX=12.)'),
(165, '[165] ?RUN(True) @79 [zonage(1)] DEF(.) <general> {.} QUALI(_justification)'),
(166, '[166] ?RUN(True) @80 [zonage(1)] DEF(.) <construction> {.} QUALI(_contrainte)'),
(167, '[167] ?RUN(True) @80 [zonage(1)] DEF(.) <construction> {entree_graphique(14)} C(toiture_a_pente_OBL=True)'),
(168, '[168] ?RUN(True) @80 [zonage(1)] DEF(.) <construction:B(cheminee)> {.} QUALI(_contrainte)'),
(169, '[169] ?RUN(MAYBE) @80 [zonage(1)] DEF(.) <construction:B(toiture_vegetalisee)> {QUALI(1)} #AUTORISATION'),
(17, '[17] ?RUN(True) @27 [zonage(1)] DEF(.) <construction(_IS_industrie)> {.} #INTERDICTION'),
(170, '[170] ?RUN(MAYBE) @80 [zonage(1)] DEF(.) <construction:B(systeme_production_energie_renouvelable)> {QUALI(1)} #AUTORISATION'),
(171, '[171] ?RUN(True) @81 [zonage(1)] DEF(.) <construction:B(facade_sur_rue)> {.} C(nombre_baies_facade_sur_rue_MIN=1)'),
(172, '[172] ?RUN(True) @81 [zonage(1)] DEF(.) <construction> {.} QUALI(_contrainte)'),
(173, '[173] ?RUN(True) @81 [zonage(1)] DEF(.) <construction:B(est_annexe)> {.} QUALI(_contrainte)'),
(174, '[174] ?RUN(True) @81 [zonage(1)] DEF(.) <construction:B(cloture)> {.} QUALI(_contrainte)'),
(175, '[175] ?RUN(alt_level(4)==1) @81 [zonage(1)] DEF(.) <construction:B(volet_roulant)> {.} C(caisson_volet_roulant_interieur_OBL=True)'),
(176, '[176] ?RUN(alt_level(4)==2) @81 [zonage(1)] DEF(.) <construction:B(volet_roulant)> {.} C(caisson_volet_roulant_interieur_OBL=False)'),
(177, '[177] ?RUN(alt_level(4)==2) @81 [zonage(1)] DEF(.) <construction:B(volet_roulant)> {.} QUALI(_contrainte)'),
(178, '[178] ?RUN(True) @82 [zonage(1)] DEF(.) <construction(_IS_commerce)> {.} QUALI(_contrainte)'),
(179, '[179] ?RUN(True) @82 [zonage(1)] DEF(.) <construction(_IS_commerce)> {.} C(hauteur_rez_chausee_MIN=3.)'),
(18, '[18] ?RUN(True) @27 [zonage(1)] DEF(.) <construction(_IS_entrepot)> {.} #INTERDICTION'),
(180, '[180] ?RUN(True) @82 [zonage(1)] DEF(.) <construction(_IS_commerce):B(commerce_sur_plusieurs_immeubles_contigus)> {.} QUALI(_contrainte)'),
(181, '[181] ?RUN(True) @82 [zonage(1)] DEF(.) <construction(_IS_commerce)> {.} QUALI(_contrainte)'),
(182, '[182] ?RUN(True) @82 [zonage(1)] DEF(.) <general> {.} QUALI(_contrainte)'),
(183, '[183] ?RUN(True) @82 [zonage(1)] DEF(.) <SUJET:B(VAR)> {.} QUALI(_contrainte)'),
(184, '[184] ?RUN(True) @82 [zonage(1)] DEF(.) <general> {.} C(VDC)'),
(185, '[185] ?RUN(True) @83 [zonage(1)] DEF(.) <construction:B(descente_eaux_pluviales)> {.} QUALI(_contrainte)'),
(186, '[186] ?RUN(True) @84 [zonage(1)] DEF(.) <construction:B(rampe_parking)> {.} QUALI(_contrainte)'),
(187, '[187] ?RUN(True) @85 [zonage(1)] DEF(.) <construction:B(edicule_gaine_technique)> {.} QUALI(_contrainte)'),
(188, '[188] ?RUN(True) @86 [zonage(1)] DEF(.) <construction:B(conduit_chemineeANDdevoiement_conduit_cheminee)> {.} QUALI(_contrainte)'),
(189, '[189] ?RUN(True) @87 [zonage(1)] DEF(.) <construction:B(antenne)> {.} QUALI(_contrainte)'),
(19, '[19] ?RUN(True) @28 [zonage(1)] DEF(.) <general> {entree_graphique(5)} QUALI(_contrainte)'),
(190, '[190] ?RUN(True) @88 [zonage(1)] DEF(.) <construction:B(panneau_solaire)> {.} QUALI(_contrainte)'),
(191, '[191] ?RUN(try_exception_mb(case=<construction(_IS_cinaspic)>&{QUALI(3)})ANDtry_exception_mb(case={QUALI(4)})) @89 [zonage(1)] DEF(.) <construction:B(cloture)> {.} QUALI(_contrainte)'),
(192, '[192] ?RUN(try_exception_mb(case=<construction(_IS_cinaspic)>&{QUALI(3)})ANDtry_exception_mb(case={QUALI(4)})) @90 [zonage(1)] DEF(.) <construction:B(cloture)> {.} QUALI(_contrainte)'),
(193, '[193] ?RUN(try_exception_mb(case=<construction(_IS_cinaspic)>&{QUALI(3)})ANDtry_exception_mb(case={QUALI(4)})) @91 [zonage(1)] DEF(etalon_hauteur_cloture:eq:1) <construction:B(cloture)> {.} C(hauteur_cloture_MAX=2.)'),
(194, '[194] ?RUN(try_exception_mb(case={B(mur_soutenement_sur_rue))ANDtry_exception_mb(case=<construction(_IS_cinaspic)>&{QUALI(3)})ANDtry_exception_mb(case={QUALI(4)})) @91 [zonage(1)] DEF(.) <construction:B(clotureANDcloture_sur_rue)> {.} QUALI(_contrainte)'),
(195, '[195] ?RUN(try_exception_mb(case={B(mur_soutenement_sur_rue))ANDtry_exception_mb(case=<construction(_IS_cinaspic)&{QUALI(3)})ANDtry_exception_mb(case={QUALI(4)})) @91 [zonage(1)] DEF(.) <construction:B(clotureANDcloture_sur_rue)> {.} C(hauteur_mur_bahut_MAX=1.2)'),
(196, '[196] ?RUN(try_exception_mb(case={B(mur_soutenement_sur_rue))ANDtry_exception_mb(case=<construction(_IS_cinaspic)>&{QUALI(3)})ANDtry_exception_mb(case={QUALI(4)})) @92 [zonage(1)] DEF(.) <construction:B(portail)> {.} C(hauteur_portail_MAX=2.2)'),
(197, '[197] ?RUN(try_exception_mb(case={B(mur_soutenement_sur_rue))ANDtry_exception_mb(case=<construction(_IS_cinaspic)>&{QUALI(3)})ANDtry_exception_mb(case={QUALI(4)})) @92 [zonage(1)] DEF(.) <construction:B(portillon)> {.} C(hauteur_portillon_MAX=2.2)'),
(198, '[198] ?RUN(try_exception_mb(case={B(mur_soutenement_sur_rue))ANDtry_exception_mb(case=<construction(_IS_cinaspic)>&{QUALI(3)})ANDtry_exception_mb(case={QUALI(4)})) @92 [zonage(1)] DEF(.) <construction:B(pillier)> {.} C(hauteur_pillier_MAX=2.2)'),
(199, '[199] ?RUN(try_exception_mb(case={B(mur_soutenement_sur_rue))ANDtry_exception_mb(case=<construction(_IS_cinaspic)>&{QUALI(3)})ANDtry_exception_mb(case={QUALI(4)})) @92 [zonage(1)] DEF(.) <construction:B(portail)> {.} QUALI(_contrainte)'),
(2, '[2] ?RUN(True) @3 [.] DEF(.) <construction:QUALI(2)> {entree_graphique(1)} #INTERDICTION'),
(20, '[20] ?RUN(True) @28 [zonage(1)] DEF(.) <travaux_sur_existant(_FROM_artisanat_TO_habitation):B(rez_chausee)> {entree_graphique(5)} #INTERDICTION'),
(200, '[200] ?RUN(try_exception_mb(case={B(mur_soutenement_sur_rue))ANDtry_exception_mb(case=<construction(_IS_cinaspic)>&{QUALI(3)})ANDtry_exception_mb(case={QUALI(4)})) @92 [zonage(1)] DEF(.) <construction:B(portillon)> {.} QUALI(_contrainte)'),
(201, '[201] ?RUN(try_exception_mb(case={B(mur_soutenement_sur_rue))ANDtry_exception_mb(case=<construction(_IS_cinaspic)>&{QUALI(3)})ANDtry_exception_mb(case={QUALI(4)})) @92 [zonage(1)] DEF(.) <construction:B(pillier)> {.} QUALI(_contrainte)'),
(202, '[202] ?RUN(try_exception_mb(case=<construction(_IS_cinaspic)&{QUALI(3)})ANDtry_exception_mb(case={QUALI(4)})) @94 [zonage(1)] DEF(etalon_hauteur_cloture:eq:2) <construction:B(clotureANDcloture_sur_autre_limite_separative)> {.} C(hauteur_cloture_MAX=2.)'),
(203, '[203] ?RUN(True) @(96:100) [zonage(5)] DEF(.) <construction> {.} QUALI(_contrainte)'),
(204, '[204] ?RUN(True) @(101:103) [zonage(1)] DEF(.) <construction> {entree_graphique(13)} QUALI(_contrainte)'),
(205, '[205] ?RUN(True) @104 [zonage(1)] DEF(.) <general> {.} QUALI(_contrainte)'),
(206, '[206] ?RUN(alt_level(5)==1) @105 [zonage(1)] DEF(.) <construction:B(nombre_logement>=10)> {.} C(proportion_places_stationnement_dans_construction_MIN=0.8)'),
(207, '[207] ?RUN(alt_level(5)==1) @105 [zonage(1)] DEF(.) <construction(_IS_bureau)> {.} C(proportion_places_stationnement_dans_construction_MIN=0.8)'),
(208, '[208] ?RUN(alt_level(5)==1) @105 [zonage(1)] DEF(.) <construction(_IS_commerce)> {.} C(proportion_places_stationnement_dans_construction_MIN=0.8)'),
(209, '[209] ?RUN(alt_level(5)==1) @105 [zonage(1)] DEF(.) <construction(_IS_artisanat)> {.} C(proportion_places_stationnement_dans_construction_MIN=0.8)'),
(21, '[21] ?RUN(True) @28 [zonage(1)] DEF(.) <travaux_sur_existant(_FROM_artisanat_TO_hebergement_hotelier):B(rez_chausee)> {entree_graphique(5)} #INTERDICTION'),
(210, '[210] ?RUN(alt_level(5)==1) @105 [zonage(1)] DEF(.) <construction(_IS_industrie)> {.} C(proportion_places_stationnement_dans_construction_MIN=0.8)'),
(211, '[211] ?RUN(alt_level(5)==1) @105 [zonage(1)] DEF(.) <construction(_IS_hebergement_hotelier)> {.} C(proportion_places_stationnement_dans_construction_MIN=0.8)'),
(212, '[212] ?RUN(alt_level(5)==1) @105 [zonage(1)] DEF(.) <construction(_IS_entrepot)> {.} C(proportion_places_stationnement_dans_construction_MIN=0.8)'),
(213, '[213] ?RUN(alt_level(5)==1) @105 [zonage(1)] DEF(.) <construction(_IS_exploitation_agricole_forestiere)> {.} C(proportion_places_stationnement_dans_construction_MIN=0.8)'),
(214, '[214] ?RUN(alt_level(5)==1) @105 [zonage(1)] DEF(.) <construction(_IS_cinaspic)> {.} C(proportion_places_stationnement_dans_construction_MIN=0.8)'),
(215, '[215] ?RUN(alt_level(5)==2) @105 [zonage(1)] DEF(.) <construction:B(nombre_logement>=10)> {.} QUALI(_contrainte)'),
(216, '[216] ?RUN(alt_level(5)==2) @105 [zonage(1)] DEF(.) <construction(_IS_bureau)> {.} QUALI(_contrainte)'),
(217, '[217] ?RUN(alt_level(5)==2) @105 [zonage(1)] DEF(.) <construction(_IS_commerce)> {.} QUALI(_contrainte)'),
(218, '[218] ?RUN(alt_level(5)==2) @105 [zonage(1)] DEF(.) <construction(_IS_artisanat)> {.} QUALI(_contrainte)'),
(219, '[219] ?RUN(alt_level(5)==2) @105 [zonage(1)] DEF(.) <construction(_IS_industrie)> {.} QUALI(_contrainte)'),
(22, '[22] ?RUN(True) @28 [zonage(1)] DEF(.) <travaux_sur_existant(_FROM_artisanat_TO_bureau):B(rez_chausee)> {entree_graphique(5)} #INTERDICTION'),
(220, '[220] ?RUN(alt_level(5)==2) @105 [zonage(1)] DEF(.) <construction(_IS_hebergement_hotelier)> {.} QUALI(_contrainte)'),
(221, '[221] ?RUN(alt_level(5)==2) @105 [zonage(1)] DEF(.) <construction(_IS_entrepot)> {.} QUALI(_contrainte)'),
(222, '[222] ?RUN(alt_level(5)==2) @105 [zonage(1)] DEF(.) <construction(_IS_exploitation_agricole_forestiere)> {.} QUALI(_contrainte)'),
(223, '[223] ?RUN(alt_level(5)==2) @105 [zonage(1)] DEF(.) <construction(_IS_cinaspic)> {.} QUALI(_contrainte)'),
(224, '[224] ?RUN(True) @107 [zonage(1)] DEF(.) <construction:B(place_stationnement_commandee)> {.} #INTERDICTION'),
(225, '[225] ?RUN(True) @108 [zonage(1)] DEF(.) <construction(_IS_bureau)> {B(distance_desserte_transport_en_commun>=500.)} C(nombre_place_stationnement_IDE=ENT(surface_plancher/50.)+1)'),
(226, '[226] ?RUN(True) @108 [zonage(1)] DEF(.) <construction(_IS_bureau)> {B(distance_desserte_transport_en_commun<=500.)} C(nombre_place_stationnement_IDE=ENT(surface_plancher/60.)+1) '),
(227, '[227] ?RUN(True) @(109,110) [zonage(1)] DEF(.) <construction(_IS_habitation)> {.} C(nombre_place_stationnement_MIN=ENT(surface_plancher/60.)+1)'),
(228, '[228] ?RUN(True) @(109,110) [zonage(1)] DEF(.) <construction(_IS_habitation)> {.} C(nombre_place_stationnement_MAX=1.9*nombre_logement) '),
(229, '[229] ?RUN(True) @(109,110) [zonage(1)] DEF(.) <construction(_IS_habitation):B(pret_etat)> C(nombre_place_stationnement_MIN=1.*nombre_logement)'),
(23, '[23] ?RUN(True) @28 [zonage(1)] DEF(.) <travaux_sur_existant(_FROM_artisanat_TO_industrie):B(rez_chausee)> {entree_graphique(5)} #INTERDICTION'),
(230, '[230] ?RUN(True) @(109,110) [zonage(1)] DEF(.) <construction(_IS_habitation):B(pret_etat)> {B(distance_desserte_transport_en_commun<=500.)} C(nombre_place_stationnement_MIN=0.5*nombre_logement)'),
(231, '[231] ?RUN(True) @(109,110) [zonage(1)] DEF(.) <construction(_IS_habitation)> {B(distance_desserte_transport_en_commun<=500.)} C(nombre_place_stationnement_MIN=1.*nombre_logement)'),
(232, '[232] ?RUN(True) @(109,111) [zonage(1)] DEF(.) <construction(_IS_commerce):B(surface_plancher>=150.)> {.} C(nombre_place_stationnement_MIN=max(2,ENT(surface_plancher/40.)+1))'),
(233, '[233] ?RUN(True) @(109,111) [zonage(1)] DEF(.) <construction(_IS_commerce):B(surface_plancher>=150.)> {.} C(nombre_place_stationnement_livraison_MIN=1)'),
(234, '[234] ?RUN(True) @(109,112) [zonage(1)] DEF(.) <construction(_IS_artisanat):B(surface_plancher>=1500.)> {.} C(nombre_place_stationnement_livraison_MIN=1)'),
(235, '[235] ?RUN(True) @(109,113) [zonage(1)] DEF(.) <construction(_IS_hebergement_hotelier)> {.} C(nombre_place_stationnement_MIN=max(20,nombre_chambre)+ENT(max(nombre_chambre-20),0)/20.)+1))'),
(236, '[236] ?RUN(True) @(109,114) [zonage(1)] DEF(.) <construction(_IS_cinaspic)> {.} QUALI(_contrainte)'),
(237, '[237] ?RUN(True) @115 [zonage(1)] DEF(.) <rehabilitation(_TO_habitation)> {B(surface_plancher_construite<=50.ANDconstruction_regulierement_edifiee)} C(nombre_place_stationnement_detruite_MAX=nombre_place_stationnement_construite)'),
(238, '[238] ?RUN(True) @115 [zonage(1)] DEF(.) <rehabilitation(_TO_habitation)> {B(surface_plancher_construite<=50.ANDconstruction_regulierement_edifiee)} FREE(nombre_place_stationnement_construite)'),
(239, '[239] ?RUN(True) @115 [zonage(1)] DEF(.) <surelevation(_TO_habitation)> {B(surface_plancher_construite<=50.ANDconstruction_regulierement_edifiee)} C(nombre_place_stationnement_detruite_MAX=nombre_place_stationnement_construite)'),
(24, '[24] ?RUN(True) @28 [zonage(1)] DEF(.) <travaux_sur_existant(_FROM_artisanat_TO_exploitation_agricole_forestiere):B(rez_chausee)> {entree_graphique(5)} #INTERDICTION'),
(240, '[240] ?RUN(True) @115 [zonage(1)] DEF(.) <surelevation(_TO_habitation)> {B(surface_plancher_construite<=50.ANDconstruction_regulierement_edifiee)} FREE(nombre_place_stationnement_construite)'),
(241, '[241] ?RUN(True) @115 [zonage(1)] DEF(.) <amenagement(_TO_habitation)> {B(surface_plancher_construite<=50.ANDconstruction_regulierement_edifiee)} C(nombre_place_stationnement_detruite_MAX=nombre_place_stationnement_construite)'),
(242, '[242] ?RUN(True) @115 [zonage(1)] DEF(.) <amenagement(_TO_habitation)> {B(surface_plancher_construite<=50.ANDconstruction_regulierement_edifiee)} FREE(nombre_place_stationnement_construite)'),
(243, '[243] ?RUN(True) @115 [zonage(1)] DEF(.) <extension(_TO_habitation)> {B(surface_plancher_construite<=50.ANDconstruction_regulierement_edifiee)} C(nombre_place_stationnement_detruite_MAX=nombre_place_stationnement_construite)'),
(244, '[244] ?RUN(True) @115 [zonage(1)] DEF(.) <extension(_TO_habitation)> {B(surface_plancher_construite<=50.ANDconstruction_regulierement_edifiee)} FREE(nombre_place_stationnement_construite)'),
(245, '[245] ?RUN(True) @116 [zonage(1)] DEF(.) <extension(_IS_bureau):B(surface_plancher_construite>=50.)> {B(distance_desserte_transport_en_commun>=500.)} C(nombre_place_stationnement_IDE=ENT(surface_plancher/50.)+1)'),
(246, '[246] ?RUN(True) @116 [zonage(1)] DEF(.) <extension(_IS_bureau):B(surface_plancher_construite>=50.)> {B(distance_desserte_transport_en_commun<=500.)} C(nombre_place_stationnement_IDE=ENT(surface_plancher/60.)+1) '),
(247, '[247] ?RUN(True) @116 [zonage(1)] DEF(.) <extension(_IS_habitation):B(surface_plancher_construite>=50.)> {.} C(nombre_place_stationnement_MIN=ENT(surface_plancher/60.)+1)'),
(248, '[248] ?RUN(True) @116 [zonage(1)] DEF(.) <extension(_IS_habitation):B(surface_plancher_construite>=50.)> {.} C(nombre_place_stationnement_MAX=1.9*nombre_logement) '),
(249, '[249] ?RUN(True) @116 [zonage(1)] DEF(.) <extension(_IS_habitation):B(pret_etatANDsurface_plancher_construite>=50.)> {.} C(nombre_place_stationnement_MIN=1.*nombre_logement)'),
(25, '[25] ?RUN(True) @28 [zonage(1)] DEF(.) <travaux_sur_existant(_FROM_artisanat_TO_entrepot):B(rez_chausee)> {entree_graphique(5)} #INTERDICTION'),
(250, '[250] ?RUN(True) @116 [zonage(1)] DEF(.) <extension(_IS_habitation):B(pret_etatANDsurface_plancher_construite>=50.)> {B(distance_desserte_transport_en_commun<=500.)} C(nombre_place_stationnement_MIN=0.5*nombre_logement)'),
(251, '[251] ?RUN(True) @116 [zonage(1)] DEF(.) <extension(_IS_habitation):B(surface_plancher_construite>=50.)> {B(distance_desserte_transport_en_commun<=500.)} C(nombre_place_stationnement_MIN=1.*nombre_logement)'),
(252, '[252] ?RUN(True) @116 [zonage(1)] DEF(.) <extension(_IS_commerce):B(surface_plancher>=150.ANDsurface_plancher_construite>=50.)> {.} C(nombre_place_stationnement_MIN=max(2,ENT(surface_plancher/40.)+1))'),
(253, '[253] ?RUN(True) @116 [zonage(1)] DEF(.) <extension(_IS_commerce):B(surface_plancher>=150.ANDsurface_plancher_construite>=50.)> {.} C(nombre_place_stationnement_livraison_MIN=1)'),
(254, '[254] ?RUN(True) @116 [zonage(1)] DEF(.) <extension(_IS_artisanat):B(surface_plancher>=1500.ANDsurface_plancher_construite>=50.)> {.} C(nombre_place_stationnement_livraison_MIN=1)'),
(255, '[255] ?RUN(True) @116 [zonage(1)] DEF(.) <extension(_IS_hebergement_hotelierANDsurface_plancher_construite>=50.)> {.} C(nombre_place_stationnement_MIN=max(20,nombre_chambre)+ENT(max(nombre_chambre-20),0)/20.)+1))'),
(256, '[256] ?RUN(True) @116 [zonage(1)] DEF(.) <amenagement(_IS_habitation):B(surface_plancher_construite>=50.ANDnombre_logement_cree>=1)> {.} C(nombre_place_stationnement_MIN=ENT(surface_plancher/60.)+1)'),
(257, '[257] ?RUN(True) @116 [zonage(1)] DEF(.) <amenagement(_IS_habitation):B(surface_plancher_construite>=50.ANDnombre_logement_cree>=1)> {.} C(nombre_place_stationnement_MAX=1.9*nombre_logement) '),
(258, '[258] ?RUN(True) @116 [zonage(1)] DEF(.) <amenagement(_IS_habitation):B(pret_etatANDsurface_plancher_construite>=50.ANDnombre_logement_cree>=1)> {.} C(nombre_place_stationnement_MIN=1.*nombre_logement)'),
(259, '[259] ?RUN(True) @116 [zonage(1)] DEF(.) <amenagement(_IS_habitation):B(pret_etatANDsurface_plancher_construite>=50.ANDnombre_logement_cree>=1)> {B(distance_desserte_transport_en_commun<=500.)} C(nombre_place_stationnement_MIN=0.5*nombre_logement)'),
(26, '[26] ?RUN(True) @28 [zonage(1)] DEF(.) <travaux_sur_existant(_FROM_artisanat_TO_cinaspic):B(rez_chausee)> {entree_graphique(5)} #INTERDICTION'),
(260, '[260] ?RUN(True) @116 [zonage(1)] DEF(.) <amenagement(_IS_habitation):B(surface_plancher_construite>=50.ANDnombre_logement_cree>=1)> {B(distance_desserte_transport_en_commun<=500.)} C(nombre_place_stationnement_MIN=1.*nombre_logement)'),
(261, '[261] ?RUN(True) @117 [zonage(1)] DEF(.) <travaux_sur_existant(_TO_bureau)> {B(distance_desserte_transport_en_commun>=500.)} OPT(nombre_place_stationnement, minimum,(C(nombre_place_stationnement_MIN=ENT(surface_plancher_construite/60.)+1),C(nombre_place_stationnement_IDE=ENT(surface_plancher/50.)+1))))'),
(262, '[262] ?RUN(True) @117 [zonage(1)] DEF(.) <travaux_sur_existant(_TO_bureau)> {B(distance_desserte_transport_en_commun<=500.)} OPT(nombre_place_stationnement, minimum,(C(nombre_place_stationnement_MIN=ENT(surface_plancher_construite/60.)+1),C(nombre_place_stationnement_IDE=ENT(surface_plancher/60.)+1))))'),
(263, '[263] ?RUN(True) @117 [zonage(1)] DEF(.) <travaux_sur_existant(_TO_commerce):B(surface_plancher>=150.)> {.} OPT(nombre_place_stationnement, minimum,(C(nombre_place_stationnement_MIN=ENT(surface_plancher_construite/60.)+1),C(nombre_place_stationnement_MIN=max(2,ENT(surface_plancher/40.)+1)))))'),
(264, '[264] ?RUN(True) @117 [zonage(1)] DEF(.) <travaux_sur_existant(_TO_artisanat)> {.} OPT(nombre_place_stationnement, minimum,(C(nombre_place_stationnement_MIN=ENT(surface_plancher_construite/60.)+1),NULL)))'),
(265, '[265] ?RUN(True) @117 [zonage(1)] DEF(.) <travaux_sur_existant(_TO_industrie)> {.} OPT(nombre_place_stationnement, minimum,(C(nombre_place_stationnement_MIN=ENT(surface_plancher_construite/60.)+1),NULL))'),
(266, '[266] ?RUN(True) @117 [zonage(1)] DEF(.) <travaux_sur_existant(_TO_entrepot)> {.} OPT(nombre_place_stationnement, minimum,(C(nombre_place_stationnement_MIN=ENT(surface_plancher_construite/60.)+1),NULL)))'),
(267, '[267] ?RUN(True) @117 [zonage(1)] DEF(.) <travaux_sur_existant(_TO_exploitation_aricole_forestiere)> {.} OPT(nombre_place_stationnement, minimum,(C(nombre_place_stationnement_MIN=ENT(surface_plancher_construite/60.)+1),NULL)))'),
(268, '[268] ?RUN(True) @117 [zonage(1)] DEF(.) <travaux_sur_existant(_TO_cinaspic)> {.} OPT(nombre_place_stationnement, minimum,(C(nombre_place_stationnement_MIN=ENT(surface_plancher_construite/60.)+1),NULL)))'),
(269, '[269] ?RUN(True) @117 [zonage(1)] DEF(.) <travaux_sur_existant(_TO_hebergement_hotelier)> {.} OPT(nombre_place_stationnement, minimum,(C(nombre_place_stationnement_MIN=ENT(surface_plancher_construite/60.)+1),C(nombre_place_stationnement_MIN=max(20,nombre_chambre)+ENT(max(nombre_chambre-20),0)/20.)+1)))))'),
(27, '[27] ?RUN(True) @28 [zonage(1)] DEF(.) <travaux_sur_existant(_FROM_commerce_TO_habitation):B(rez_chausee)> {entree_graphique(5)} #INTERDICTION'),
(270, '[270] ?RUN(True) @117 [zonage(1)] DEF(.) <travaux_sur_existant(_TO_bureau)> {.} C(nombre_place_stationnement_construite_MIN=nombre_place_stationnement_detruite)'),
(271, '[271] ?RUN(True) @117 [zonage(1)] DEF(.) <travaux_sur_existant(_TO_commerce)> {.} C(nombre_place_stationnement_construite_MIN=nombre_place_stationnement_detruite)'),
(272, '[272] ?RUN(True) @117 [zonage(1)] DEF(.) <travaux_sur_existant(_TO_artisanat)> {.} C(nombre_place_stationnement_construite_MIN=nombre_place_stationnement_detruite)'),
(273, '[273] ?RUN(True) @117 [zonage(1)] DEF(.) <travaux_sur_existant(_TO_industrie)> {.} C(nombre_place_stationnement_construite_MIN=nombre_place_stationnement_detruite)'),
(274, '[274] ?RUN(True) @117 [zonage(1)] DEF(.) <travaux_sur_existant(_TO_entrepot)> {.} C(nombre_place_stationnement_construite_MIN=nombre_place_stationnement_detruite)'),
(275, '[275] ?RUN(True) @117 [zonage(1)] DEF(.) <travaux_sur_existant(_TO_exploitation_aricole_forestiere)> {.} C(nombre_place_stationnement_construite_MIN=nombre_place_stationnement_detruite)'),
(276, '[276] ?RUN(True) @117 [zonage(1)] DEF(.) <travaux_sur_existant(_TO_cinaspic)> {.} C(nombre_place_stationnement_construite_MIN=nombre_place_stationnement_detruite)'),
(277, '[277] ?RUN(True) @117 [zonage(1)] DEF(.) <travaux_sur_existant(_TO_hebergement_hotelier)> {.} C(nombre_place_stationnement_construite_MIN=nombre_place_stationnement_detruite)'),
(278, '[278] ?RUN(True) @118 [zonage(1)] DEF(.) <construction(_IS_habitation):B(nombre_logement>=2)> {.} QUALI(_contrainte)'),
(279, '[279] ?RUN(True) @118 [zonage(1)] DEF(.) <construction(_IS_habitation):B(nombre_logement>=2)> {.} C(espace_velo_OBL=True)'),
(28, '[28] ?RUN(True) @28 [zonage(1)] DEF(.) <travaux_sur_existant(_FROM_commerce_TO_hebergement_hotelier):B(rez_chausee)> {entree_graphique(5)} #INTERDICTION'),
(280, '[280] ?RUN(True) @118 [zonage(1)] DEF(.) <construction(_IS_bureau)> {.} C(espace_velo_OBL=True)'),
(281, '[281] ?RUN(True) @118 [zonage(1)] DEF(.) <construction(_IS_bureau)> {.} QUALI(_contrainte)'),
(282, '[282] ?RUN(True) @119 [zonage(1)] DEF(.) <construction(_IS_habitation)> {.} C(superficie_espace_velo_MIN=max(0.75*(nombre_logement_1_piece+nombre_logement_2_pieces)+1.5*(nombre_logement-nombre_logement_1_piece-nombre_logement_2_pieces),3.))'),
(283, '[283] ?RUN(True) @119 [zonage(1)] DEF(.) <construction(_IS_bureau)> {.} C(superficie_espace_velo_MIN=0.015*surface_plancher)'),
(284, '[284] ?RUN(True) @119 [zonage(1)] DEF(.) <construction(_IS_bureau)> {.} C(espace_velo_unifie_OBL=False)'),
(285, '[285] ?RUN(True) @119 [zonage(1)] DEF(.) <construction(_IS_commerce):B(surface_plancher>=500.)> {.} QUALI(_contrainte)'),
(286, '[286] ?RUN(True) @119 [zonage(1)] DEF(.) <construction(_IS_commerce):B(surface_plancher>=500.)> {.} C(nombre_place_stationnement_velo_MIN=ENT(nombre_employe/10.))'),
(287, '[287] ?RUN(True) @119 [zonage(1)] DEF(.) <construction(_IS_artisanat):B(surface_plancher>=500.))> {.} QUALI(_contrainte)'),
(288, '[288] ?RUN(True) @119 [zonage(1)] DEF(.) <construction(_IS_artisanat):B(surface_plancher>=500.))> {.} C(nombre_place_stationnement_velo_MIN=ENT(nombre_employe/10.))'),
(289, '[289] ?RUN(True) @119 [zonage(1)] DEF(.) <construction(_IS_hebergement_hotelier):B(surface_plancher>=500.)> {.} QUALI(_contrainte)'),
(29, '[29] ?RUN(True) @28 [zonage(1)] DEF(.) <travaux_sur_existant(_FROM_commerce_TO_bureau):B(rez_chausee)> {entree_graphique(5)} #INTERDICTION'),
(290, '[290] ?RUN(True) @119 [zonage(1)] DEF(.) <construction(_IS_hebergement_hotelier):B(surface_plancher>=500.)> {.} C(nombre_place_stationnement_velo_MIN=ENT(nombre_employe/10.))'),
(291, '[291] ?RUN(True) @119 [zonage(1)] DEF(.) <construction(_IS_habitation)> {.} C(nombre_place_stationnement_velo_MIN=ENT(nombre_employe/10.))'),
(292, '[292] ?RUN(True) @119 [zonage(1)] DEF(.) <construction(_IS_cinaspic)> {.} QUALI(_contrainte)'),
(293, '[293] ?RUN(True) @119 [zonage(1)] DEF(.) <construction(_IS_ecole)> {.} QUALI(_contrainte)'),
(294, '[294] ?RUN(True) @119 [zonage(1)] DEF(.) <construction(_IS_ecole)> {.} C(nombre_place_stationnement_velo_MAX=ENT(nombre_eleve/8.))'),
(295, '[295] ?RUN(True) @119 [zonage(1)] DEF(.) <construction(_IS_ecole)> {.} C(nombre_place_stationnement_velo_MIN=ENT(nombre_eleve/12.))'),
(296, '[296] ?RUN(True) @(120,121) [zonage(1)] DEF(.) <construction(_IS_hbureau)> {.} !PACKAGE(27,28)'),
(297, '[297] ?RUN(True) @(120,121) [zonage(1)] DEF(.) <construction(_IS_bureau)> {.} QUALI(_contrainte)'),
(298, '[298] ?RUN(True) @(120,121) [zonage(1)] DEF(.) <construction(_IS_habitation):B(nombre_logement>=2)> {.} !PACKAGE(27,28)'),
(299, '[299] ?RUN(True) @(120,121) [zonage(1)] DEF(.) <construction(_IS_habitation):B(nombre_logement>=2)> {.} QUALI(_contrainte)'),
(3, '[3] ?RUN(True) @4 [.] DEF(.) <general> {entree_graphique(1)} QUALI(_justification)'),
(30, '[30] ?RUN(True) @28 [zonage(1)] DEF(.) <travaux_sur_existant(_FROM_commerce_TO_industrie):B(rez_chausee)> {entree_graphique(5)} #INTERDICTION'),
(300, '[300] ?RUN(True) @122 [zonage(1)] DEF(.) <construction:B(emplacement_stationnement)> {.} C(longueur_emplacement_stationnement=5.)'),
(301, '[301] ?RUN(True) @122 [zonage(1)] DEF(.) <construction:B(emplacement_stationnement)> {.} C(largeur_emplacement_stationnement=2.5)'),
(302, '[302] ?RUN(True) @122 [zonage(1)] DEF(.) <construction:B(emplacement_stationnement)> {.} C(longueur_degagement_emplacement_stationnement=5.)'),
(303, '[303] ?RUN(True) @123 [zonage(1)] DEF(.) <construction:B(aire_stationnement):B(nombre_emplacement>=3)> {.} C(aire_materialisee_au_sol_OBL=True)'),
(304, '[304] ?RUN(True) @(124,125) [zonage(1)] DEF(.) <construction:B(rampe_acces_sous_sol)> {.} C(pente_rampe_acces_m5_MAX=0.05)'),
(305, '[305] ?RUN(True) @(124,125) [zonage(1)] DEF(.) <construction:B(rampe_acces_sous_sol)> {.} QUALI(_contrainte)'),
(306, '[306] ?RUN(True) @126 [zonage(1)] DEF(.) <construction(_IS_habitation):B(nombre_logement>=3)> {B(type_rampe_acces==sens_unique)} C(largeur_rampe_acces_IDE=3.5)'),
(307, '[307] ?RUN(True) @126 [zonage(1)] DEF(.) <construction(_IS_bureau)> {B(type_rampe_acces==sens_unique)} C(largeur_rampe_acces_IDE=3.5)'),
(308, '[308] ?RUN(True) @126 [zonage(1)] DEF(.) <construction(_IS_commerce)> {B(type_rampe_acces==sens_unique)} C(largeur_rampe_acces_IDE=3.5)'),
(309, '[309] ?RUN(True) @126 [zonage(1)] DEF(.) <construction(_IS_artisanat)> {B(type_rampe_acces==sens_unique)} C(largeur_rampe_acces_IDE=3.5)'),
(31, '[31] ?RUN(True) @28 [zonage(1)] DEF(.) <travaux_sur_existant(_FROM_commerce_TO_entrepot):B(rez_chausee)> {entree_graphique(5)} #INTERDICTION'),
(310, '[310] ?RUN(True) @126 [zonage(1)] DEF(.) <construction(_IS_industrie)> {B(type_rampe_acces==sens_unique)} C(largeur_rampe_acces_IDE=3.5)'),
(311, '[311] ?RUN(True) @126 [zonage(1)] DEF(.) <construction(_IS_hebergement_hotelier)> {B(type_rampe_acces==sens_unique)} C(largeur_rampe_acces_IDE=3.5)'),
(312, '[312] ?RUN(True) @126 [zonage(1)] DEF(.) <construction(_IS_entrepot)> {B(type_rampe_acces==sens_unique)} C(largeur_rampe_acces_IDE=3.5)'),
(313, '[313] ?RUN(True) @126 [zonage(1)] DEF(.) <construction(_IS_exploitation_agricole_forestiere)> {B(type_rampe_acces==sens_unique)} C(largeur_rampe_acces_IDE=3.5)'),
(314, '[314] ?RUN(True) @126 [zonage(1)] DEF(.) <construction(_IS_cinaspic)> {B(type_rampe_acces==sens_unique)} C(largeur_rampe_acces_IDE=3.5)'),
(315, '[315] ?RUN(True) @126 [zonage(1)] DEF(.) <construction(_IS_habitation):B(nombre_logement>=3)> {B(type_rampe_acces==double_sensANDnombre_places_desservies_rampe_acces<=30)} C(largeur_rampe_acces_IDE=3.5)'),
(316, '[316] ?RUN(True) @126 [zonage(1)] DEF(.) <construction(_IS_bureau)> {B(type_rampe_acces==double_sensANDnombre_places_desservies_rampe_acces<=30)} C(largeur_rampe_acces_IDE=3.5)'),
(317, '[317] ?RUN(True) @126 [zonage(1)] DEF(.) <construction(_IS_commerce)> {B(type_rampe_acces==double_sensANDnombre_places_desservies_rampe_acces<=30)} C(largeur_rampe_acces_IDE=3.5)'),
(318, '[318] ?RUN(True) @126 [zonage(1)] DEF(.) <construction(_IS_artisanat)> {B(type_rampe_acces==double_sensANDnombre_places_desservies_rampe_acces<=30)} C(largeur_rampe_acces_IDE=3.5)'),
(319, '[319] ?RUN(True) @126 [zonage(1)] DEF(.) <construction(_IS_industrie)> {B(type_rampe_acces==double_sensANDnombre_places_desservies_rampe_acces<=30)} C(largeur_rampe_acces_IDE=3.5)'),
(32, '[32] ?RUN(True) @28 [zonage(1)] DEF(.) <travaux_sur_existant(_FROM_commerce_TO_exploitation_agricole_forestiere):B(rez_chausee)> {entree_graphique(5)} #INTERDICTION'),
(320, '[320] ?RUN(True) @126 [zonage(1)] DEF(.) <construction(_IS_hebergement_hotelier)> {B(type_rampe_acces==double_sensANDnombre_places_desservies_rampe_acces<=30)} C(largeur_rampe_acces_IDE=3.5)'),
(321, '[321] ?RUN(True) @126 [zonage(1)] DEF(.) <construction(_IS_entrepot)> {B(type_rampe_acces==double_sensANDnombre_places_desservies_rampe_acces<=30)} C(largeur_rampe_acces_IDE=3.5)'),
(322, '[322] ?RUN(True) @126 [zonage(1)] DEF(.) <construction(_IS_exploitation_agricole_forestiere)> {B(type_rampe_acces==double_sensANDnombre_places_desservies_rampe_acces<=30)} C(largeur_rampe_acces_IDE=3.5)'),
(323, '[323] ?RUN(True) @126 [zonage(1)] DEF(.) <construction(_IS_cinaspic)> {B(type_rampe_acces==double_sensANDnombre_places_desservies_rampe_acces<=30)} C(largeur_rampe_acces_IDE=3.5)'),
(324, '[324] ?RUN(True) @126 [zonage(1)] DEF(.) <construction(_IS_habitation):B(nombre_logement>=3)> {B(type_rampe_acces==double_sensANDnombre_places_desservies_rampe_acces>=30)} C(largeur_rampe_acces_IDE=6.5)'),
(325, '[325] ?RUN(True) @126 [zonage(1)] DEF(.) <construction(_IS_bureau)> {B(type_rampe_acces==double_sensANDnombre_places_desservies_rampe_acces>=30)} C(largeur_rampe_acces_IDE=6.5)'),
(326, '[326] ?RUN(True) @126 [zonage(1)] DEF(.) <construction(_IS_commerce)> {B(type_rampe_acces==double_sensANDnombre_places_desservies_rampe_acces>=30)} C(largeur_rampe_acces_IDE=6.5)'),
(327, '[327] ?RUN(True) @126 [zonage(1)] DEF(.) <construction(_IS_artisanat)> {B(type_rampe_acces==double_sensANDnombre_places_desservies_rampe_acces>=30)} C(largeur_rampe_acces_IDE=6.5)'),
(328, '[328] ?RUN(True) @126 [zonage(1)] DEF(.) <construction(_IS_industrie)> {B(type_rampe_acces==double_sensANDnombre_places_desservies_rampe_acces>=30)} C(largeur_rampe_acces_IDE=6.5)'),
(329, '[329] ?RUN(True) @126 [zonage(1)] DEF(.) <construction(_IS_hebergement_hotelier)> {B(type_rampe_acces==double_sensANDnombre_places_desservies_rampe_acces>=30)} C(largeur_rampe_acces_IDE=6.5)'),
(33, '[33] ?RUN(True) @28 [zonage(1)] DEF(.) <travaux_sur_existant(_FROM_commerce_TO_cinaspic):B(rez_chausee)> {entree_graphique(5)} #INTERDICTION'),
(330, '[330] ?RUN(True) @126 [zonage(1)] DEF(.) <construction(_IS_entrepot)> {B(type_rampe_acces==double_sensANDnombre_places_desservies_rampe_acces>=30)} C(largeur_rampe_acces_IDE=6.5)'),
(331, '[331] ?RUN(True) @126 [zonage(1)] DEF(.) <construction(_IS_exploitation_agricole_forestiere)> {B(type_rampe_acces==double_sensANDnombre_places_desservies_rampe_acces>=30)} C(largeur_rampe_acces_IDE=6.5)'),
(332, '[332] ?RUN(True) @126 [zonage(1)] DEF(.) <construction(_IS_cinaspic)> {B(type_rampe_acces==double_sensANDnombre_places_desservies_rampe_acces>=30)} C(largeur_rampe_acces_IDE=6.5)'),
(333, '[333] ?RUN(True) @126 [zonage(1)] DEF(.) <construction(_IS_bureau)> {.} C(rayon_interieur_rampe_acces_MIN=5.)'),
(334, '[334] ?RUN(True) @126 [zonage(1)] DEF(.) <construction(_IS_commerce)> {.} C(rayon_interieur_rampe_acces_MIN=5.)'),
(335, '[335] ?RUN(True) @126 [zonage(1)] DEF(.) <construction(_IS_artisanat)> {.} C(rayon_interieur_rampe_acces_MIN=5.)'),
(336, '[336] ?RUN(True) @126 [zonage(1)] DEF(.) <construction(_IS_industrie)> {.} C(rayon_interieur_rampe_acces_MIN=5.)'),
(337, '[337] ?RUN(True) @126 [zonage(1)] DEF(.) <construction(_IS_hebergement_hotelier)> {.} C(rayon_interieur_rampe_acces_MIN=5.)'),
(338, '[338] ?RUN(True) @126 [zonage(1)] DEF(.) <construction(_IS_entrepot)> {.} C(rayon_interieur_rampe_acces_MIN=5.)'),
(339, '[339] ?RUN(True) @126 [zonage(1)] DEF(.) <construction(_IS_exploitation_agricole_forestiere)> {.} C(rayon_interieur_rampe_acces_MIN=5.)'),
(34, '[34] ?RUN(True) @29 [zonage(1)] DEF(.) <construction(_IS_habitation):B((surface_plancher>=400.)OR(nombre_logement>=10))> {B(taux_logement_locatifs_sociaux>=0.25)} #AUTORISATION'),
(340, '[340] ?RUN(True) @126 [zonage(1)] DEF(.) <construction(_IS_cinaspic)> {.} C(rayon_interieur_rampe_acces_MIN=5.)'),
(341, '[341] ?RUN(True) @126 [zonage(1)] DEF(.) <construction(_IS_habitation):B(nombre_logement>=3)> {.} C(rayon_interieur_rampe_acces_MIN=5.)'),
(342, '[342] ?RUN(True) @126 [zonage(1)] DEF(.) <construction(_IS_habitation):B(nombre_logement>=3)> {B(type_rampe_acces==sens_unique)} C(rayon_exterieur_rampe_acces_MIN=3.5+rayon_interieur_rampe_acces)'),
(343, '[343] ?RUN(True) @126 [zonage(1)] DEF(.) <construction(_IS_bureau)> {B(type_rampe_acces==sens_unique)} C(rayon_exterieur_rampe_acces_MIN=3.5+rayon_interieur_rampe_acces)'),
(344, '[344] ?RUN(True) @126 [zonage(1)] DEF(.) <construction(_IS_commerce)> {B(type_rampe_acces==sens_unique)} C(rayon_exterieur_rampe_acces_MIN=3.5+rayon_interieur_rampe_acces)'),
(345, '[345] ?RUN(True) @126 [zonage(1)] DEF(.) <construction(_IS_artisanat)> {B(type_rampe_acces==sens_unique)} C(rayon_exterieur_rampe_acces_MIN=3.5+rayon_interieur_rampe_acces)'),
(346, '[346] ?RUN(True) @126 [zonage(1)] DEF(.) <construction(_IS_industrie)> {B(type_rampe_acces==sens_unique)} C(rayon_exterieur_rampe_acces_MIN=3.5+rayon_interieur_rampe_acces)'),
(347, '[347] ?RUN(True) @126 [zonage(1)] DEF(.) <construction(_IS_hebergement_hotelier)> {B(type_rampe_acces==sens_unique)} C(rayon_exterieur_rampe_acces_MIN=3.5+rayon_interieur_rampe_acces)'),
(348, '[348] ?RUN(True) @126 [zonage(1)] DEF(.) <construction(_IS_entrepot)> {B(type_rampe_acces==sens_unique)} C(rayon_exterieur_rampe_acces_MIN=3.5+rayon_interieur_rampe_acces)'),
(349, '[349] ?RUN(True) @126 [zonage(1)] DEF(.) <construction(_IS_exploitation_agricole_forestiere)> {B(type_rampe_acces==sens_unique)} C(rayon_exterieur_rampe_acces_MIN=3.5+rayon_interieur_rampe_acces)'),
(35, '[35] ?RUN(True) @29 [zonage(1)] DEF(hauteur_construction:eq:1) <construction:B(est_annexeANDhauteur_construction<=3.5ANDemprise_au_sol<=15.)> {entree_graphique(6)} #AUTORISATION'),
(350, '[350] ?RUN(True) @126 [zonage(1)] DEF(.) <construction(_IS_cinaspic)> {B(type_rampe_acces==sens_unique)} C(rayon_exterieur_rampe_acces_MIN=3.5+rayon_interieur_rampe_acces)'),
(351, '[351] ?RUN(True) @126 [zonage(1)] DEF(.) <construction(_IS_habitation):B(nombre_logement>=3)> {.} C(rayon_exterieur_rampe_acces_MIN=6.+rayon_interieur_rampe_acces)'),
(352, '[352] ?RUN(True) @126 [zonage(1)] DEF(.) <construction(_IS_bureau)> {.} C(rayon_exterieur_rampe_acces_MIN=6.+rayon_interieur_rampe_acces)'),
(353, '[353] ?RUN(True) @126 [zonage(1)] DEF(.) <construction(_IS_commerce)> {.} C(rayon_exterieur_rampe_acces_MIN=6.+rayon_interieur_rampe_acces)'),
(354, '[354] ?RUN(True) @126 [zonage(1)] DEF(.) <construction(_IS_artisanat)> {.} C(rayon_exterieur_rampe_acces_MIN=6.+rayon_interieur_rampe_acces)'),
(355, '[355] ?RUN(True) @126 [zonage(1)] DEF(.) <construction(_IS_industrie)> {.} C(rayon_exterieur_rampe_acces_MIN=6.+rayon_interieur_rampe_acces)'),
(356, '[356] ?RUN(True) @126 [zonage(1)] DEF(.) <construction(_IS_hebergement_hotelier)> {.} C(rayon_exterieur_rampe_acces_MIN=6.+rayon_interieur_rampe_acces)'),
(357, '[357] ?RUN(True) @126 [zonage(1)] DEF(.) <construction(_IS_entrepot)> {.} C(rayon_exterieur_rampe_acces_MIN=6.+rayon_interieur_rampe_acces)'),
(358, '[358] ?RUN(True) @126 [zonage(1)] DEF(.) <construction(_IS_exploitation_agricole_forestiere)> {.} C(rayon_exterieur_rampe_acces_MIN=6.+rayon_interieur_rampe_acces)'),
(359, '[359] ?RUN(True) @126 [zonage(1)] DEF(.) <construction(_IS_cinaspic)> {.} C(rayon_exterieur_rampe_acces_MIN=6.+rayon_interieur_rampe_acces)'),
(36, '[36] ?RUN(alt_level(1)==1) @30 [zonage(1)] DEF(.) <general> {.} C(accessible_par_voie_carossable_OBL=True)'),
(360, '[360] ?RUN(True) @(127,128) [zonage(1)] DEF(.) <construction> {.} QUALI(_contrainte)'),
(361, '[361] ?RUN(True) @129 [zonage(6)] DEF(.) <construction> {.} C(proportion_espace_vert_amenage_MIN=0.05)'),
(362, '[362] ?RUN(True) @130 [zonage(1)] DEF(.) <construction:B(espace_vegetalise_sur_dalle)> {.} C(epaisseur_terre_vegetale_espace_vert_MIN=0.8)'),
(363, '[363] ?RUN(True) @130 [zonage(1)] DEF(.) <construction:B(espace_vegetalise_sur_dalle)> {.} QUALI(_contrainte)'),
(364, '[364] ?RUN(True) @131 [zonage(1)] DEF(.) <general> {.} C(hauteur_arbres_a_implantation_MIN=2.4)'),
(365, '[365] ?RUN(True) @131 [zonage(1)] DEF(.) <general> {.} C(nombre_arbre_MIN==ENT(surface_espace_libre/200.)+1)'),
(366, '[366] ?RUN(True) @132 [zonage(1)] DEF(.) <general> {.} QUALI(_contrainte)'),
(367, '[367] ?RUN(True) @133 [zonage(1)] DEF(.) <general> {entree_graphique(3)} QUALI(_contrainte)'),
(368, '[368] ?RUN(True) @134 [zonage(1)] DEF(.) <general> {entree_graphique(3)} QUALI(_contrainte)'),
(369, '[369] ?RUN(True) @135 [zonage(1)] DEF(.) <construction> {entree_graphique(3)} C(marge_recul_arbre=5.)'),
(37, '[37] ?RUN(alt_level(1)==2) @30 [zonage(1)] DEF(.) <general> {.} C(accessible_par_servitude_passage_OBL=True)'),
(370, '[370] ?RUN(True) @136 [zonage(1)] DEF(.) <general> {entree_graphique(4)} !PACKAGE(29)'),
(371, '[371] ?RUN(True) @138 [zonage(1)] DEF(.) <general> {.} QUALI(_information)'),
(372, '[372] ?RUN(True) @139 [zonage(1)] DEF(.) <general> {.} QUALI(_contrainte)'),
(373, '[373] ?RUN(True) @140 [zonage(1)] DEF(.) <general> {.} QUALI(_contrainte)'),
(374, '[374] ?RUN(True) @141 [zonage(1)] DEF(.) <construction(_IS_habitation):B(nombre_logement>=3)> {.} C(connexion_reseau_haut_debit_OBL=True)'),
(375, '[375] ?RUN(True) @141 [zonage(1)] DEF(.) <construction(_IS_bureau)> {.} C(connexion_reseau_haut_debit_OBL=True)'),
(376, '[376] ?RUN(True) @141 [zonage(1)] DEF(.) <construction(_IS_hebergement_hotelier)> {.} C(connexion_reseau_haut_debit_OBL=True)'),
(38, '[38] ?RUN(True) @31 [zonage(1)] DEF(.) <general:B(voie_acces_terrain)> {.} QUALI(_contrainte)'),
(39, '[39] ?RUN(True) @32 [zonage(1)] DEF(.) <general:B(voie_acces_terrain)> {.} !PACKAGE(25)'),
(4, '[4] ?RUN(True) @4 [.] DEF(.) <general> {entree_graphique(1)} QUALI(_contrainte)'),
(40, '[40] ?RUN(True) @34 [zonage(1)] DEF(.) <general:B(acces_terrain)> {.} QUALI(_contrainte)'),
(41, '[41] ?RUN(True) @34 [zonage(1)] DEF(.) <general:B(acces_terrain)> {.} !PACKAGE(25)'),
(42, '[42] ?RUN(True) @35 [zonage(1)] DEF(.) <general:B(acces_terrain)> {.} QUALI(_contrainte)'),
(43, '[43] ?RUN(True) @35 [zonage(1)] DEF(.) <general:B(acces_terrain)> {B(nombre_voie_acces_terrain>=2)} QUALI(_contrainte)'),
(44, '[44] ?RUN(True) @36 [zonage(1)] DEF(.) <construction:B(accesANDacces_terrain_sous_porche))> {.} C(hauteur_libre_sous_porche_MIN=5.)'),
(45, '[45] ?RUN(True) @37 [zonage(1)] DEF(.) <construction(_IS_habitation):B(voie_acces_terrain)> {B(nombre_logement_desservi<=10)} C(emprise_voie_acces_terrain_MIN=3)'),
(46, '[46] ?RUN(True) @38 [zonage(1)] DEF(.) <construction(_IS_habitation):B(nombre_logement_desservi>=10)> {.} C(emprise_voie_acces_terrain_MIN=4)'),
(47, '[47] ?RUN(True) @38 [zonage(1)] DEF(.) <construction(_IS_habitation):B(nombre_logement_desservi>=10)> {.} !PACKAGE(25)'),
(48, '[48] ?RUN(True) @38 [zonage(1)] DEF(.) <construction(_IS_bureau)> {.} C(emprise_voie_acces_terrain_MIN=4)'),
(49, '[49] ?RUN(True) @38 [zonage(1)] DEF(.) <construction(_IS_commerce)> {.} C(emprise_voie_acces_terrain_MIN=4)'),
(5, '[5] ?RUN(True) @5 [.] DEF(.) <general> {entree_graphique(1)} !PACKAGE(2)'),
(50, '[50] ?RUN(True) @38 [zonage(1)] DEF(.) <construction(_IS_artisanat)> {.} C(emprise_voie_acces_terrain_MIN=4)'),
(51, '[51] ?RUN(True) @38 [zonage(1)] DEF(.) <construction(_IS_industrie)> {.} C(emprise_voie_acces_terrain_MIN=4)'),
(52, '[52] ?RUN(True) @38 [zonage(1)] DEF(.) <construction(_IS_hebergement_hotelier)> {.} C(emprise_voie_acces_terrain_MIN=4)'),
(53, '[53] ?RUN(True) @38 [zonage(1)] DEF(.) <construction(_IS_entrepot)> {.} C(emprise_voie_acces_terrain_MIN=4)'),
(54, '[54] ?RUN(True) @38 [zonage(1)] DEF(.) <construction(_IS_exploitation_agricole_forestiere)> {.} C(emprise_voie_acces_terrain_MIN=4)'),
(55, '[55] ?RUN(True) @38 [zonage(1)] DEF(.) <construction(_IS_cinaspic)> {.} C(emprise_voie_acces_terrain_MIN=4)'),
(56, '[56] ?RUN(True) @38 [zonage(1)] DEF(.) <construction(_IS_bureau)> {.} !PACKAGE(25)'),
(57, '[57] ?RUN(True) @38 [zonage(1)] DEF(.) <construction(_IS_commerce)> {.} !PACKAGE(25)'),
(58, '[58] ?RUN(True) @38 [zonage(1)] DEF(.) <construction(_IS_artisanat)> {.} !PACKAGE(25)'),
(59, '[59] ?RUN(True) @38 [zonage(1)] DEF(.) <construction(_IS_industrie)> {.} !PACKAGE(25)'),
(6, '[6] ?RUN(True) @6 [.] DEF(.) <construction> {entree_graphique(2)} #INTERDICTION'),
(60, '[60] ?RUN(True) @38 [zonage(1)] DEF(.) <construction(_IS_hebergement_hotelier)> {.} !PACKAGE(25)'),
(61, '[61] ?RUN(True) @38 [zonage(1)] DEF(.) <construction(_IS_entrepot)> {.} !PACKAGE(25)'),
(62, '[62] ?RUN(True) @38 [zonage(1)] DEF(.) <construction(_IS_exploitation_agricole_forestiere)> {.} !PACKAGE(25)'),
(63, '[63] ?RUN(True) @38 [zonage(1)] DEF(.) <construction(_IS_cinaspic)> {.} !PACKAGE(25)'),
(64, '[64] ?RUN(True) @38 [zonage(1)] DEF(.) <construction(_IS_habitation):B(nombre_logement_desservi>=10)> {B(voie_acces_terrain_en_impasse)} QUALI(_contrainte)'),
(65, '[65] ?RUN(True) @38 [zonage(1)] DEF(.) <construction(_IS_bureau)> {B(voie_acces_terrain_en_impasse)} QUALI(_contrainte)'),
(66, '[66] ?RUN(True) @38 [zonage(1)] DEF(.) <construction(_IS_commerce)> {B(voie_acces_terrain_en_impasse)} QUALI(_contrainte)'),
(67, '[67] ?RUN(True) @38 [zonage(1)] DEF(.) <construction(_IS_artisanat)> {B(voie_acces_terrain_en_impasse)} QUALI(_contrainte)'),
(68, '[68] ?RUN(True) @38 [zonage(1)] DEF(.) <construction(_IS_industrie)> {B(voie_acces_terrain_en_impasse)} QUALI(_contrainte)'),
(69, '[69] ?RUN(True) @38 [zonage(1)] DEF(.) <construction(_IS_hebergement_hotelier)> {B(voie_acces_terrain_en_impasse)} QUALI(_contrainte)'),
(7, '[7] ?RUN(True) @6 [.] DEF(.) <construction:B(cloture)> {entree_graphique(2)} #INTERDICTION'),
(70, '[70] ?RUN(True) @38 [zonage(1)] DEF(.) <construction(_IS_entrepot)> {B(voie_acces_terrain_en_impasse)} QUALI(_contrainte)'),
(71, '[71] ?RUN(True) @38 [zonage(1)] DEF(.) <construction(_IS_exploitation_agricole_forestiere)> {B(voie_acces_terrain_en_impasse)} QUALI(_contrainte)'),
(72, '[72] ?RUN(True) @38 [zonage(1)] DEF(.) <construction(_IS_cinaspic)> {B(voie_acces_terrain_en_impasse)} QUALI(_contrainte)'),
(73, '[73] ?RUN(True) @39 [zonage(1)] DEF(.) <construction> {.} C(raccord_reseau_eau_potable_OBL=True)'),
(74, '[74] ?RUN(True) @39 [zonage(1)] DEF(.) <construction> {.} C(raccord_reseau_electricite_OBL=True)'),
(75, '[75] ?RUN(True) @39 [zonage(1)] DEF(.) <construction> {.} C(raccord_reseau_assainissement_OBL=True)'),
(76, '[76] ?RUN(True) @40 [zonage(1)] DEF(.) <construction> {.} C(raccord_reseau_eau_potable_OBL=True)'),
(77, '[77] ?RUN(True) @40 [zonage(1)] DEF(.) <construction:B(raccordement_reseau_eau_potable)> {.} !PACKAGE(26)'),
(78, '[78] ?RUN(True) @41 [zonage(1)] DEF(.) <construction:B(raccordement_reseau_assainissement)> {.} QUALI(_contrainte)'),
(79, '[79] ?RUN(True) @42 [zonage(1)] DEF(.) <construction:B(raccordement_reseau_assainissement)> {.} !PACKAGE(26)'),
(8, '[8] ?RUN(True) @6 [.] DEF(.) <construction:B(portail)> {entree_graphique(2)} #INTERDICTION'),
(80, '[80] ?RUN(True) @43 [zonage(1)] DEF(.) <construction:B(raccordement_reseau_assainissement)> {.} QUALI(_contrainte)'),
(81, '[81] ?RUN(MAYBE) @44 [zonage(1)] DEF(.) <construction:B(raccordement_reseau_assainissement)> {.} QUALI(_contrainte)'),
(82, '[82] ?RUN(True) @44 [zonage(1)] DEF(.) <construction:B(raccordement_reseau_assainissement)> {.} !PACKAGE(26)'),
(83, '[83] ?RUN(alt_level(2)==1) @45 [zonage(1)] DEF(.) <construction:B(raccordement_reseau_assainissement)> {.} QUALI(_contrainte)'),
(84, '[84] ?RUN(alt_level(2)==1) @45 [zonage(1)] DEF(.) <construction:B(raccordement_reseau_assainissement)> {entree_graphique(7)} QUALI(_contrainte)'),
(85, '[85] ?RUN(alt_level(2)==2) @45 [zonage(1)] DEF(.) <construction:B(raccordement_reseau_assainissement)> {.} C(debit_rejet_reseau_assainissement_MAX=2.)'),
(86, '[86] ?RUN(alt_level(2)==2) @45 [zonage(1)] DEF(.) <construction:B(raccordement_reseau_assainissement)> {.} QUALI(_contrainte)'),
(87, '[87] ?RUN(MAYBE) @46 [zonage(1)] DEF(.) <construction:B(raccordement_reseau_assainissement)> {.} C(rejet_infiltration_pretraite_OBL=True)'),
(88, '[88] ?RUN(alt_level(3)==1) @47 [zonage(1)] DEF(.) <construction:B(raccordement_reseau_electricite)> {.} C(raccordement_reseau_electricite_methode_1_OBL=True)'),
(89, '[89] ?RUN(alt_level(3)==2) @47 [zonage(1)] DEF(.) <construction:B(raccordement_reseau_electricite)> {.} C(raccordement_reseau_electricite_methode_2_AUT=True)'),
(9, '[9] ?RUN(True) @6 [.] DEF(.) <construction:B(portillon)> {entree_graphique(2)} #INTERDICTION'),
(90, '[90] ?RUN(True) @48 [zonage(1)] DEF(.) <construction> {.} QUALI(_contrainte)'),
(91, '[91] ?RUN(True) @50 [zonage(1)] DEF(.) <construction> {.} C(implantation_alignement_6_AUT=True)'),
(92, '[92] ?RUN(True) @50 [zonage(1)] DEF(.) <construction> {.} C(implantation_retrait_6_AUT=True)'),
(93, '[93] ?RUN(True) @50 [zonage(1)] DEF(.) <construction> {.} C(marge_retrait_6=3.)'),
(94, '[94] ?RUN(True) @51 [zonage(5)] DEF(.) <construction> {entree_graphique(8)} C(implantation_alignement_6_OBL=True)'),
(95, '[95] ?RUN(True) @51 [zonage(6)] DEF(.) <construction> {entree_graphique(8)} C(implantation_alignement_6_OBL=True)'),
(96, '[96] ?RUN(True) @52 [zonage(6)] DEF(.) <construction> {entree_graphique(9)} C(implantation_retrait_6_OBL=True)'),
(97, '[97] ?RUN(True) @53 [zonage(1)] DEF(.) <construction:B(saillie_alignement_6)> {B(largeur_voie_publique_pour_saillie_alignement_6>=8.ANDtaille_saillie_alignement_6<=1.2ANDhauteur_saillie_alignement_6>=5.5)} #AUTORISATION'),
(98, '[98] ?RUN(True) @53 [zonage(1)] DEF(.) <isolation_par_exterieur:B(isolation_en_saillie_alignement_6)> {B(date_construction<=%date_approbation)} #AUTORISATION'),
(99, '[99] ?RUN(True) @53 [zonage(1)] DEF(.) <acces_batiment> {.} QUALI(_contrainte)');

CREATE TABLE `RegleRun` (
  `id_regle` int(3) PRIMARY KEY,
  `run_true` tinyint(1) DEFAULT NULL,
  `run_mb` tinyint(1) DEFAULT NULL,
  `run_except` tinyint(1) DEFAULT NULL,
  `run_alt` tinyint(1) DEFAULT NULL
) ENGINE=InnoDB DEFAULT CHARSET=utf8;

INSERT INTO `RegleRun` (`id_regle`, `run_true`, `run_mb`, `run_except`, `run_alt`) VALUES
(1, 1, 0, 0, 0),
(10, 1, 0, 0, 0),
(100, 1, 0, 0, 0),
(101, 1, 0, 0, 0),
(102, 1, 0, 0, 0),
(103, 1, 0, 0, 0),
(104, 1, 0, 0, 0),
(105, 1, 0, 0, 0),
(106, 1, 0, 0, 0),
(107, 1, 0, 0, 0),
(108, 1, 0, 0, 0),
(109, 1, 0, 0, 0),
(11, 1, 0, 0, 0),
(110, 1, 0, 0, 0),
(111, 1, 0, 0, 0),
(112, 0, 0, 1, 0),
(113, 1, 0, 0, 0),
(114, 1, 0, 0, 0),
(115, 1, 0, 0, 0),
(116, 1, 0, 0, 0),
(117, 1, 0, 0, 0),
(118, 1, 0, 0, 0),
(119, 1, 0, 0, 0),
(12, 1, 0, 0, 0),
(120, 1, 0, 0, 0),
(121, 0, 0, 1, 0),
(122, 0, 0, 1, 0),
(123, 0, 0, 1, 0),
(124, 0, 0, 1, 0),
(126, 0, 0, 1, 0),
(127, 1, 0, 0, 0),
(128, 1, 0, 0, 0),
(129, 1, 0, 0, 0),
(13, 1, 0, 0, 0),
(130, 1, 0, 0, 0),
(131, 1, 0, 0, 0),
(132, 1, 0, 0, 0),
(133, 1, 0, 0, 0),
(134, 1, 0, 0, 0),
(135, 1, 0, 0, 0),
(136, 1, 0, 0, 0),
(137, 1, 0, 0, 0),
(138, 1, 0, 0, 0),
(139, 1, 0, 0, 0),
(14, 1, 0, 0, 0),
(140, 1, 0, 0, 0),
(141, 1, 0, 0, 0),
(142, 1, 0, 0, 0),
(143, 1, 0, 0, 0),
(144, 1, 0, 0, 0),
(145, 1, 0, 0, 0),
(146, 1, 0, 0, 0),
(147, 1, 0, 0, 0),
(148, 1, 0, 0, 0),
(149, 1, 0, 0, 0),
(15, 1, 0, 0, 0),
(150, 1, 0, 0, 0),
(151, 1, 0, 0, 0),
(152, 1, 0, 0, 0),
(153, 1, 0, 0, 0),
(154, 1, 0, 0, 0),
(155, 1, 0, 0, 0),
(156, 1, 0, 0, 0),
(157, 0, 1, 0, 0),
(158, 1, 0, 0, 0),
(159, 0, 1, 0, 0),
(16, 1, 0, 0, 0),
(160, 1, 0, 0, 0),
(161, 1, 0, 0, 0),
(162, 1, 0, 0, 0),
(163, 1, 0, 0, 0),
(164, 1, 0, 0, 0),
(165, 1, 0, 0, 0),
(166, 1, 0, 0, 0),
(167, 1, 0, 0, 0),
(168, 1, 0, 0, 0),
(169, 0, 1, 0, 0),
(17, 1, 0, 0, 0),
(170, 0, 1, 0, 0),
(171, 1, 0, 0, 0),
(172, 1, 0, 0, 0),
(173, 1, 0, 0, 0),
(174, 1, 0, 0, 0),
(175, 0, 0, 0, 1),
(176, 0, 0, 0, 1),
(177, 0, 0, 0, 1),
(178, 1, 0, 0, 0),
(179, 1, 0, 0, 0),
(18, 1, 0, 0, 0),
(180, 1, 0, 0, 0),
(181, 1, 0, 0, 0),
(182, 1, 0, 0, 0),
(183, 1, 0, 0, 0),
(184, 1, 0, 0, 0),
(185, 1, 0, 0, 0),
(186, 1, 0, 0, 0),
(187, 1, 0, 0, 0),
(188, 1, 0, 0, 0),
(189, 1, 0, 0, 0),
(19, 1, 0, 0, 0),
(190, 1, 0, 0, 0),
(191, 0, 0, 1, 0),
(192, 0, 0, 1, 0),
(193, 0, 0, 1, 0),
(194, 0, 0, 1, 0),
(195, 0, 0, 1, 0),
(196, 0, 0, 1, 0),
(197, 0, 0, 1, 0),
(198, 0, 0, 1, 0),
(199, 0, 0, 1, 0),
(2, 1, 0, 0, 0),
(20, 1, 0, 0, 0),
(200, 0, 0, 1, 0),
(201, 0, 0, 1, 0),
(202, 0, 0, 1, 0),
(203, 1, 0, 0, 0),
(204, 1, 0, 0, 0),
(205, 1, 0, 0, 0),
(206, 0, 0, 0, 1),
(207, 0, 0, 0, 1),
(208, 0, 0, 0, 1),
(209, 0, 0, 0, 1),
(21, 1, 0, 0, 0),
(210, 0, 0, 0, 1),
(211, 0, 0, 0, 1),
(212, 0, 0, 0, 1),
(213, 0, 0, 0, 1),
(214, 0, 0, 0, 1),
(215, 0, 0, 0, 1),
(216, 0, 0, 0, 1),
(217, 0, 0, 0, 1),
(218, 0, 0, 0, 1),
(219, 0, 0, 0, 1),
(22, 1, 0, 0, 0),
(220, 0, 0, 0, 1),
(221, 0, 0, 0, 1),
(222, 0, 0, 0, 1),
(223, 0, 0, 0, 1),
(224, 1, 0, 0, 0),
(225, 1, 0, 0, 0),
(226, 1, 0, 0, 0),
(227, 1, 0, 0, 0),
(228, 1, 0, 0, 0),
(229, 1, 0, 0, 0),
(23, 1, 0, 0, 0),
(230, 1, 0, 0, 0),
(231, 1, 0, 0, 0),
(232, 1, 0, 0, 0),
(233, 1, 0, 0, 0),
(234, 1, 0, 0, 0),
(235, 1, 0, 0, 0),
(236, 1, 0, 0, 0),
(237, 1, 0, 0, 0),
(238, 1, 0, 0, 0),
(239, 1, 0, 0, 0),
(24, 1, 0, 0, 0),
(240, 1, 0, 0, 0),
(241, 1, 0, 0, 0),
(242, 1, 0, 0, 0),
(243, 1, 0, 0, 0),
(244, 1, 0, 0, 0),
(245, 1, 0, 0, 0),
(246, 1, 0, 0, 0),
(247, 1, 0, 0, 0),
(248, 1, 0, 0, 0),
(249, 1, 0, 0, 0),
(25, 1, 0, 0, 0),
(250, 1, 0, 0, 0),
(251, 1, 0, 0, 0),
(252, 1, 0, 0, 0),
(253, 1, 0, 0, 0),
(254, 1, 0, 0, 0),
(255, 1, 0, 0, 0),
(256, 1, 0, 0, 0),
(257, 1, 0, 0, 0),
(258, 1, 0, 0, 0),
(259, 1, 0, 0, 0),
(26, 1, 0, 0, 0),
(260, 1, 0, 0, 0),
(261, 1, 0, 0, 0),
(262, 1, 0, 0, 0),
(263, 1, 0, 0, 0),
(264, 1, 0, 0, 0),
(265, 1, 0, 0, 0),
(266, 1, 0, 0, 0),
(267, 1, 0, 0, 0),
(268, 1, 0, 0, 0),
(269, 1, 0, 0, 0),
(27, 1, 0, 0, 0),
(270, 1, 0, 0, 0),
(271, 1, 0, 0, 0),
(272, 1, 0, 0, 0),
(273, 1, 0, 0, 0),
(274, 1, 0, 0, 0),
(275, 1, 0, 0, 0),
(276, 1, 0, 0, 0),
(277, 1, 0, 0, 0),
(278, 1, 0, 0, 0),
(279, 1, 0, 0, 0),
(28, 1, 0, 0, 0),
(280, 1, 0, 0, 0),
(281, 1, 0, 0, 0),
(282, 1, 0, 0, 0),
(283, 1, 0, 0, 0),
(284, 1, 0, 0, 0),
(285, 1, 0, 0, 0),
(286, 1, 0, 0, 0),
(287, 1, 0, 0, 0),
(288, 1, 0, 0, 0),
(289, 1, 0, 0, 0),
(29, 1, 0, 0, 0),
(290, 1, 0, 0, 0),
(291, 1, 0, 0, 0),
(292, 1, 0, 0, 0),
(293, 1, 0, 0, 0),
(294, 1, 0, 0, 0),
(295, 1, 0, 0, 0),
(296, 1, 0, 0, 0),
(297, 1, 0, 0, 0),
(298, 1, 0, 0, 0),
(299, 1, 0, 0, 0),
(3, 1, 0, 0, 0),
(30, 1, 0, 0, 0),
(300, 1, 0, 0, 0),
(301, 1, 0, 0, 0),
(302, 1, 0, 0, 0),
(303, 1, 0, 0, 0),
(304, 1, 0, 0, 0),
(305, 1, 0, 0, 0),
(306, 1, 0, 0, 0),
(307, 1, 0, 0, 0),
(308, 1, 0, 0, 0),
(309, 1, 0, 0, 0),
(31, 1, 0, 0, 0),
(310, 1, 0, 0, 0),
(311, 1, 0, 0, 0),
(312, 1, 0, 0, 0),
(313, 1, 0, 0, 0),
(314, 1, 0, 0, 0),
(315, 1, 0, 0, 0),
(316, 1, 0, 0, 0),
(317, 1, 0, 0, 0),
(318, 1, 0, 0, 0),
(319, 1, 0, 0, 0),
(32, 1, 0, 0, 0),
(320, 1, 0, 0, 0),
(321, 1, 0, 0, 0),
(322, 1, 0, 0, 0),
(323, 1, 0, 0, 0),
(324, 1, 0, 0, 0),
(325, 1, 0, 0, 0),
(326, 1, 0, 0, 0),
(327, 1, 0, 0, 0),
(328, 1, 0, 0, 0),
(329, 1, 0, 0, 0),
(33, 1, 0, 0, 0),
(330, 1, 0, 0, 0),
(331, 1, 0, 0, 0),
(332, 1, 0, 0, 0),
(333, 1, 0, 0, 0),
(334, 1, 0, 0, 0),
(335, 1, 0, 0, 0),
(336, 1, 0, 0, 0),
(337, 1, 0, 0, 0),
(338, 1, 0, 0, 0),
(339, 1, 0, 0, 0),
(34, 1, 0, 0, 0),
(340, 1, 0, 0, 0),
(341, 1, 0, 0, 0),
(342, 1, 0, 0, 0),
(343, 1, 0, 0, 0),
(344, 1, 0, 0, 0),
(345, 1, 0, 0, 0),
(346, 1, 0, 0, 0),
(347, 1, 0, 0, 0),
(348, 1, 0, 0, 0),
(349, 1, 0, 0, 0),
(35, 1, 0, 0, 0),
(350, 1, 0, 0, 0),
(351, 1, 0, 0, 0),
(352, 1, 0, 0, 0),
(353, 1, 0, 0, 0),
(354, 1, 0, 0, 0),
(355, 1, 0, 0, 0),
(356, 1, 0, 0, 0),
(357, 1, 0, 0, 0),
(358, 1, 0, 0, 0),
(359, 1, 0, 0, 0),
(36, 0, 0, 0, 1),
(360, 1, 0, 0, 0),
(361, 1, 0, 0, 0),
(362, 1, 0, 0, 0),
(363, 1, 0, 0, 0),
(364, 1, 0, 0, 0),
(365, 1, 0, 0, 0),
(366, 1, 0, 0, 0),
(367, 1, 0, 0, 0),
(368, 1, 0, 0, 0),
(369, 1, 0, 0, 0),
(37, 0, 0, 0, 1),
(370, 1, 0, 0, 0),
(371, 1, 0, 0, 0),
(372, 1, 0, 0, 0),
(373, 1, 0, 0, 0),
(374, 1, 0, 0, 0),
(375, 1, 0, 0, 0),
(376, 1, 0, 0, 0),
(38, 1, 0, 0, 0),
(39, 1, 0, 0, 0),
(4, 1, 0, 0, 0),
(40, 1, 0, 0, 0),
(41, 1, 0, 0, 0),
(42, 1, 0, 0, 0),
(43, 1, 0, 0, 0),
(44, 1, 0, 0, 0),
(45, 1, 0, 0, 0),
(46, 1, 0, 0, 0),
(47, 1, 0, 0, 0),
(48, 1, 0, 0, 0),
(49, 1, 0, 0, 0),
(5, 1, 0, 0, 0),
(50, 1, 0, 0, 0),
(51, 1, 0, 0, 0),
(52, 1, 0, 0, 0),
(53, 1, 0, 0, 0),
(54, 1, 0, 0, 0),
(55, 1, 0, 0, 0),
(56, 1, 0, 0, 0),
(57, 1, 0, 0, 0),
(58, 1, 0, 0, 0),
(59, 1, 0, 0, 0),
(6, 1, 0, 0, 0),
(60, 1, 0, 0, 0),
(61, 1, 0, 0, 0),
(62, 1, 0, 0, 0),
(63, 1, 0, 0, 0),
(64, 1, 0, 0, 0),
(65, 1, 0, 0, 0),
(66, 1, 0, 0, 0),
(67, 1, 0, 0, 0),
(68, 1, 0, 0, 0),
(69, 1, 0, 0, 0),
(7, 1, 0, 0, 0),
(70, 1, 0, 0, 0),
(71, 1, 0, 0, 0),
(72, 1, 0, 0, 0),
(73, 1, 0, 0, 0),
(74, 1, 0, 0, 0),
(75, 1, 0, 0, 0),
(76, 1, 0, 0, 0),
(77, 1, 0, 0, 0),
(78, 1, 0, 0, 0),
(79, 1, 0, 0, 0),
(8, 1, 0, 0, 0),
(80, 1, 0, 0, 0),
(81, 0, 1, 0, 0),
(82, 1, 0, 0, 0),
(83, 0, 0, 0, 1),
(84, 0, 0, 0, 1),
(85, 0, 0, 0, 1),
(86, 0, 0, 0, 1),
(87, 0, 1, 0, 0),
(88, 0, 0, 0, 1),
(89, 0, 0, 0, 1),
(9, 1, 0, 0, 0),
(90, 1, 0, 0, 0),
(91, 1, 0, 0, 0),
(92, 1, 0, 0, 0),
(93, 1, 0, 0, 0),
(94, 1, 0, 0, 0),
(95, 1, 0, 0, 0),
(96, 1, 0, 0, 0),
(97, 1, 0, 0, 0),
(98, 1, 0, 0, 0),
(99, 1, 0, 0, 0);

CREATE TABLE `RegleAlt` (
  `id_regle` int(3) PRIMARY KEY,
  `id_option` int(2) DEFAULT NULL,
  `niveau_alt` int(1) DEFAULT NULL
) ENGINE=InnoDB DEFAULT CHARSET=utf8;

INSERT INTO `RegleAlt` (`id_regle`, `id_option`, `niveau_alt`) VALUES
(175, 4, 1),
(176, 4, 2),
(177, 4, 2),
(206, 5, 1),
(207, 5, 1),
(208, 5, 1),
(209, 5, 1),
(210, 5, 1),
(211, 5, 1),
(212, 5, 1),
(213, 5, 1),
(214, 5, 1),
(215, 5, 2),
(216, 5, 2),
(217, 5, 2),
(218, 5, 2),
(219, 5, 2),
(220, 5, 2),
(221, 5, 2),
(222, 5, 2),
(223, 5, 2),
(36, 1, 1),
(37, 1, 2),
(83, 2, 1),
(84, 2, 1),
(85, 2, 2),
(86, 2, 2),
(88, 3, 1),
(89, 3, 2);

CREATE TABLE `RegleTexte` (
  `id` int(3) PRIMARY KEY,
  `id_regle` int(3) DEFAULT NULL,
  `id_texte` int(3) DEFAULT NULL
) ENGINE=InnoDB DEFAULT CHARSET=utf8;

INSERT INTO `RegleTexte` (`id`, `id_regle`, `id_texte`) VALUES
(1, 1, 3),
(2, 10, 25),
(3, 100, 54),
(4, 101, 54),
(5, 102, 54),
(6, 103, 56),
(7, 104, 56),
(8, 105, 56),
(9, 106, 57),
(10, 107, 57),
(11, 108, 57),
(12, 109, 57),
(13, 11, 27),
(14, 110, 58),
(15, 111, 58),
(16, 112, 58),
(17, 113, 59),
(18, 114, 59),
(19, 115, 61),
(20, 116, 61),
(21, 117, 62),
(22, 118, 63),
(23, 119, 63),
(24, 12, 27),
(25, 120, 63),
(26, 121, 65),
(27, 122, 65),
(28, 123, 66),
(29, 124, 66),
(30, 126, 68),
(31, 127, 71),
(32, 128, 71),
(33, 129, 71),
(34, 13, 27),
(35, 130, 71),
(36, 131, 71),
(37, 132, 71),
(38, 133, 71),
(39, 134, 71),
(40, 135, 71),
(41, 136, 71),
(42, 137, 71),
(43, 138, 71),
(44, 139, 71),
(45, 14, 27),
(46, 140, 71),
(47, 141, 71),
(48, 142, 71),
(49, 143, 72),
(50, 144, 72),
(51, 145, 72),
(52, 146, 72),
(53, 147, 72),
(54, 148, 72),
(55, 149, 72),
(56, 15, 27),
(57, 150, 72),
(58, 151, 72),
(59, 152, 72),
(60, 153, 73),
(61, 154, 73),
(62, 155, 74),
(63, 156, 74),
(64, 157, 75),
(65, 158, 75),
(66, 159, 75),
(67, 16, 27),
(68, 160, 75),
(69, 161, 77),
(70, 162, 78),
(71, 163, 78),
(72, 164, 78),
(73, 165, 79),
(74, 166, 80),
(75, 167, 80),
(76, 168, 80),
(77, 169, 80),
(78, 17, 27),
(79, 170, 80),
(80, 171, 81),
(81, 172, 81),
(82, 173, 81),
(83, 174, 81),
(84, 175, 81),
(85, 176, 81),
(86, 177, 81),
(87, 178, 82),
(88, 179, 82),
(89, 18, 27),
(90, 180, 82),
(91, 181, 82),
(92, 182, 82),
(93, 183, 82),
(94, 184, 82),
(95, 185, 83),
(96, 186, 84),
(97, 187, 85),
(98, 188, 86),
(99, 189, 87),
(100, 19, 28),
(101, 190, 88),
(102, 191, 89),
(103, 192, 90),
(104, 193, 91),
(105, 194, 91),
(106, 195, 91),
(107, 196, 92),
(108, 197, 92),
(109, 198, 92),
(110, 199, 92),
(111, 2, 3),
(112, 20, 28),
(113, 200, 92),
(114, 201, 92),
(115, 202, 94),
(116, 203, 96),
(117, 203, 97),
(118, 203, 98),
(119, 203, 99),
(120, 203, 100),
(121, 204, 101),
(122, 204, 102),
(123, 204, 103),
(124, 205, 104),
(125, 206, 105),
(126, 207, 105),
(127, 208, 105),
(128, 209, 105),
(129, 21, 28),
(130, 210, 105),
(131, 211, 105),
(132, 212, 105),
(133, 213, 105),
(134, 214, 105),
(135, 215, 105),
(136, 216, 105),
(137, 217, 105),
(138, 218, 105),
(139, 219, 105),
(140, 22, 28),
(141, 220, 105),
(142, 221, 105),
(143, 222, 105),
(144, 223, 105),
(145, 224, 107),
(146, 225, 108),
(147, 226, 108),
(148, 227, 109),
(149, 227, 110),
(150, 228, 109),
(151, 228, 110),
(152, 229, 109),
(153, 229, 110),
(154, 23, 28),
(155, 230, 109),
(156, 230, 110),
(157, 231, 109),
(158, 231, 110),
(159, 232, 109),
(160, 232, 111),
(161, 233, 109),
(162, 233, 111),
(163, 234, 109),
(164, 234, 112),
(165, 235, 109),
(166, 235, 113),
(167, 236, 109),
(168, 236, 114),
(169, 237, 115),
(170, 238, 115),
(171, 239, 115),
(172, 24, 28),
(173, 240, 115),
(174, 241, 115),
(175, 242, 115),
(176, 243, 115),
(177, 244, 115),
(178, 245, 116),
(179, 246, 116),
(180, 247, 116),
(181, 248, 116),
(182, 249, 116),
(183, 25, 28),
(184, 250, 116),
(185, 251, 116),
(186, 252, 116),
(187, 253, 116),
(188, 254, 116),
(189, 255, 116),
(190, 256, 116),
(191, 257, 116),
(192, 258, 116),
(193, 259, 116),
(194, 26, 28),
(195, 260, 116),
(196, 261, 117),
(197, 262, 117),
(198, 263, 117),
(199, 264, 117),
(200, 265, 117),
(201, 266, 117),
(202, 267, 117),
(203, 268, 117),
(204, 269, 117),
(205, 27, 28),
(206, 270, 117),
(207, 271, 117),
(208, 272, 117),
(209, 273, 117),
(210, 274, 117),
(211, 275, 117),
(212, 276, 117),
(213, 277, 117),
(214, 278, 118),
(215, 279, 118),
(216, 28, 28),
(217, 280, 118),
(218, 281, 118),
(219, 282, 119),
(220, 283, 119),
(221, 284, 119),
(222, 285, 119),
(223, 286, 119),
(224, 287, 119),
(225, 288, 119),
(226, 289, 119),
(227, 29, 28),
(228, 290, 119),
(229, 291, 119),
(230, 292, 119),
(231, 293, 119),
(232, 294, 119),
(233, 295, 119),
(234, 296, 120),
(235, 296, 121),
(236, 297, 120),
(237, 297, 121),
(238, 298, 120),
(239, 298, 121),
(240, 299, 120),
(241, 299, 121),
(242, 3, 4),
(243, 30, 28),
(244, 300, 122),
(245, 301, 122),
(246, 302, 122),
(247, 303, 123),
(248, 304, 124),
(249, 304, 125),
(250, 305, 124),
(251, 305, 125),
(252, 306, 126),
(253, 307, 126),
(254, 308, 126),
(255, 309, 126),
(256, 31, 28),
(257, 310, 126),
(258, 311, 126),
(259, 312, 126),
(260, 313, 126),
(261, 314, 126),
(262, 315, 126),
(263, 316, 126),
(264, 317, 126),
(265, 318, 126),
(266, 319, 126),
(267, 32, 28),
(268, 320, 126),
(269, 321, 126),
(270, 322, 126),
(271, 323, 126),
(272, 324, 126),
(273, 325, 126),
(274, 326, 126),
(275, 327, 126),
(276, 328, 126),
(277, 329, 126),
(278, 33, 28),
(279, 330, 126),
(280, 331, 126),
(281, 332, 126),
(282, 333, 126),
(283, 334, 126),
(284, 335, 126),
(285, 336, 126),
(286, 337, 126),
(287, 338, 126),
(288, 339, 126),
(289, 34, 29),
(290, 340, 126),
(291, 341, 126),
(292, 342, 126),
(293, 343, 126),
(294, 344, 126),
(295, 345, 126),
(296, 346, 126),
(297, 347, 126),
(298, 348, 126),
(299, 349, 126),
(300, 35, 29),
(301, 350, 126),
(302, 351, 126),
(303, 352, 126),
(304, 353, 126),
(305, 354, 126),
(306, 355, 126),
(307, 356, 126),
(308, 357, 126),
(309, 358, 126),
(310, 359, 126),
(311, 36, 30),
(312, 360, 127),
(313, 360, 128),
(314, 361, 129),
(315, 362, 130),
(316, 363, 130),
(317, 364, 131),
(318, 365, 131),
(319, 366, 132),
(320, 367, 133),
(321, 368, 134),
(322, 369, 135),
(323, 37, 30),
(324, 370, 136),
(325, 371, 138),
(326, 372, 139),
(327, 373, 140),
(328, 374, 141),
(329, 375, 141),
(330, 376, 141),
(331, 38, 31),
(332, 39, 32),
(333, 4, 4),
(334, 40, 34),
(335, 41, 34),
(336, 42, 35),
(337, 43, 35),
(338, 44, 36),
(339, 45, 37),
(340, 46, 38),
(341, 47, 38),
(342, 48, 38),
(343, 49, 38),
(344, 5, 5),
(345, 50, 38),
(346, 51, 38),
(347, 52, 38),
(348, 53, 38),
(349, 54, 38),
(350, 55, 38),
(351, 56, 38),
(352, 57, 38),
(353, 58, 38),
(354, 59, 38),
(355, 6, 6),
(356, 60, 38),
(357, 61, 38),
(358, 62, 38),
(359, 63, 38),
(360, 64, 38),
(361, 65, 38),
(362, 66, 38),
(363, 67, 38),
(364, 68, 38),
(365, 69, 38),
(366, 7, 6),
(367, 70, 38),
(368, 71, 38),
(369, 72, 38),
(370, 73, 39),
(371, 74, 39),
(372, 75, 39),
(373, 76, 40),
(374, 77, 40),
(375, 78, 41),
(376, 79, 42),
(377, 8, 6),
(378, 80, 43),
(379, 81, 44),
(380, 82, 44),
(381, 83, 45),
(382, 84, 45),
(383, 85, 45),
(384, 86, 45),
(385, 87, 46),
(386, 88, 47),
(387, 89, 47),
(388, 9, 6),
(389, 90, 48),
(390, 91, 50),
(391, 92, 50),
(392, 93, 50),
(393, 94, 51),
(394, 95, 51),
(395, 96, 52),
(396, 97, 53),
(397, 98, 53),
(398, 99, 53);

CREATE TABLE `RegleDef` (
  `id` int(3) PRIMARY KEY,
  `id_regle` int(3) DEFAULT NULL,
  `id_objet_def` int(3) DEFAULT NULL,
  `option_def` int(1) DEFAULT NULL
) ENGINE=InnoDB DEFAULT CHARSET=utf8;

INSERT INTO `RegleDef` (`id`, `id_regle`, `id_objet_def`, `option_def`) VALUES
(1, 121, '', 1),
(2, 122, '', 1),
(3, 123, '', 1),
(4, 124, '', 1),
(5, 114, '', 1),
(6, 193, '', 1),
(7, 202, '', 2),
(8, 113, '', 2),
(9, 161, '', 1),
(10, 35, '', 1),
(11, 109, '', 1),
(12, 110, '', 1),
(13, 111, '', 1),
(14, 113, '', 1),
(15, 114, '', 2),
(16, 155, '', 2);

CREATE TABLE `RegleContexte` (
  `id` int(3) PRIMARY KEY,
  `id_regle` int(3) DEFAULT NULL,
  `is_exception` tinyint(1) DEFAULT NULL,
  `is_exception_mb` tinyint(1) DEFAULT NULL,
  `id_zonage` int(2) DEFAULT NULL,
  `id_sujet` int(2) DEFAULT NULL,
  `id_is` int(2) DEFAULT NULL,
  `id_from` int(2) DEFAULT NULL,
  `id_to` int(2) DEFAULT NULL,
  `descriptif_booleen` varchar(50) DEFAULT NULL,
  `id_descriptif_quali` int(2) DEFAULT NULL
) ENGINE=InnoDB DEFAULT CHARSET=utf8;

INSERT INTO `RegleContexte` (`id`, `id_regle`, `is_exception`, `is_exception_mb`, `id_zonage`, `id_sujet`, `id_is`, `id_from`, `id_to`, `descriptif_booleen`, `id_descriptif_quali`) VALUES
(1, 1, 0, 0, 1, 2, 10, 10, 10, 'B(23)', 0),
(2, 10, 0, 0, 2, 1, 1, 1, 1, 'NULL', 0),
(3, 100, 0, 0, 2, 2, 1, 1, 1, 'B(24)', 0),
(4, 101, 0, 0, 2, 18, 1, 1, 1, 'B(25)', 0),
(5, 102, 0, 0, 2, 2, 1, 1, 1, 'B(26)', 0),
(6, 103, 0, 0, 2, 2, 10, 10, 10, 'NULL', 0),
(7, 104, 0, 0, 2, 2, 10, 10, 10, 'NULL', 0),
(8, 105, 0, 0, 2, 2, 10, 10, 10, 'NULL', 0),
(9, 106, 0, 0, 6, 2, 1, 1, 1, 'B(27)', 0),
(10, 107, 0, 0, 6, 2, 1, 1, 1, 'NULL', 0),
(11, 108, 0, 0, 6, 2, 1, 1, 1, 'NULL', 0),
(12, 109, 0, 0, 6, 2, 1, 1, 1, 'NULL', 0),
(13, 11, 0, 0, 2, 2, 8, 8, 8, 'NULL', 0),
(14, 110, 0, 0, 7, 2, 1, 1, 1, 'NULL', 0),
(15, 111, 0, 0, 7, 2, 1, 1, 1, 'NULL', 0),
(16, 112, 0, 0, 7, 2, 1, 1, 1, 'NULL', 0),
(17, 112, 1, 0, 10, 1, 1, 1, 1, 'NULL', 0),
(18, 113, 0, 0, 2, 1, 1, 1, 1, 'NULL', 0),
(19, 114, 0, 0, 2, 1, 1, 1, 1, 'NULL', 0),
(20, 115, 0, 0, 2, 18, 1, 1, 1, 'B(28)', 0),
(21, 116, 0, 0, 2, 2, 1, 1, 1, 'NULL', 0),
(22, 117, 0, 0, 2, 32, 1, 1, 1, 'B(29)ANDB(30)', 0),
(23, 118, 0, 0, 2, 2, 10, 10, 10, 'NULL', 0),
(24, 119, 0, 0, 2, 2, 10, 10, 10, 'NULL', 0),
(25, 12, 0, 0, 2, 31, 1, 1, 1, 'NULL', 0),
(26, 120, 0, 0, 2, 2, 10, 10, 10, 'NULL', 0),
(27, 121, 0, 0, 2, 2, 1, 1, 1, 'NULL', 0),
(28, 121, 1, 0, 1, 2, 10, 10, 10, 'NULL', 0),
(29, 122, 0, 0, 2, 2, 1, 1, 1, 'NULL', 0),
(30, 122, 1, 0, 1, 2, 10, 10, 10, 'NULL', 0),
(31, 123, 0, 0, 2, 1, 1, 1, 1, 'NULL', 0),
(32, 123, 1, 0, 1, 2, 10, 10, 10, 'NULL', 0),
(33, 124, 0, 0, 2, 1, 1, 1, 1, 'NULL', 0),
(34, 124, 1, 0, 1, 2, 10, 10, 10, 'NULL', 0),
(35, 126, 0, 0, 2, 2, 1, 1, 1, 'NULL', 0),
(36, 126, 1, 0, 1, 2, 10, 10, 10, 'NULL', 0),
(37, 127, 0, 0, 6, 2, 1, 1, 1, 'NULL', 0),
(38, 127, 1, 0, 1, 2, 10, 10, 10, 'NULL', 0),
(39, 128, 0, 0, 7, 2, 1, 1, 1, 'NULL', 0),
(40, 129, 0, 0, 6, 2, 1, 1, 1, 'B(27)', 0),
(41, 13, 0, 0, 2, 28, 1, 1, 1, 'NULL', 0),
(42, 130, 0, 0, 7, 2, 1, 1, 1, 'B(27)', 0),
(43, 131, 0, 0, 6, 2, 1, 1, 1, 'B(27)', 0),
(44, 132, 0, 0, 7, 2, 1, 1, 1, 'B(27)', 0),
(45, 133, 0, 0, 6, 2, 1, 1, 1, 'B(27)', 0),
(46, 134, 0, 0, 7, 2, 1, 1, 1, 'B(27)', 0),
(47, 135, 0, 0, 6, 2, 1, 1, 1, 'B(32)', 0),
(48, 136, 0, 0, 7, 2, 1, 1, 1, 'B(32)', 0),
(49, 137, 0, 0, 6, 2, 1, 1, 1, 'B(32)', 0),
(50, 138, 0, 0, 7, 2, 1, 1, 1, 'B(32)', 0),
(51, 139, 0, 0, 6, 2, 1, 1, 1, 'B(32)', 0),
(52, 14, 0, 0, 2, 29, 1, 1, 1, 'NULL', 0),
(53, 140, 0, 0, 7, 2, 1, 1, 1, 'B(32)', 0),
(54, 141, 0, 0, 6, 2, 1, 1, 1, 'B(32)', 0),
(55, 142, 0, 0, 7, 2, 1, 1, 1, 'B(32)', 0),
(56, 143, 0, 0, 10, 1, 1, 1, 1, 'NULL', 0),
(57, 144, 0, 0, 10, 1, 1, 1, 1, 'NULL', 0),
(58, 145, 0, 0, 10, 2, 1, 1, 1, 'NULL', 0),
(59, 146, 0, 0, 10, 2, 1, 1, 1, 'NULL', 0),
(60, 147, 0, 0, 10, 2, 1, 1, 1, 'NULL', 0),
(61, 148, 0, 0, 10, 2, 1, 1, 1, 'B(32)', 0),
(62, 149, 0, 0, 10, 2, 1, 1, 1, 'B(32)', 0),
(63, 15, 0, 0, 2, 30, 1, 1, 1, 'B(33)', 0),
(64, 150, 0, 0, 10, 2, 1, 1, 1, 'B(32)', 0),
(65, 151, 0, 0, 10, 2, 1, 1, 1, 'B(32)', 0),
(66, 152, 0, 0, 10, 2, 1, 1, 1, 'B(32)', 0),
(67, 153, 0, 0, 2, 1, 1, 1, 1, 'NULL', 0),
(68, 154, 0, 0, 2, 2, 1, 1, 1, 'B(34)', 0),
(69, 155, 0, 0, 2, 2, 1, 1, 1, 'B(35)', 0),
(70, 156, 0, 0, 2, 2, 1, 1, 1, 'B(36)', 0),
(71, 157, 0, 0, 2, 19, 1, 1, 1, 'NULL', 0),
(72, 158, 0, 0, 2, 19, 1, 1, 1, 'NULL', 0),
(73, 159, 0, 0, 2, 7, 1, 1, 1, 'NULL', 0),
(74, 16, 0, 0, 2, 27, 1, 1, 1, 'B(37)', 0),
(75, 160, 0, 0, 2, 7, 1, 1, 1, 'NULL', 0),
(76, 161, 0, 0, 2, 2, 1, 1, 1, 'B(38)', 0),
(77, 162, 0, 0, 6, 2, 10, 10, 10, 'NULL', 0),
(78, 163, 0, 0, 7, 2, 10, 10, 10, 'NULL', 0),
(79, 164, 0, 0, 10, 2, 10, 10, 10, 'NULL', 0),
(80, 165, 0, 0, 2, 1, 1, 1, 1, 'NULL', 0),
(81, 166, 0, 0, 2, 2, 1, 1, 1, 'NULL', 0),
(82, 167, 0, 0, 2, 2, 1, 1, 1, 'NULL', 0),
(83, 168, 0, 0, 2, 2, 1, 1, 1, 'B(39)', 0),
(84, 169, 0, 0, 2, 2, 1, 1, 1, 'B(40)', 0),
(85, 17, 0, 0, 2, 2, 7, 7, 7, 'NULL', 0),
(86, 170, 0, 0, 2, 2, 1, 1, 1, 'B(41)', 0),
(87, 171, 0, 0, 2, 2, 1, 1, 1, 'B(27)', 0),
(88, 172, 0, 0, 2, 2, 1, 1, 1, 'NULL', 0),
(89, 173, 0, 0, 2, 2, 1, 1, 1, 'B(38)', 0),
(90, 174, 0, 0, 2, 2, 1, 1, 1, 'B(42)', 0),
(91, 175, 0, 0, 2, 2, 1, 1, 1, 'B(43)', 0),
(92, 176, 0, 0, 2, 2, 1, 1, 1, 'B(43)', 0),
(93, 177, 0, 0, 2, 2, 1, 1, 1, 'B(43)', 0),
(94, 178, 0, 0, 2, 2, 5, 5, 5, 'NULL', 0),
(95, 179, 0, 0, 2, 2, 5, 5, 5, 'NULL', 0),
(96, 18, 0, 0, 2, 2, 9, 9, 9, 'NULL', 0),
(97, 180, 0, 0, 2, 2, 5, 5, 5, 'B(44)', 0),
(98, 181, 0, 0, 2, 2, 5, 5, 5, 'NULL', 0),
(99, 182, 0, 0, 2, 1, 1, 1, 1, 'NULL', 0),
(100, 183, 0, 0, 2, 1, 1, 1, 1, 'B(45)', 0),
(101, 184, 0, 0, 2, 1, 1, 1, 1, 'NULL', 0),
(102, 185, 0, 0, 2, 2, 1, 1, 1, 'B(46)', 0),
(103, 186, 0, 0, 2, 2, 1, 1, 1, 'B(47)', 0),
(104, 187, 0, 0, 2, 2, 1, 1, 1, 'B(48)', 0),
(105, 188, 0, 0, 2, 2, 1, 1, 1, 'B(49)ANDB(50)', 0),
(106, 189, 0, 0, 2, 2, 1, 1, 1, 'B(51)', 0),
(107, 19, 0, 0, 2, 1, 1, 1, 1, 'NULL', 0),
(108, 190, 0, 0, 2, 2, 1, 1, 1, 'B(52)', 0),
(109, 191, 0, 0, 2, 2, 1, 1, 1, 'B(42)', 0),
(110, 191, 0, 1, 1, 2, 10, 10, 10, 'NULL', 3),
(111, 191, 0, 1, 1, 1, 1, 1, 1, 'NULL', 4),
(112, 192, 0, 0, 2, 2, 1, 1, 1, 'B(42)', 0),
(113, 192, 0, 1, 1, 2, 10, 10, 10, 'NULL', 3),
(114, 192, 0, 1, 1, 1, 1, 1, 1, 'NULL', 4),
(115, 193, 0, 0, 2, 2, 1, 1, 1, 'B(42)', 0),
(116, 193, 0, 1, 1, 2, 10, 10, 10, 'NULL', 3),
(117, 193, 0, 1, 1, 1, 1, 1, 1, 'NULL', 4),
(118, 194, 0, 0, 2, 2, 1, 1, 1, 'B(42)ANDB(53)', 0),
(119, 194, 0, 1, 1, 1, 1, 1, 1, 'B(54)', ''),
(120, 194, 0, 1, 1, 2, 10, 10, 10, 'NULL', 3),
(121, 194, 0, 1, 1, 1, 1, 1, 1, 'NULL', 4),
(122, 195, 0, 0, 2, 2, 1, 1, 1, 'B(42)ANDB(53)', 0),
(123, 195, 0, 1, 1, 1, 1, 1, 1, 'B(54)', ''),
(124, 195, 0, 1, 1, 2, 10, 10, 10, 'NULL', 3),
(125, 195, 0, 1, 1, 1, 1, 1, 1, 'NULL', 4),
(126, 196, 0, 0, 2, 2, 1, 1, 1, 'B(55)', 0),
(127, 196, 0, 1, 1, 1, 1, 1, 1, 'B(54)', ''),
(128, 196, 0, 1, 1, 2, 10, 10, 10, 'NULL', 3),
(129, 196, 0, 1, 1, 1, 1, 1, 1, 'NULL', 4),
(130, 197, 0, 0, 2, 2, 1, 1, 1, 'B(56)', 0),
(131, 197, 0, 1, 1, 1, 1, 1, 1, 'B(54)', ''),
(132, 197, 0, 1, 1, 2, 10, 10, 10, 'NULL', 3),
(133, 197, 0, 1, 1, 1, 1, 1, 1, 'NULL', 4),
(134, 198, 0, 0, 2, 2, 1, 1, 1, 'B(57)', 0),
(135, 198, 0, 1, 1, 1, 1, 1, 1, 'B(54)', ''),
(136, 198, 0, 1, 1, 2, 10, 10, 10, 'NULL', 3),
(137, 198, 0, 1, 1, 1, 1, 1, 1, 'NULL', 4),
(138, 199, 0, 0, 2, 2, 1, 1, 1, 'B(55)', 0),
(139, 199, 0, 1, 1, 1, 1, 1, 1, 'B(54)', ''),
(140, 199, 0, 1, 1, 2, 10, 10, 10, 'NULL', 3),
(141, 199, 0, 1, 1, 1, 1, 1, 1, 'NULL', 4),
(142, 2, 0, 0, 1, 2, 1, 1, 1, 'NULL', 2),
(143, 20, 0, 0, 2, 3, 1, 6, 2, 'B(58)', 0),
(144, 200, 0, 0, 2, 2, 1, 1, 1, 'B(56)', 0),
(145, 200, 0, 1, 1, 1, 1, 1, 1, 'B(54)', ''),
(146, 200, 0, 1, 1, 2, 10, 10, 10, 'NULL', 3),
(147, 200, 0, 1, 1, 1, 1, 1, 1, 'NULL', 4),
(148, 201, 0, 0, 2, 2, 1, 1, 1, 'B(57)', 0),
(149, 201, 0, 1, 1, 1, 1, 1, 1, 'B(54)', ''),
(150, 201, 0, 1, 1, 2, 10, 10, 10, 'NULL', 3),
(151, 201, 0, 1, 1, 1, 1, 1, 1, 'NULL', 4),
(152, 202, 0, 0, 2, 2, 1, 1, 1, 'B(42)ANDB(59)', 0),
(153, 202, 0, 1, 1, 2, 10, 10, 10, 'NULL', 3),
(154, 202, 0, 1, 1, 1, 1, 1, 1, 'NULL', 4),
(155, 203, 0, 0, 6, 2, 1, 1, 1, 'NULL', 0),
(156, 204, 0, 0, 2, 2, 1, 1, 1, 'NULL', 0),
(157, 205, 0, 0, 2, 1, 1, 1, 1, 'NULL', 0),
(158, 206, 0, 0, 2, 2, 1, 1, 1, 'B(84)', 0),
(159, 207, 0, 0, 2, 2, 4, 4, 4, 'NULL', 0),
(160, 208, 0, 0, 2, 2, 5, 5, 5, 'NULL', 0),
(161, 209, 0, 0, 2, 2, 6, 6, 6, 'NULL', 0),
(162, 21, 0, 0, 2, 3, 1, 6, 3, 'B(58)', 0),
(163, 210, 0, 0, 2, 2, 7, 7, 7, 'NULL', 0),
(164, 211, 0, 0, 2, 2, 3, 3, 3, 'NULL', 0),
(165, 212, 0, 0, 2, 2, 9, 9, 9, 'NULL', 0),
(166, 213, 0, 0, 2, 2, 8, 8, 8, 'NULL', 0),
(167, 214, 0, 0, 2, 2, 10, 10, 10, 'NULL', 0),
(168, 215, 0, 0, 2, 2, 1, 1, 1, 'B(84)', 0),
(169, 216, 0, 0, 2, 2, 4, 4, 4, 'NULL', 0),
(170, 217, 0, 0, 2, 2, 5, 5, 5, 'NULL', 0),
(171, 218, 0, 0, 2, 2, 6, 6, 6, 'NULL', 0),
(172, 219, 0, 0, 2, 2, 7, 7, 7, 'NULL', 0),
(173, 22, 0, 0, 2, 3, 1, 6, 4, 'B(58)', 0),
(174, 220, 0, 0, 2, 2, 3, 3, 3, 'NULL', 0),
(175, 221, 0, 0, 2, 2, 9, 9, 9, 'NULL', 0),
(176, 222, 0, 0, 2, 2, 8, 8, 8, 'NULL', 0),
(177, 223, 0, 0, 2, 2, 10, 10, 10, 'NULL', 0),
(178, 224, 0, 0, 2, 2, 1, 1, 1, 'B(60)', 0),
(179, 225, 0, 0, 2, 2, 4, 4, 4, 'NULL', 0),
(180, 226, 0, 0, 2, 2, 4, 4, 4, 'NULL', 0),
(181, 227, 0, 0, 2, 2, 2, 2, 2, 'NULL', 0),
(182, 228, 0, 0, 2, 2, 2, 2, 2, 'NULL', 0),
(183, 229, 0, 0, 2, 2, 2, 2, 2, 'B(61)', 0),
(184, 23, 0, 0, 2, 3, 1, 6, 7, 'B(58)', 0),
(185, 230, 0, 0, 2, 2, 2, 2, 2, 'B(61)', 0),
(186, 231, 0, 0, 2, 2, 2, 2, 2, 'NULL', 0),
(187, 232, 0, 0, 2, 2, 5, 5, 5, 'B(62)', 0),
(188, 233, 0, 0, 2, 2, 5, 5, 5, 'B(62)', 0),
(189, 234, 0, 0, 2, 2, 6, 6, 6, 'B(63)', 0),
(190, 235, 0, 0, 2, 2, 3, 3, 3, 'NULL', 0),
(191, 236, 0, 0, 2, 2, 10, 10, 10, 'NULL', 0),
(192, 237, 0, 0, 2, 16, 1, 1, 2, 'NULL', 0),
(193, 238, 0, 0, 2, 16, 1, 1, 2, 'NULL', 0),
(194, 239, 0, 0, 2, 19, 1, 1, 2, 'NULL', 0),
(195, 24, 0, 0, 2, 3, 1, 6, 8, 'B(58)', 0),
(196, 240, 0, 0, 2, 19, 1, 1, 2, 'NULL', 0),
(197, 241, 0, 0, 2, 9, 1, 1, 2, 'NULL', 0),
(198, 242, 0, 0, 2, 9, 1, 1, 2, 'NULL', 0),
(199, 243, 0, 0, 2, 5, 1, 1, 2, 'NULL', 0),
(200, 244, 0, 0, 2, 5, 1, 1, 2, 'NULL', 0),
(201, 245, 0, 0, 2, 5, 4, 4, 4, 'B(64)', 0),
(202, 246, 0, 0, 2, 5, 4, 4, 4, 'B(64)', 0),
(203, 247, 0, 0, 2, 5, 2, 2, 2, 'B(64)', 0),
(204, 248, 0, 0, 2, 5, 2, 2, 2, 'B(64)', 0),
(205, 249, 0, 0, 2, 5, 2, 2, 2, 'B(61)ANDB(64)', 0),
(206, 25, 0, 0, 2, 3, 1, 6, 9, 'B(58)', 0),
(207, 250, 0, 0, 2, 5, 2, 2, 2, 'B(61)ANDB(64)', 0),
(208, 251, 0, 0, 2, 5, 2, 2, 2, 'B(64)', 0),
(209, 252, 0, 0, 2, 5, 5, 5, 5, 'B(62)ANDB(64)', 0),
(210, 253, 0, 0, 2, 5, 5, 5, 5, 'B(62)ANDB(64)', 0),
(211, 254, 0, 0, 2, 5, 6, 6, 6, 'B(63)ANDB(64)', 0),
(212, 255, 0, 0, 2, 5, 1, 1, 1, 'NULL', 0),
(213, 256, 0, 0, 2, 9, 2, 2, 2, 'B(64)ANDB(65)', 0),
(214, 257, 0, 0, 2, 9, 2, 2, 2, 'B(64)ANDB(65)', 0),
(215, 258, 0, 0, 2, 9, 2, 2, 2, 'B(64)ANDB(65)ANDB(61)', 0),
(216, 259, 0, 0, 2, 9, 2, 2, 2, 'B(64)ANDB(65)ANDB(61)', 0),
(217, 26, 0, 0, 2, 3, 1, 6, 10, 'B(58)', 0),
(218, 260, 0, 0, 2, 9, 2, 2, 2, 'B(64)ANDB(65)', 0),
(219, 261, 0, 0, 2, 3, 1, 1, 4, 'NULL', 0),
(220, 262, 0, 0, 2, 3, 1, 1, 4, 'NULL', 0),
(221, 263, 0, 0, 2, 3, 1, 1, 5, 'B(62)', 0),
(222, 264, 0, 0, 2, 3, 1, 1, 6, 'NULL', 0),
(223, 265, 0, 0, 2, 3, 1, 1, 7, 'NULL', 0),
(224, 266, 0, 0, 2, 3, 1, 1, 9, 'NULL', 0),
(225, 267, 0, 0, 2, 3, 1, 1, 8, 'NULL', 0),
(226, 268, 0, 0, 2, 3, 1, 1, 10, 'NULL', 0),
(227, 269, 0, 0, 2, 3, 1, 1, 3, 'NULL', 0),
(228, 27, 0, 0, 2, 3, 1, 5, 2, 'B(58)', 0),
(229, 270, 0, 0, 2, 3, 1, 1, 4, 'NULL', 0),
(230, 271, 0, 0, 2, 3, 1, 1, 5, 'NULL', 0),
(231, 272, 0, 0, 2, 3, 1, 1, 6, 'NULL', 0),
(232, 273, 0, 0, 2, 3, 1, 1, 7, 'NULL', 0),
(233, 274, 0, 0, 2, 3, 1, 1, 9, 'NULL', 0),
(234, 275, 0, 0, 2, 3, 1, 1, 8, 'NULL', 0),
(235, 276, 0, 0, 2, 3, 1, 1, 10, 'NULL', 0),
(236, 277, 0, 0, 2, 3, 1, 1, 3, 'NULL', 0),
(237, 278, 0, 0, 2, 2, 2, 2, 2, 'B(66)', 0),
(238, 279, 0, 0, 2, 2, 2, 2, 2, 'B(66)', 0),
(239, 28, 0, 0, 2, 3, 1, 5, 3, 'B(58)', 0),
(240, 280, 0, 0, 2, 2, 4, 4, 4, 'NULL', 0),
(241, 281, 0, 0, 2, 2, 4, 4, 4, 'NULL', 0),
(242, 282, 0, 0, 2, 2, 2, 2, 2, 'NULL', 0),
(243, 283, 0, 0, 2, 2, 4, 4, 4, 'NULL', 0),
(244, 284, 0, 0, 2, 2, 4, 4, 4, 'NULL', 0),
(245, 285, 0, 0, 2, 2, 5, 5, 5, 'B(67)', 0),
(246, 286, 0, 0, 2, 2, 5, 5, 5, 'B(67)', 0),
(247, 287, 0, 0, 2, 2, 6, 6, 6, 'B(67)', 0),
(248, 288, 0, 0, 2, 2, 6, 6, 6, 'B(67)', 0),
(249, 289, 0, 0, 2, 2, 3, 3, 3, 'B(67)', 0),
(250, 29, 0, 0, 2, 3, 1, 5, 4, 'B(58)', 0),
(251, 290, 0, 0, 2, 2, 3, 3, 3, 'B(67)', 0),
(252, 291, 0, 0, 2, 2, 2, 2, 2, 'NULL', 0),
(253, 292, 0, 0, 2, 2, 10, 10, 10, 'NULL', 0),
(254, 293, 0, 0, 2, 2, 11, 11, 11, 'NULL', 0),
(255, 294, 0, 0, 2, 2, 11, 11, 11, 'NULL', 0),
(256, 295, 0, 0, 2, 2, 11, 11, 11, 'NULL', 0),
(257, 296, 0, 0, 2, 2, 4, 4, 4, 'NULL', 0),
(258, 297, 0, 0, 2, 2, 4, 4, 4, 'NULL', 0),
(259, 298, 0, 0, 2, 2, 2, 2, 2, 'B(66)', 0),
(260, 299, 0, 0, 2, 2, 2, 2, 2, 'B(66)', 0),
(261, 3, 0, 0, 1, 1, 1, 1, 1, 'NULL', 0),
(262, 30, 0, 0, 2, 3, 1, 5, 7, 'B(58)', 0),
(263, 300, 0, 0, 2, 2, 1, 1, 1, 'B(68)', 0),
(264, 301, 0, 0, 2, 2, 1, 1, 1, 'B(68)', 0),
(265, 302, 0, 0, 2, 2, 1, 1, 1, 'B(68)', 0),
(266, 303, 0, 0, 2, 2, 1, 1, 1, 'B()ANDB()', 0),
(267, 304, 0, 0, 2, 2, 1, 1, 1, 'B(69)', 0),
(268, 305, 0, 0, 2, 2, 1, 1, 1, 'B(69)', 0),
(269, 306, 0, 0, 2, 2, 2, 2, 2, 'B(70)', 0),
(270, 307, 0, 0, 2, 2, 4, 4, 4, 'NULL', 0),
(271, 308, 0, 0, 2, 2, 5, 5, 5, 'NULL', 0),
(272, 309, 0, 0, 2, 2, 6, 6, 6, 'NULL', 0),
(273, 31, 0, 0, 2, 3, 1, 5, 9, 'B(58)', 0),
(274, 310, 0, 0, 2, 2, 7, 7, 7, 'NULL', 0),
(275, 311, 0, 0, 2, 2, 3, 3, 3, 'NULL', 0),
(276, 312, 0, 0, 2, 2, 9, 9, 9, 'NULL', 0),
(277, 313, 0, 0, 2, 2, 8, 8, 8, 'NULL', 0),
(278, 314, 0, 0, 2, 2, 10, 10, 10, 'NULL', 0),
(279, 315, 0, 0, 2, 2, 2, 2, 2, 'B(70)', 0),
(280, 316, 0, 0, 2, 2, 4, 4, 4, 'NULL', 0),
(281, 317, 0, 0, 2, 2, 5, 5, 5, 'NULL', 0),
(282, 318, 0, 0, 2, 2, 6, 6, 6, 'NULL', 0),
(283, 319, 0, 0, 2, 2, 7, 7, 7, 'NULL', 0),
(284, 32, 0, 0, 2, 3, 1, 5, 8, 'B(58)', 0),
(285, 320, 0, 0, 2, 2, 3, 3, 3, 'NULL', 0),
(286, 321, 0, 0, 2, 2, 9, 9, 9, 'NULL', 0),
(287, 322, 0, 0, 2, 2, 8, 8, 8, 'NULL', 0),
(288, 323, 0, 0, 2, 2, 10, 10, 10, 'NULL', 0),
(289, 324, 0, 0, 2, 2, 2, 2, 2, 'B(70)', 0),
(290, 325, 0, 0, 2, 2, 4, 4, 4, 'NULL', 0),
(291, 326, 0, 0, 2, 2, 5, 5, 5, 'NULL', 0),
(292, 327, 0, 0, 2, 2, 6, 6, 6, 'NULL', 0),
(293, 328, 0, 0, 2, 2, 7, 7, 7, 'NULL', 0),
(294, 329, 0, 0, 2, 2, 3, 3, 3, 'NULL', 0),
(295, 33, 0, 0, 2, 3, 1, 5, 10, 'B(58)', 0),
(296, 330, 0, 0, 2, 2, 1, 1, 1, 'NULL', 0),
(297, 331, 0, 0, 2, 2, 8, 8, 8, 'NULL', 0),
(298, 332, 0, 0, 2, 2, 10, 10, 10, 'NULL', 0),
(299, 333, 0, 0, 2, 2, 4, 4, 4, 'NULL', 0),
(300, 334, 0, 0, 2, 2, 5, 5, 5, 'NULL', 0),
(301, 335, 0, 0, 2, 2, 6, 6, 6, 'NULL', 0),
(302, 336, 0, 0, 2, 2, 7, 7, 7, 'NULL', 0),
(303, 337, 0, 0, 2, 2, 3, 3, 3, 'NULL', 0),
(304, 338, 0, 0, 2, 2, 9, 9, 9, 'NULL', 0),
(305, 339, 0, 0, 2, 2, 8, 8, 8, 'NULL', 0),
(306, 34, 0, 0, 2, 2, 2, 2, 2, 'B(71)ORB(84)', 0),
(307, 340, 0, 0, 2, 2, 10, 10, 10, 'NULL', 0),
(308, 341, 0, 0, 2, 2, 2, 2, 2, 'B(70)', 0),
(309, 342, 0, 0, 2, 2, 2, 2, 2, 'B(70)', 0),
(310, 343, 0, 0, 2, 2, 4, 4, 4, 'NULL', 0),
(311, 344, 0, 0, 2, 2, 5, 5, 5, 'NULL', 0),
(312, 345, 0, 0, 2, 2, 6, 6, 6, 'NULL', 0),
(313, 346, 0, 0, 2, 2, 7, 7, 7, 'NULL', 0),
(314, 347, 0, 0, 2, 2, 3, 3, 3, 'NULL', 0),
(315, 348, 0, 0, 2, 2, 9, 9, 9, 'NULL', 0),
(316, 349, 0, 0, 2, 2, 8, 8, 8, 'NULL', 0),
(317, 35, 0, 0, 2, 2, 1, 1, 1, 'B(38)ANDB(72)ANDB(73)', 0),
(318, 350, 0, 0, 2, 2, 10, 10, 10, 'NULL', 0),
(319, 351, 0, 0, 2, 2, 2, 2, 2, 'B(70)', 0),
(320, 352, 0, 0, 2, 2, 4, 4, 4, 'NULL', 0),
(321, 353, 0, 0, 2, 2, 5, 5, 5, 'NULL', 0),
(322, 354, 0, 0, 2, 2, 6, 6, 6, 'NULL', 0),
(323, 355, 0, 0, 2, 2, 7, 7, 7, 'NULL', 0),
(324, 356, 0, 0, 2, 2, 3, 3, 3, 'NULL', 0),
(325, 357, 0, 0, 2, 2, 9, 9, 9, 'NULL', 0),
(326, 358, 0, 0, 2, 2, 8, 8, 8, 'NULL', 0),
(327, 359, 0, 0, 2, 2, 10, 10, 10, 'NULL', 0),
(328, 36, 0, 0, 2, 1, 1, 1, 1, 'NULL', 0),
(329, 360, 0, 0, 2, 2, 1, 1, 1, 'NULL', 0),
(330, 361, 0, 0, 7, 2, 1, 1, 1, 'NULL', 0),
(331, 362, 0, 0, 2, 2, 1, 1, 1, 'B(74)', 0),
(332, 363, 0, 0, 2, 2, 1, 1, 1, 'B(74)', 0),
(333, 364, 0, 0, 2, 1, 1, 1, 1, 'NULL', 0),
(334, 365, 0, 0, 2, 1, 1, 1, 1, 'NULL', 0),
(335, 366, 0, 0, 2, 1, 1, 1, 1, 'NULL', 0),
(336, 367, 0, 0, 2, 1, 1, 1, 1, 'NULL', 0),
(337, 368, 0, 0, 2, 1, 1, 1, 1, 'NULL', 0),
(338, 369, 0, 0, 2, 2, 1, 1, 1, 'NULL', 0),
(339, 37, 0, 0, 2, 1, 1, 1, 1, 'NULL', 0),
(340, 370, 0, 0, 2, 1, 1, 1, 1, 'NULL', 0),
(341, 371, 0, 0, 2, 1, 1, 1, 1, 'NULL', 0),
(342, 372, 0, 0, 2, 1, 1, 1, 1, 'NULL', 0),
(343, 373, 0, 0, 2, 1, 1, 1, 1, 'NULL', 0),
(344, 374, 0, 0, 2, 2, 2, 2, 2, 'B(70)', 0),
(345, 375, 0, 0, 2, 2, 4, 4, 4, 'NULL', 0),
(346, 376, 0, 0, 2, 2, 3, 3, 3, 'NULL', 0),
(347, 38, 0, 0, 2, 1, 1, 1, 1, 'B(75)', 0),
(348, 39, 0, 0, 2, 1, 1, 1, 1, 'B(75)', 0),
(349, 4, 0, 0, 1, 1, 1, 1, 1, 'NULL', 0),
(350, 40, 0, 0, 2, 1, 1, 1, 1, 'B(76)', 0),
(351, 41, 0, 0, 2, 1, 1, 1, 1, 'B(76)', 0),
(352, 42, 0, 0, 2, 1, 1, 1, 1, 'B(76)', 0),
(353, 43, 0, 0, 2, 1, 1, 1, 1, 'B(76)', 0),
(354, 44, 0, 0, 2, 2, 1, 1, 1, 'B(76)ANDB(77)', 0),
(355, 45, 0, 0, 2, 2, 2, 2, 2, 'B(75)', 0),
(356, 46, 0, 0, 2, 2, 2, 2, 2, 'B(80)', 0),
(357, 47, 0, 0, 2, 2, 2, 2, 2, 'B(80)', 0),
(358, 48, 0, 0, 2, 2, 4, 4, 4, 'NULL', 0),
(359, 49, 0, 0, 2, 2, 5, 5, 5, 'NULL', 0),
(360, 5, 0, 0, 1, 1, 1, 1, 1, 'NULL', 0),
(361, 50, 0, 0, 2, 2, 6, 6, 6, 'NULL', 0),
(362, 51, 0, 0, 2, 2, 7, 7, 7, 'NULL', 0),
(363, 52, 0, 0, 2, 2, 3, 3, 3, 'NULL', 0),
(364, 53, 0, 0, 2, 2, 9, 9, 9, 'NULL', 0),
(365, 54, 0, 0, 2, 2, 8, 8, 8, 'NULL', 0),
(366, 55, 0, 0, 2, 2, 10, 10, 10, 'NULL', 0),
(367, 56, 0, 0, 2, 2, 4, 4, 4, 'NULL', 0),
(368, 57, 0, 0, 2, 2, 5, 5, 5, 'NULL', 0),
(369, 58, 0, 0, 2, 2, 6, 6, 6, 'NULL', 0),
(370, 59, 0, 0, 2, 2, 7, 7, 7, 'NULL', 0),
(371, 6, 0, 0, 1, 2, 1, 1, 1, 'NULL', 0),
(372, 60, 0, 0, 2, 2, 3, 3, 3, 'NULL', 0),
(373, 61, 0, 0, 2, 2, 9, 9, 9, 'NULL', 0),
(374, 62, 0, 0, 2, 2, 8, 8, 8, 'NULL', 0),
(375, 63, 0, 0, 2, 2, 10, 10, 10, 'NULL', 0),
(376, 64, 0, 0, 2, 2, 2, 2, 2, 'B(80)', 0),
(377, 65, 0, 0, 2, 2, 4, 4, 4, 'NULL', 0),
(378, 66, 0, 0, 2, 2, 5, 5, 5, 'NULL', 0),
(379, 67, 0, 0, 2, 2, 6, 6, 6, 'NULL', 0),
(380, 68, 0, 0, 2, 2, 7, 7, 7, 'NULL', 0),
(381, 69, 0, 0, 2, 2, 3, 3, 3, 'NULL', 0),
(382, 7, 0, 0, 1, 2, 1, 1, 1, 'B(42)', 0),
(383, 70, 0, 0, 2, 2, 9, 9, 9, 'NULL', 0),
(384, 71, 0, 0, 2, 2, 8, 8, 8, 'NULL', 0),
(385, 72, 0, 0, 2, 2, 10, 10, 10, 'NULL', 0),
(386, 73, 0, 0, 2, 2, 1, 1, 1, 'NULL', 0),
(387, 74, 0, 0, 2, 2, 1, 1, 1, 'NULL', 0),
(388, 75, 0, 0, 2, 2, 1, 1, 1, 'NULL', 0),
(389, 76, 0, 0, 2, 2, 1, 1, 1, 'NULL', 0),
(390, 77, 0, 0, 2, 2, 1, 1, 1, 'B(78)', 0),
(391, 78, 0, 0, 2, 2, 1, 1, 1, 'B(79)', 0),
(392, 79, 0, 0, 2, 2, 1, 1, 1, 'B(79)', 0),
(393, 8, 0, 0, 1, 2, 1, 1, 1, 'B(55)', 0),
(394, 80, 0, 0, 2, 2, 1, 1, 1, 'B(79)', 0),
(395, 81, 0, 0, 2, 2, 1, 1, 1, 'B(79)', 0),
(396, 82, 0, 0, 2, 2, 1, 1, 1, 'B(79)', 0),
(397, 83, 0, 0, 2, 2, 1, 1, 1, 'B(79)', 0),
(398, 84, 0, 0, 2, 2, 1, 1, 1, 'B(79)', 0),
(399, 85, 0, 0, 2, 2, 1, 1, 1, 'B(79)', 0),
(400, 86, 0, 0, 2, 2, 1, 1, 1, 'B(79)', 0),
(401, 87, 0, 0, 2, 2, 1, 1, 1, 'B(79)', 0),
(402, 88, 0, 0, 2, 2, 1, 1, 1, 'B(81)', 0),
(403, 89, 0, 0, 2, 2, 1, 1, 1, 'B(81)', 0),
(404, 9, 0, 0, 1, 2, 1, 1, 1, 'B(56)', 0),
(405, 90, 0, 0, 2, 2, 1, 1, 1, 'NULL', 0),
(406, 91, 0, 0, 2, 2, 1, 1, 1, 'NULL', 0),
(407, 92, 0, 0, 2, 2, 1, 1, 1, 'NULL', 0),
(408, 93, 0, 0, 2, 2, 1, 1, 1, 'NULL', 0),
(409, 94, 0, 0, 6, 2, 1, 1, 1, 'NULL', 0),
(410, 95, 0, 0, 7, 2, 1, 1, 1, 'NULL', 0),
(411, 96, 0, 0, 7, 2, 1, 1, 1, 'NULL', 0),
(412, 97, 0, 0, 2, 2, 1, 1, 1, 'B(82)', 0),
(413, 98, 0, 0, 2, 18, 1, 1, 1, 'B(83)', 0),
(414, 99, 0, 0, 2, 2, 1, 1, 1, 'B(87)', 0);

CREATE TABLE `RegleCondition` (
  `id_regle` int(3) PRIMARY KEY,
  `condition_bool` varchar(50) DEFAULT NULL,
  `id_condition_quali` int(2) DEFAULT NULL,
  `id_condition_entree_graphique` int(2) DEFAULT NULL,
  `condition_bande_constructible_min` varchar(10) DEFAULT NULL,
  `condition_bande_constructible_max` varchar(10) DEFAULT NULL
) ENGINE=InnoDB DEFAULT CHARSET=utf8;

INSERT INTO `RegleCondition` (`id_regle`, `condition_bool`, `id_condition_quali`, `id_condition_entree_graphique`, `condition_bande_constructible_min`, `condition_bande_constructible_max`) VALUES
(1, 'NULL', 0, 1, 'NULL', 'NULL'),
(100, 'B(1)ANDB(2)', 0, 0, 'NULL', 'NULL'),
(101, 'B(3)', 0, 0, 'NULL', 'NULL'),
(106, 'NULL', 0, 0, 14, 16),
(107, 'NULL', 0, 0, 16, 'NULL'),
(108, 'NULL', 0, 0, 16, 'NULL'),
(109, 'NULL', 0, 10, 'NULL', 'NULL'),
(112, 'NULL', 0, 11, 'NULL', 'NULL'),
(113, 'B(4)', 0, 0, 'NULL', 'NULL'),
(114, 'B(5)', 0, 0, 'NULL', 'NULL'),
(115, 'B(3)', 0, 0, 'NULL', 'NULL'),
(153, 'NULL', 0, 12, 'NULL', 'NULL'),
(154, 'NULL', 0, 12, 'NULL', 'NULL'),
(155, 'B(6)ANDB(7)', 0, 0, 'NULL', 'NULL'),
(167, 'NULL', 0, 14, 'NULL', 'NULL'),
(169, 'NULL', 1, 0, 'NULL', 'NULL'),
(170, 'NULL', 1, 0, 'NULL', 'NULL'),
(19, 'NULL', 0, 5, 'NULL', 'NULL'),
(2, 'NULL', 0, 1, 'NULL', 'NULL'),
(20, 'NULL', 0, 5, 'NULL', 'NULL'),
(204, 'NULL', 0, 13, 'NULL', 'NULL'),
(21, 'NULL', 0, 5, 'NULL', 'NULL'),
(22, 'NULL', 0, 5, 'NULL', 'NULL'),
(225, 'B(8)', 0, 0, 'NULL', 'NULL'),
(226, 'B(9)', 0, 0, 'NULL', 'NULL'),
(23, 'NULL', 0, 5, 'NULL', 'NULL'),
(230, 'B(9)', 0, 0, 'NULL', 'NULL'),
(231, 'B(9)', 0, 0, 'NULL', 'NULL'),
(237, 'B(10)ANDB(11)', 0, 0, 'NULL', 'NULL'),
(238, 'B(10)ANDB(11)', 0, 0, 'NULL', 'NULL'),
(239, 'B(10)ANDB(11)', 0, 0, 'NULL', 'NULL'),
(24, 'NULL', 0, 5, 'NULL', 'NULL'),
(240, 'B(10)ANDB(11)', 0, 0, 'NULL', 'NULL'),
(241, 'B(10)ANDB(11)', 0, 0, 'NULL', 'NULL'),
(242, 'B(10)ANDB(11)', 0, 0, 'NULL', 'NULL'),
(243, 'B(10)ANDB(11)', 0, 0, 'NULL', 'NULL'),
(244, 'B(10)ANDB(11)', 0, 0, 'NULL', 'NULL'),
(245, 'B(8)', 0, 0, 'NULL', 'NULL'),
(246, 'B(9)', 0, 0, 'NULL', 'NULL'),
(25, 'NULL', 0, 5, 'NULL', 'NULL'),
(250, 'B(9)', 0, 0, 'NULL', 'NULL'),
(251, 'B(9)', 0, 0, 'NULL', 'NULL'),
(259, 'B(9)', 0, 0, 'NULL', 'NULL'),
(26, 'NULL', 0, 5, 'NULL', 'NULL'),
(260, 'B(9)', 0, 0, 'NULL', 'NULL'),
(261, 'B(8)', 0, 0, 'NULL', 'NULL'),
(262, 'B(9)', 0, 0, 'NULL', 'NULL'),
(27, 'NULL', 0, 5, 'NULL', 'NULL'),
(28, 'NULL', 0, 5, 'NULL', 'NULL'),
(29, 'NULL', 0, 5, 'NULL', 'NULL'),
(3, 'NULL', 0, 1, 'NULL', 'NULL'),
(30, 'NULL', 0, 5, 'NULL', 'NULL'),
(306, 'B(12)', 0, 0, 'NULL', 'NULL'),
(307, 'B(12)', 0, 0, 'NULL', 'NULL'),
(308, 'B(12)', 0, 0, 'NULL', 'NULL'),
(309, 'B(12)', 0, 0, 'NULL', 'NULL'),
(31, 'NULL', 0, 5, 'NULL', 'NULL'),
(310, 'B(12)', 0, 0, 'NULL', 'NULL'),
(311, 'B(12)', 0, 0, 'NULL', 'NULL'),
(312, 'B(12)', 0, 0, 'NULL', 'NULL'),
(313, 'B(12)', 0, 0, 'NULL', 'NULL'),
(314, 'B(12)', 0, 0, 'NULL', 'NULL'),
(315, 'B(13)ANDB(14)', 0, 0, 'NULL', 'NULL'),
(316, 'B(13)ANDB(14)', 0, 0, 'NULL', 'NULL'),
(317, 'B(13)ANDB(14)', 0, 0, 'NULL', 'NULL'),
(318, 'B(13)ANDB(14)', 0, 0, 'NULL', 'NULL'),
(319, 'B(13)ANDB(14)', 0, 0, 'NULL', 'NULL'),
(32, 'NULL', 0, 5, 'NULL', 'NULL'),
(320, 'B(13)ANDB(14)', 0, 0, 'NULL', 'NULL'),
(321, 'B(13)ANDB(14)', 0, 0, 'NULL', 'NULL'),
(322, 'B(13)ANDB(14)', 0, 0, 'NULL', 'NULL'),
(323, 'B(13)ANDB(14)', 0, 0, 'NULL', 'NULL'),
(324, 'B(13)ANDB(15)', 0, 0, 'NULL', 'NULL'),
(325, 'B(13)ANDB(15)', 0, 0, 'NULL', 'NULL'),
(326, 'B(13)ANDB(15)', 0, 0, 'NULL', 'NULL'),
(327, 'B(13)ANDB(15)', 0, 0, 'NULL', 'NULL'),
(328, 'B(13)ANDB(15)', 0, 0, 'NULL', 'NULL'),
(329, 'B(13)ANDB(15)', 0, 0, 'NULL', 'NULL'),
(33, 'NULL', 0, 5, 'NULL', 'NULL'),
(330, 'B(13)ANDB(15)', 0, 0, 'NULL', 'NULL'),
(331, 'B(13)ANDB(15)', 0, 0, 'NULL', 'NULL'),
(332, 'B(13)ANDB(15)', 0, 0, 'NULL', 'NULL'),
(34, 'B(16)', 0, 0, 'NULL', 'NULL'),
(342, 'B(12)', 0, 0, 'NULL', 'NULL'),
(343, 'B(12)', 0, 0, 'NULL', 'NULL'),
(344, 'B(12)', 0, 0, 'NULL', 'NULL'),
(345, 'B(12)', 0, 0, 'NULL', 'NULL'),
(346, 'B(12)', 0, 0, 'NULL', 'NULL'),
(347, 'B(12)', 0, 0, 'NULL', 'NULL'),
(348, 'B(12)', 0, 0, 'NULL', 'NULL'),
(349, 'B(12)', 0, 0, 'NULL', 'NULL'),
(35, 'NULL', 0, 6, 'NULL', 'NULL'),
(350, 'B(12)', 0, 0, 'NULL', 'NULL'),
(367, 'NULL', 0, 3, 'NULL', 'NULL'),
(368, 'NULL', 0, 3, 'NULL', 'NULL'),
(369, 'NULL', 0, 3, 'NULL', 'NULL'),
(370, 'NULL', 0, 4, 'NULL', 'NULL'),
(4, 'NULL', 0, 1, 'NULL', 'NULL'),
(43, 'B(17)', 0, 0, 'NULL', 'NULL'),
(45, 'B(18)', 0, 0, 'NULL', 'NULL'),
(5, 'NULL', 0, 1, 'NULL', 'NULL'),
(6, 'NULL', 0, 2, 'NULL', 'NULL'),
(64, 'B(19)', 0, 0, 'NULL', 'NULL'),
(65, 'B(19)', 0, 0, 'NULL', 'NULL'),
(66, 'B(19)', 0, 0, 'NULL', 'NULL'),
(67, 'B(19)', 0, 0, 'NULL', 'NULL'),
(68, 'B(19)', 0, 0, 'NULL', 'NULL'),
(69, 'B(19)', 0, 0, 'NULL', 'NULL'),
(7, 'NULL', 0, 2, 'NULL', 'NULL'),
(70, 'B(19)', 0, 0, 'NULL', 'NULL'),
(71, 'B(19)', 0, 0, 'NULL', 'NULL'),
(72, 'B(19)', 0, 0, 'NULL', 'NULL'),
(8, 'NULL', 0, 2, 'NULL', 'NULL'),
(84, 'NULL', 0, 7, 'NULL', 'NULL'),
(9, 'NULL', 0, 2, 'NULL', 'NULL'),
(94, 'NULL', 0, 8, 'NULL', 'NULL'),
(95, 'NULL', 0, 8, 'NULL', 'NULL'),
(96, 'NULL', 0, 9, 'NULL', 'NULL'),
(97, 'B(20)ANDB(21)ANDB(22)', 0, 0, 'NULL', 'NULL'),
(98, 'B(3)', 0, 0, 'NULL', 'NULL');

CREATE TABLE `RegleAction` (
  `id` int(3) PRIMARY KEY,
  `id_regle` int(3) DEFAULT NULL,
  `id_element_contraint` int(4) DEFAULT NULL,
  `valeur_bool_true` tinyint(1) DEFAULT NULL,
  `valeur_bool_false` tinyint(1) DEFAULT NULL,
  `valeur_dis` varchar(10) DEFAULT NULL,
  `valeur_reel` varchar(10) DEFAULT NULL,
  `formule_dis` varchar(50) DEFAULT NULL,
  `formule_reel` varchar(50) DEFAULT NULL,
  `interdiction` tinyint(1) DEFAULT NULL,
  `autorisation` tinyint(1) DEFAULT NULL,
  `quali_information` tinyint(1) DEFAULT NULL,
  `quali_justification` tinyint(1) DEFAULT NULL,
  `quali_contrainte` tinyint(1) DEFAULT NULL,
  `package` tinyint(1) DEFAULT NULL,
  `id_free` int(3) DEFAULT NULL,
  `is_opt` tinyint(1) DEFAULT NULL,
  `id_to_opt` int(3) DEFAULT NULL,
  `opt_min` tinyint(1) DEFAULT NULL,
  `opt_max` tinyint(1) DEFAULT NULL
) ENGINE=InnoDB DEFAULT CHARSET=utf8;

INSERT INTO `RegleAction` (`id`, `id_regle`, `id_element_contraint`, `valeur_bool_true`, `valeur_bool_false`, `valeur_dis`, `valeur_reel`, `formule_dis`, `formule_reel`, `interdiction`, `autorisation`, `quali_information`, `quali_justification`, `quali_contrainte`, `package`, `id_free`, `is_opt`, `id_to_opt`, `opt_min`, `opt_max`) VALUES
(1, 1, 0, 0, 0, 'NULL', 'NULL', 'NULL', 'NULL', 1, 0, 0, 0, 0, 0, 0, 0, 0, 0, 0),
(2, 10, 0, 0, 0, 'NULL', 'NULL', 'NULL', 'NULL', 0, 0, 1, 0, 0, 0, 0, 0, 0, 0, 0),
(3, 100, 0, 0, 0, 'NULL', 'NULL', 'NULL', 'NULL', 0, 1, 0, 0, 0, 0, 0, 0, 0, 0, 0),
(4, 101, 0, 0, 0, 'NULL', 'NULL', 'NULL', 'NULL', 0, 1, 0, 0, 0, 0, 0, 0, 0, 0, 0),
(5, 102, 0, 0, 0, 'NULL', 'NULL', 'NULL', 'NULL', 0, 1, 0, 0, 0, 0, 0, 0, 0, 0, 0),
(6, 103, 1043, 1, 0, 'NULL', 'NULL', 'NULL', 'NULL', 0, 0, 0, 0, 0, 0, 0, 0, 0, 0, 0),
(7, 104, 1045, 1, 0, 'NULL', 'NULL', 'NULL', 'NULL', 0, 0, 0, 0, 0, 0, 0, 0, 0, 0, 0),
(8, 105, 1505, 0, 0, 2, 2, 'NULL', 'NULL', 0, 0, 0, 0, 0, 0, 0, 0, 0, 0, 0),
(9, 106, 1060, 1, 0, 'NULL', 'NULL', 'NULL', 'NULL', 0, 0, 0, 0, 0, 0, 0, 0, 0, 0, 0),
(10, 107, 1059, 1, 0, 'NULL', 'NULL', 'NULL', 'NULL', 0, 0, 0, 0, 0, 0, 0, 0, 0, 0, 0),
(11, 108, 1061, 1, 0, 'NULL', 'NULL', 'NULL', 'NULL', 0, 0, 0, 0, 0, 0, 0, 0, 0, 0, 0),
(12, 109, 1062, 1, 0, 'NULL', 'NULL', 'NULL', 'NULL', 0, 0, 0, 0, 0, 0, 0, 0, 0, 0, 0),
(13, 11, 0, 0, 0, 'NULL', 'NULL', 'NULL', 'NULL', 1, 0, 0, 0, 0, 0, 0, 0, 0, 0, 0),
(14, 110, 1059, 1, 0, 'NULL', 'NULL', 'NULL', 'NULL', 0, 0, 0, 0, 0, 0, 0, 0, 0, 0, 0),
(15, 111, 1061, 1, 0, 'NULL', 'NULL', 'NULL', 'NULL', 0, 0, 0, 0, 0, 0, 0, 0, 0, 0, 0),
(16, 112, 1062, 1, 0, 'NULL', 'NULL', 'NULL', 'NULL', 0, 0, 0, 0, 0, 0, 0, 0, 0, 0, 0),
(17, 113, 1409, 0, 0, 'NULL', 'NULL', 'NULL', 'max( 6 , X / 2 )', 0, 0, 0, 0, 0, 0, 0, 0, 0, 0, 0),
(18, 114, 1409, 0, 0, 'NULL', 'NULL', 'NULL', 'max( 4 , X / 2 )', 0, 0, 0, 0, 0, 0, 0, 0, 0, 0, 0),
(19, 115, 0, 0, 0, 'NULL', 'NULL', 'NULL', 'NULL', 0, 1, 0, 0, 0, 0, 0, 0, 0, 0, 0),
(20, 116, 1033, 1, 0, 'NULL', 'NULL', 'NULL', 'NULL', 0, 0, 0, 0, 0, 0, 0, 0, 0, 0, 0),
(21, 117, 1506, 0, 0, 'NULL', '1,5', 'NULL', 'NULL', 0, 0, 0, 0, 0, 0, 0, 0, 0, 0, 0),
(22, 118, 1059, 1, 0, 'NULL', 'NULL', 'NULL', 'NULL', 0, 0, 0, 0, 0, 0, 0, 0, 0, 0, 0),
(23, 119, 1061, 1, 0, 'NULL', 'NULL', 'NULL', 'NULL', 0, 0, 0, 0, 0, 0, 0, 0, 0, 0, 0),
(24, 12, 0, 0, 0, 'NULL', 'NULL', 'NULL', 'NULL', 1, 0, 0, 0, 0, 0, 0, 0, 0, 0, 0),
(25, 120, 1409, 0, 0, 'NULL', 2, 'NULL', 'NULL', 0, 0, 0, 0, 0, 0, 0, 0, 0, 0, 0),
(26, 121, 1233, 0, 0, 'NULL', 'NULL', 'NULL', 'max( 8 , X )', 0, 0, 0, 0, 0, 0, 0, 0, 0, 0, 0),
(27, 122, 1236, 0, 0, 'NULL', 'NULL', 'NULL', 'max( 4 , X / 2 )', 0, 0, 0, 0, 0, 0, 0, 0, 0, 0, 0),
(28, 123, 1233, 0, 0, 'NULL', 4, 'NULL', 'NULL', 0, 0, 0, 0, 0, 0, 0, 0, 0, 0, 0),
(29, 124, 1236, 0, 0, 'NULL', 4, 'NULL', 'NULL', 0, 0, 0, 0, 0, 0, 0, 0, 0, 0, 0),
(30, 126, 1181, 0, 0, 'NULL', 'NULL', 'NULL', '0.8 * X', 0, 0, 0, 0, 0, 0, 0, 0, 0, 0, 0),
(31, 127, 1190, 0, 0, 'NULL', 18, 'NULL', 'NULL', 0, 0, 0, 0, 0, 0, 0, 0, 0, 0, 0),
(32, 128, 1190, 0, 0, 'NULL', 18, 'NULL', 'NULL', 0, 0, 0, 0, 0, 0, 0, 0, 0, 0, 0),
(33, 129, 1240, 0, 0, 'NULL', 15, 'NULL', 'NULL', 0, 0, 0, 0, 0, 0, 0, 0, 0, 0, 0),
(34, 13, 0, 0, 0, 'NULL', 'NULL', 'NULL', 'NULL', 1, 0, 0, 0, 0, 0, 0, 0, 0, 0, 0),
(35, 130, 1240, 0, 0, 'NULL', 15, 'NULL', 'NULL', 0, 0, 0, 0, 0, 0, 0, 0, 0, 0, 0),
(36, 131, 1244, 0, 0, 'NULL', 3, 'NULL', 'NULL', 0, 0, 0, 0, 0, 0, 0, 0, 0, 0, 0),
(37, 132, 1244, 0, 0, 'NULL', 3, 'NULL', 'NULL', 0, 0, 0, 0, 0, 0, 0, 0, 0, 0, 0),
(38, 133, 1253, 0, 0, 'NULL', 60, 'NULL', 'NULL', 0, 0, 0, 0, 0, 0, 0, 0, 0, 0, 0),
(39, 134, 1253, 0, 0, 'NULL', 60, 'NULL', 'NULL', 0, 0, 0, 0, 0, 0, 0, 0, 0, 0, 0),
(40, 135, 1240, 0, 0, 'NULL', 15, 'NULL', 'NULL', 0, 0, 0, 0, 0, 0, 0, 0, 0, 0, 0),
(41, 136, 1240, 0, 0, 'NULL', 15, 'NULL', 'NULL', 0, 0, 0, 0, 0, 0, 0, 0, 0, 0, 0),
(42, 137, 1256, 0, 0, 'NULL', 0, 'NULL', 'NULL', 0, 0, 0, 0, 0, 0, 0, 0, 0, 0, 0),
(43, 138, 1256, 0, 0, 'NULL', 0, 'NULL', 'NULL', 0, 0, 0, 0, 0, 0, 0, 0, 0, 0, 0),
(44, 139, 1265, 0, 0, 'NULL', '1,5', 'NULL', 'NULL', 0, 0, 0, 0, 0, 0, 0, 0, 0, 0, 0),
(45, 14, 0, 0, 0, 'NULL', 'NULL', 'NULL', 'NULL', 1, 0, 0, 0, 0, 0, 0, 0, 0, 0, 0),
(46, 140, 1265, 0, 0, 'NULL', '1,5', 'NULL', 'NULL', 0, 0, 0, 0, 0, 0, 0, 0, 0, 0, 0),
(47, 141, 1262, 0, 0, 'NULL', '1,5', 'NULL', 'NULL', 0, 0, 0, 0, 0, 0, 0, 0, 0, 0, 0),
(48, 142, 1262, 0, 0, 'NULL', '1,5', 'NULL', 'NULL', 0, 0, 0, 0, 0, 0, 0, 0, 0, 0, 0),
(49, 143, 1193, 0, 0, 'NULL', 9, 'NULL', 'NULL', 0, 0, 0, 0, 0, 0, 0, 0, 0, 0, 0),
(50, 144, 1190, 0, 0, 'NULL', 12, 'NULL', 'NULL', 0, 0, 0, 0, 0, 0, 0, 0, 0, 0, 0),
(51, 145, 1240, 0, 0, 'NULL', 9, 'NULL', 'NULL', 0, 0, 0, 0, 0, 0, 0, 0, 0, 0, 0),
(52, 146, 1262, 0, 0, 'NULL', 3, 'NULL', 'NULL', 0, 0, 0, 0, 0, 0, 0, 0, 0, 0, 0),
(53, 147, 1253, 0, 0, 'NULL', 45, 'NULL', 'NULL', 0, 0, 0, 0, 0, 0, 0, 0, 0, 0, 0),
(54, 148, 1240, 0, 0, 'NULL', 9, 'NULL', 'NULL', 0, 0, 0, 0, 0, 0, 0, 0, 0, 0, 0),
(55, 149, 1256, 0, 0, 'NULL', 60, 'NULL', 'NULL', 0, 0, 0, 0, 0, 0, 0, 0, 0, 0, 0),
(56, 15, 0, 0, 0, 'NULL', 'NULL', 'NULL', 'NULL', 1, 0, 0, 0, 0, 0, 0, 0, 0, 0, 0),
(57, 150, 1247, 0, 0, 'NULL', 2, 'NULL', 'NULL', 0, 0, 0, 0, 0, 0, 0, 0, 0, 0, 0),
(58, 151, 1259, 0, 0, 'NULL', 30, 'NULL', 'NULL', 0, 0, 0, 0, 0, 0, 0, 0, 0, 0, 0),
(59, 152, 1250, 0, 0, 'NULL', 1, 'NULL', 'NULL', 0, 0, 0, 0, 0, 0, 0, 0, 0, 0, 0),
(60, 153, 0, 0, 0, 'NULL', 'NULL', 'NULL', 'NULL', 0, 0, 0, 0, 1, 0, 0, 0, 0, 0, 0),
(61, 154, 1190, 0, 0, 'NULL', 'NULL', 'NULL', 'X', 0, 0, 0, 0, 0, 0, 0, 0, 0, 0, 0),
(62, 155, 1507, 0, 1, 'NULL', 'NULL', 'NULL', 'NULL', 0, 0, 0, 0, 0, 0, 0, 0, 0, 0, 0),
(63, 156, 0, 0, 0, 'NULL', 'NULL', 'NULL', 'NULL', 0, 0, 0, 0, 1, 0, 0, 0, 0, 0, 0),
(64, 157, 0, 0, 0, 'NULL', 'NULL', 'NULL', 'NULL', 0, 1, 0, 0, 0, 0, 0, 0, 0, 0, 0),
(65, 158, 0, 0, 0, 'NULL', 'NULL', 'NULL', 'NULL', 0, 0, 0, 0, 1, 0, 0, 0, 0, 0, 0),
(66, 159, 0, 0, 0, 'NULL', 'NULL', 'NULL', 'NULL', 0, 1, 0, 0, 0, 0, 0, 0, 0, 0, 0),
(67, 16, 0, 0, 0, 'NULL', 'NULL', 'NULL', 'NULL', 1, 0, 0, 0, 0, 0, 0, 0, 0, 0, 0),
(68, 160, 0, 0, 0, 'NULL', 'NULL', 'NULL', 'NULL', 0, 0, 0, 0, 1, 0, 0, 0, 0, 0, 0),
(69, 161, 1187, 0, 0, 'NULL', '3,5', 'NULL', 'NULL', 0, 0, 0, 0, 0, 0, 0, 0, 0, 0, 0),
(70, 162, 1190, 0, 0, 'NULL', 18, 'NULL', 'NULL', 0, 0, 0, 0, 0, 0, 0, 0, 0, 0, 0),
(71, 163, 1190, 0, 0, 'NULL', 18, 'NULL', 'NULL', 0, 0, 0, 0, 0, 0, 0, 0, 0, 0, 0),
(72, 164, 1190, 0, 0, 'NULL', 12, 'NULL', 'NULL', 0, 0, 0, 0, 0, 0, 0, 0, 0, 0, 0),
(73, 165, 0, 0, 0, 'NULL', 'NULL', 'NULL', 'NULL', 0, 0, 0, 1, 0, 0, 0, 0, 0, 0, 0),
(74, 166, 0, 0, 0, 'NULL', 'NULL', 'NULL', 'NULL', 0, 0, 0, 0, 1, 0, 0, 0, 0, 0, 0),
(75, 167, 1084, 1, 0, 'NULL', 'NULL', 'NULL', 'NULL', 0, 0, 0, 0, 0, 0, 0, 0, 0, 0, 0),
(76, 168, 0, 0, 0, 'NULL', 'NULL', 'NULL', 'NULL', 0, 0, 0, 0, 1, 0, 0, 0, 0, 0, 0),
(77, 169, 0, 0, 0, 'NULL', 'NULL', 'NULL', 'NULL', 0, 1, 0, 0, 0, 0, 0, 0, 0, 0, 0),
(78, 17, 0, 0, 0, 'NULL', 'NULL', 'NULL', 'NULL', 1, 0, 0, 0, 0, 0, 0, 0, 0, 0, 0),
(79, 170, 0, 0, 0, 'NULL', 'NULL', 'NULL', 'NULL', 0, 1, 0, 0, 0, 0, 0, 0, 0, 0, 0),
(80, 171, 1380, 0, 0, 1, 'NULL', 'NULL', 'NULL', 0, 0, 0, 0, 0, 0, 0, 0, 0, 0, 0),
(81, 172, 0, 0, 0, 'NULL', 'NULL', 'NULL', 'NULL', 0, 0, 0, 0, 1, 0, 0, 0, 0, 0, 0),
(82, 173, 0, 0, 0, 'NULL', 'NULL', 'NULL', 'NULL', 0, 0, 0, 0, 1, 0, 0, 0, 0, 0, 0),
(83, 174, 0, 0, 0, 'NULL', 'NULL', 'NULL', 'NULL', 0, 0, 0, 0, 1, 0, 0, 0, 0, 0, 0),
(84, 175, 1110, 1, 0, 'NULL', 'NULL', 'NULL', 'NULL', 0, 0, 0, 0, 0, 0, 0, 0, 0, 0, 0),
(85, 176, 1110, 0, 1, 'NULL', 'NULL', 'NULL', 'NULL', 0, 0, 0, 0, 0, 0, 0, 0, 0, 0, 0),
(86, 177, 0, 0, 0, 'NULL', 'NULL', 'NULL', 'NULL', 0, 0, 0, 0, 1, 0, 0, 0, 0, 0, 0),
(87, 178, 0, 0, 0, 'NULL', 'NULL', 'NULL', 'NULL', 0, 0, 0, 0, 1, 0, 0, 0, 0, 0, 0),
(88, 179, 1182, 0, 0, 'NULL', 3, 'NULL', 'NULL', 0, 0, 0, 0, 0, 0, 0, 0, 0, 0, 0),
(89, 18, 0, 0, 0, 'NULL', 'NULL', 'NULL', 'NULL', 1, 0, 0, 0, 0, 0, 0, 0, 0, 0, 0),
(90, 180, 0, 0, 0, 'NULL', 'NULL', 'NULL', 'NULL', 0, 0, 0, 0, 1, 0, 0, 0, 0, 0, 0),
(91, 181, 0, 0, 0, 'NULL', 'NULL', 'NULL', 'NULL', 0, 0, 0, 0, 1, 0, 0, 0, 0, 0, 0),
(92, 182, 0, 0, 0, 'NULL', 'NULL', 'NULL', 'NULL', 0, 0, 0, 0, 1, 0, 0, 0, 0, 0, 0),
(93, 183, 0, 0, 0, 'NULL', 'NULL', 'NULL', 'NULL', 0, 0, 0, 0, 1, 0, 0, 0, 0, 0, 0),
(94, 184, 0, 0, 0, 'NULL', 'NULL', 'NULL', 'NULL', 0, 0, 0, 0, 0, 0, 0, 0, 0, 0, 0),
(95, 185, 0, 0, 0, 'NULL', 'NULL', 'NULL', 'NULL', 0, 0, 0, 0, 1, 0, 0, 0, 0, 0, 0),
(96, 186, 0, 0, 0, 'NULL', 'NULL', 'NULL', 'NULL', 0, 0, 0, 0, 1, 0, 0, 0, 0, 0, 0),
(97, 187, 0, 0, 0, 'NULL', 'NULL', 'NULL', 'NULL', 0, 0, 0, 0, 1, 0, 0, 0, 0, 0, 0),
(98, 188, 0, 0, 0, 'NULL', 'NULL', 'NULL', 'NULL', 0, 0, 0, 0, 1, 0, 0, 0, 0, 0, 0),
(99, 189, 0, 0, 0, 'NULL', 'NULL', 'NULL', 'NULL', 0, 0, 0, 0, 1, 0, 0, 0, 0, 0, 0),
(100, 19, 0, 0, 0, 'NULL', 'NULL', 'NULL', 'NULL', 0, 0, 0, 0, 1, 0, 0, 0, 0, 0, 0),
(101, 190, 0, 0, 0, 'NULL', 'NULL', 'NULL', 'NULL', 0, 0, 0, 0, 1, 0, 0, 0, 0, 0, 0),
(102, 191, 0, 0, 0, 'NULL', 'NULL', 'NULL', 'NULL', 0, 0, 0, 0, 1, 0, 0, 0, 0, 0, 0),
(103, 192, 0, 0, 0, 'NULL', 'NULL', 'NULL', 'NULL', 0, 0, 0, 0, 1, 0, 0, 0, 0, 0, 0),
(104, 193, 1163, 0, 0, 'NULL', 2, 'NULL', 'NULL', 0, 0, 0, 0, 0, 0, 0, 0, 0, 0, 0),
(105, 194, 0, 0, 0, 'NULL', 'NULL', 'NULL', 'NULL', 0, 0, 0, 0, 1, 0, 0, 0, 0, 0, 0),
(106, 195, 1166, 0, 0, 'NULL', '1,2', 'NULL', 'NULL', 0, 0, 0, 0, 0, 0, 0, 0, 0, 0, 0),
(107, 196, 1169, 0, 0, 'NULL', '2,2', 'NULL', 'NULL', 0, 0, 0, 0, 0, 0, 0, 0, 0, 0, 0),
(108, 197, 1172, 0, 0, 'NULL', '2,2', 'NULL', 'NULL', 0, 0, 0, 0, 0, 0, 0, 0, 0, 0, 0),
(109, 198, 1175, 0, 0, 'NULL', '2,2', 'NULL', 'NULL', 0, 0, 0, 0, 0, 0, 0, 0, 0, 0, 0),
(110, 199, 0, 0, 0, 'NULL', 'NULL', 'NULL', 'NULL', 0, 0, 0, 0, 1, 0, 0, 0, 0, 0, 0),
(111, 2, 0, 0, 0, 'NULL', 'NULL', 'NULL', 'NULL', 1, 0, 0, 0, 0, 0, 0, 0, 0, 0, 0),
(112, 20, 0, 0, 0, 'NULL', 'NULL', 'NULL', 'NULL', 1, 0, 0, 0, 0, 0, 0, 0, 0, 0, 0),
(113, 200, 0, 0, 0, 'NULL', 'NULL', 'NULL', 'NULL', 0, 0, 0, 0, 1, 0, 0, 0, 0, 0, 0),
(114, 201, 0, 0, 0, 'NULL', 'NULL', 'NULL', 'NULL', 0, 0, 0, 0, 1, 0, 0, 0, 0, 0, 0),
(115, 202, 1163, 0, 0, 'NULL', 2, 'NULL', 'NULL', 0, 0, 0, 0, 0, 0, 0, 0, 0, 0, 0),
(116, 203, 0, 0, 0, 'NULL', 'NULL', 'NULL', 'NULL', 0, 0, 0, 0, 1, 0, 0, 0, 0, 0, 0),
(117, 204, 0, 0, 0, 'NULL', 'NULL', 'NULL', 'NULL', 0, 0, 0, 0, 1, 0, 0, 0, 0, 0, 0),
(118, 205, 0, 0, 0, 'NULL', 'NULL', 'NULL', 'NULL', 0, 0, 0, 0, 1, 0, 0, 0, 0, 0, 0),
(119, 206, 1275, 0, 0, 'NULL', '0,8', 'NULL', 'NULL', 0, 0, 0, 0, 0, 0, 0, 0, 0, 0, 0),
(120, 207, 1275, 0, 0, 'NULL', '0,8', 'NULL', 'NULL', 0, 0, 0, 0, 0, 0, 0, 0, 0, 0, 0),
(121, 208, 1275, 0, 0, 'NULL', '0,8', 'NULL', 'NULL', 0, 0, 0, 0, 0, 0, 0, 0, 0, 0, 0),
(122, 209, 1275, 0, 0, 'NULL', '0,8', 'NULL', 'NULL', 0, 0, 0, 0, 0, 0, 0, 0, 0, 0, 0),
(123, 21, 0, 0, 0, 'NULL', 'NULL', 'NULL', 'NULL', 1, 0, 0, 0, 0, 0, 0, 0, 0, 0, 0),
(124, 210, 1275, 0, 0, 'NULL', '0,8', 'NULL', 'NULL', 0, 0, 0, 0, 0, 0, 0, 0, 0, 0, 0),
(125, 211, 1275, 0, 0, 'NULL', '0,8', 'NULL', 'NULL', 0, 0, 0, 0, 0, 0, 0, 0, 0, 0, 0),
(126, 212, 1275, 0, 0, 'NULL', '0,8', 'NULL', 'NULL', 0, 0, 0, 0, 0, 0, 0, 0, 0, 0, 0),
(127, 213, 1275, 0, 0, 'NULL', '0,8', 'NULL', 'NULL', 0, 0, 0, 0, 0, 0, 0, 0, 0, 0, 0),
(128, 214, 1275, 0, 0, 'NULL', '0,8', 'NULL', 'NULL', 0, 0, 0, 0, 0, 0, 0, 0, 0, 0, 0),
(129, 215, 0, 0, 0, 'NULL', 'NULL', 'NULL', 'NULL', 0, 0, 0, 0, 1, 0, 0, 0, 0, 0, 0),
(130, 216, 0, 0, 0, 'NULL', 'NULL', 'NULL', 'NULL', 0, 0, 0, 0, 1, 0, 0, 0, 0, 0, 0),
(131, 217, 0, 0, 0, 'NULL', 'NULL', 'NULL', 'NULL', 0, 0, 0, 0, 1, 0, 0, 0, 0, 0, 0),
(132, 218, 0, 0, 0, 'NULL', 'NULL', 'NULL', 'NULL', 0, 0, 0, 0, 1, 0, 0, 0, 0, 0, 0),
(133, 219, 0, 0, 0, 'NULL', 'NULL', 'NULL', 'NULL', 0, 0, 0, 0, 1, 0, 0, 0, 0, 0, 0),
(134, 22, 0, 0, 0, 'NULL', 'NULL', 'NULL', 'NULL', 1, 0, 0, 0, 0, 0, 0, 0, 0, 0, 0),
(135, 220, 0, 0, 0, 'NULL', 'NULL', 'NULL', 'NULL', 0, 0, 0, 0, 1, 0, 0, 0, 0, 0, 0),
(136, 221, 0, 0, 0, 'NULL', 'NULL', 'NULL', 'NULL', 0, 0, 0, 0, 1, 0, 0, 0, 0, 0, 0),
(137, 222, 0, 0, 0, 'NULL', 'NULL', 'NULL', 'NULL', 0, 0, 0, 0, 1, 0, 0, 0, 0, 0, 0),
(138, 223, 0, 0, 0, 'NULL', 'NULL', 'NULL', 'NULL', 0, 0, 0, 0, 1, 0, 0, 0, 0, 0, 0),
(139, 224, 0, 0, 0, 'NULL', 'NULL', 'NULL', 'NULL', 1, 0, 0, 0, 0, 0, 0, 0, 0, 0, 0),
(140, 225, 1384, 0, 0, 'NULL', 'NULL', 'ENT( X / 50 ) + 1', 'NULL', 0, 0, 0, 0, 0, 0, 0, 0, 0, 0, 0),
(141, 226, 1384, 0, 0, 'NULL', 'NULL', 'ENT( X / 60 ) + 1', 'NULL', 0, 0, 0, 0, 0, 0, 0, 0, 0, 0, 0),
(142, 227, 1383, 0, 0, 'NULL', 'NULL', 'ENT( X / 60 ) + 1', 'NULL', 0, 0, 0, 0, 0, 0, 0, 0, 0, 0, 0),
(143, 228, 1385, 0, 0, 'NULL', 'NULL', '1.9 * X', 'NULL', 0, 0, 0, 0, 0, 0, 0, 0, 0, 0, 0),
(144, 229, 1383, 0, 0, 'NULL', 'NULL', '1 * X', 'NULL', 0, 0, 0, 0, 0, 0, 0, 0, 0, 0, 0),
(145, 23, 0, 0, 0, 'NULL', 'NULL', 'NULL', 'NULL', 1, 0, 0, 0, 0, 0, 0, 0, 0, 0, 0),
(146, 230, 1383, 0, 0, 'NULL', 'NULL', '0.5 * X', 'NULL', 0, 0, 0, 0, 0, 0, 0, 0, 0, 0, 0),
(147, 231, 1383, 0, 0, 'NULL', 'NULL', '1 * X', 'NULL', 0, 0, 0, 0, 0, 0, 0, 0, 0, 0, 0),
(148, 232, 1383, 0, 0, 'NULL', 'NULL', 'max( 2 , ENT( X / 40 ) + 1 ) ', 'NULL', 0, 0, 0, 0, 0, 0, 0, 0, 0, 0, 0),
(149, 233, 1386, 0, 0, 1, 'NULL', 'NULL', 'NULL', 0, 0, 0, 0, 0, 0, 0, 0, 0, 0, 0),
(150, 234, 1386, 0, 0, 1, 'NULL', 'NULL', 'NULL', 0, 0, 0, 0, 0, 0, 0, 0, 0, 0, 0),
(151, 235, 1383, 0, 0, 'NULL', 'NULL', 'max( 20 , X ) + ENT( max( X - 20 , 0 ) / 20 + 1 )', 'NULL', 0, 0, 0, 0, 0, 0, 0, 0, 0, 0, 0),
(152, 236, 0, 0, 0, 'NULL', 'NULL', 'NULL', 'NULL', 0, 0, 0, 0, 1, 0, 0, 0, 0, 0, 0),
(153, 237, 1394, 0, 0, 'NULL', 'NULL', 'X', 'NULL', 0, 0, 0, 0, 0, 0, 0, 0, 0, 0, 0),
(154, 238, 0, 0, 0, 'NULL', 'NULL', 'NULL', 'NULL', 0, 0, 0, 0, 0, 0, 260, 0, 0, 0, 0),
(155, 239, 1394, 0, 0, 'NULL', 'NULL', 'X', 'NULL', 0, 0, 0, 0, 0, 0, 0, 0, 0, 0, 0),
(156, 24, 0, 0, 0, 'NULL', 'NULL', 'NULL', 'NULL', 1, 0, 0, 0, 0, 0, 0, 0, 0, 0, 0),
(157, 240, 0, 0, 0, 'NULL', 'NULL', 'NULL', 'NULL', 0, 0, 0, 0, 0, 0, 260, 0, 0, 0, 0),
(158, 241, 1394, 0, 0, 'NULL', 'NULL', 'X', 'NULL', 0, 0, 0, 0, 0, 0, 0, 0, 0, 0, 0),
(159, 242, 0, 0, 0, 'NULL', 'NULL', 'NULL', 'NULL', 0, 0, 0, 0, 0, 0, 260, 0, 0, 0, 0),
(160, 243, 1394, 0, 0, 'NULL', 'NULL', 'X', 'NULL', 0, 0, 0, 0, 0, 0, 0, 0, 0, 0, 0),
(161, 244, 0, 0, 0, 'NULL', 'NULL', 'NULL', 'NULL', 0, 0, 0, 0, 0, 0, 260, 0, 0, 0, 0),
(162, 245, 1384, 0, 0, 'NULL', 'NULL', 'ENT( X / 50 ) + 1', 'NULL', 0, 0, 0, 0, 0, 0, 0, 0, 0, 0, 0),
(163, 246, 1384, 0, 0, 'NULL', 'NULL', 'ENT( X / 60 ) + 1', 'NULL', 0, 0, 0, 0, 0, 0, 0, 0, 0, 0, 0),
(164, 247, 1383, 0, 0, 'NULL', 'NULL', 'ENT( X / 60 ) + 1', 'NULL', 0, 0, 0, 0, 0, 0, 0, 0, 0, 0, 0),
(165, 248, 1385, 0, 0, 'NULL', 'NULL', '1.9 * X', 'NULL', 0, 0, 0, 0, 0, 0, 0, 0, 0, 0, 0),
(166, 249, 1383, 0, 0, 'NULL', 'NULL', '1 * X', 'NULL', 0, 0, 0, 0, 0, 0, 0, 0, 0, 0, 0),
(167, 25, 0, 0, 0, 'NULL', 'NULL', 'NULL', 'NULL', 1, 0, 0, 0, 0, 0, 0, 0, 0, 0, 0),
(168, 250, 1383, 0, 0, 'NULL', 'NULL', '0.5 * X', 'NULL', 0, 0, 0, 0, 0, 0, 0, 0, 0, 0, 0),
(169, 251, 1383, 0, 0, 'NULL', 'NULL', '1 * X', 'NULL', 0, 0, 0, 0, 0, 0, 0, 0, 0, 0, 0),
(170, 252, 1383, 0, 0, 'NULL', 'NULL', 'max( 2 , ENT( X / 40 ) + 1 ) ', 'NULL', 0, 0, 0, 0, 0, 0, 0, 0, 0, 0, 0),
(171, 253, 1386, 0, 0, 1, 'NULL', 'NULL', 'NULL', 0, 0, 0, 0, 0, 0, 0, 0, 0, 0, 0),
(172, 254, 1386, 0, 0, 1, 'NULL', 'NULL', 'NULL', 0, 0, 0, 0, 0, 0, 0, 0, 0, 0, 0),
(173, 255, 1383, 0, 0, 'NULL', 'NULL', 'max( 20 , X ) + ENT( max( X - 20 , 0 ) / 20 + 1 )', 'NULL', 0, 0, 0, 0, 0, 0, 0, 0, 0, 0, 0),
(174, 256, 1383, 0, 0, 'NULL', 'NULL', 'ENT( X / 60 ) + 1', 'NULL', 0, 0, 0, 0, 0, 0, 0, 0, 0, 0, 0),
(175, 257, 1385, 0, 0, 'NULL', 'NULL', '1.9 * X', 'NULL', 0, 0, 0, 0, 0, 0, 0, 0, 0, 0, 0),
(176, 258, 1383, 0, 0, 'NULL', 'NULL', '1 * X', 'NULL', 0, 0, 0, 0, 0, 0, 0, 0, 0, 0, 0),
(177, 259, 1383, 0, 0, 'NULL', 'NULL', '0.5 * X', 'NULL', 0, 0, 0, 0, 0, 0, 0, 0, 0, 0, 0),
(178, 26, 0, 0, 0, 'NULL', 'NULL', 'NULL', 'NULL', 1, 0, 0, 0, 0, 0, 0, 0, 0, 0, 0),
(179, 260, 1383, 0, 0, 'NULL', 'NULL', '1 * X', 'NULL', 0, 0, 0, 0, 0, 0, 0, 0, 0, 0, 0),
(180, 261, 1383, 0, 0, 'NULL', 'NULL', 'ENT( X / 60 ) + 1', 'NULL', 0, 0, 0, 0, 0, 0, 0, 1, 256, 1, 0),
(181, 261, 1384, 0, 0, 'NULL', 'NULL', 'ENT( Y / 50 ) + 1', 'NULL', 0, 0, 0, 0, 0, 0, 0, 1, 256, 1, 0),
(182, 262, 1383, 0, 0, 'NULL', 'NULL', 'ENT( X / 60 ) + 1', 'NULL', 0, 0, 0, 0, 0, 0, 0, 1, 256, 1, 0),
(183, 262, 1384, 0, 0, 'NULL', 'NULL', 'ENT( Y / 60 ) + 1', 'NULL', 0, 0, 0, 0, 0, 0, 0, 1, 256, 1, 0),
(184, 263, 1383, 0, 0, 'NULL', 'NULL', 'ENT( X / 60 ) + 1', 'NULL', 0, 0, 0, 0, 0, 0, 0, 1, 256, 1, 0),
(185, 263, 1383, 0, 0, 'NULL', 'NULL', 'max( 2 , ENT( Y / 40 ) + 1 )', 'NULL', 0, 0, 0, 0, 0, 0, 0, 1, 256, 1, 0),
(186, 264, 1383, 0, 0, 'NULL', 'NULL', 'ENT( X / 60 ) + 1', 'NULL', 0, 0, 0, 0, 0, 0, 0, 0, 0, 0, 0),
(187, 265, 1383, 0, 0, 'NULL', 'NULL', 'ENT( X / 60 ) + 1', 'NULL', 0, 0, 0, 0, 0, 0, 0, 0, 0, 0, 0),
(188, 266, 1383, 0, 0, 'NULL', 'NULL', 'ENT( X / 60 ) + 1', 'NULL', 0, 0, 0, 0, 0, 0, 0, 0, 0, 0, 0),
(189, 267, 1383, 0, 0, 'NULL', 'NULL', 'ENT( X / 60 ) + 1', 'NULL', 0, 0, 0, 0, 0, 0, 0, 0, 0, 0, 0),
(190, 268, 1383, 0, 0, 'NULL', 'NULL', 'ENT( X / 60 ) + 1', 'NULL', 0, 0, 0, 0, 0, 0, 0, 0, 0, 0, 0),
(191, 269, 1383, 0, 0, 'NULL', 'NULL', 'ENT( X / 60 ) + 1', 'NULL', 0, 0, 0, 0, 0, 0, 0, 1, 256, 1, 0),
(192, 269, 1383, 0, 0, 'NULL', 'NULL', 'max( 20 , Y ) + ENT( max( Y - 20 , 0 ) )', 'NULL', 0, 0, 0, 0, 0, 0, 0, 1, 256, 1, 0),
(193, 27, 0, 0, 0, 'NULL', 'NULL', 'NULL', 'NULL', 1, 0, 0, 0, 0, 0, 0, 0, 0, 0, 0),
(194, 270, 1389, 0, 0, 'NULL', 'NULL', 'X', 'NULL', 0, 0, 0, 0, 0, 0, 0, 0, 0, 0, 0),
(195, 271, 1389, 0, 0, 'NULL', 'NULL', 'X', 'NULL', 0, 0, 0, 0, 0, 0, 0, 0, 0, 0, 0),
(196, 272, 1389, 0, 0, 'NULL', 'NULL', 'X', 'NULL', 0, 0, 0, 0, 0, 0, 0, 0, 0, 0, 0),
(197, 273, 1389, 0, 0, 'NULL', 'NULL', 'X', 'NULL', 0, 0, 0, 0, 0, 0, 0, 0, 0, 0, 0),
(198, 274, 1389, 0, 0, 'NULL', 'NULL', 'X', 'NULL', 0, 0, 0, 0, 0, 0, 0, 0, 0, 0, 0),
(199, 275, 1389, 0, 0, 'NULL', 'NULL', 'X', 'NULL', 0, 0, 0, 0, 0, 0, 0, 0, 0, 0, 0),
(200, 276, 1389, 0, 0, 'NULL', 'NULL', 'X', 'NULL', 0, 0, 0, 0, 0, 0, 0, 0, 0, 0, 0),
(201, 277, 1389, 0, 0, 'NULL', 'NULL', 'X', 'NULL', 0, 0, 0, 0, 0, 0, 0, 0, 0, 0, 0),
(202, 278, 0, 0, 0, 'NULL', 'NULL', 'NULL', 'NULL', 0, 0, 0, 0, 1, 0, 0, 0, 0, 0, 0),
(203, 279, 1126, 1, 0, 'NULL', 'NULL', 'NULL', 'NULL', 0, 0, 0, 0, 0, 0, 0, 0, 0, 0, 0),
(204, 28, 0, 0, 0, 'NULL', 'NULL', 'NULL', 'NULL', 1, 0, 0, 0, 0, 0, 0, 0, 0, 0, 0),
(205, 280, 1126, 1, 0, 'NULL', 'NULL', 'NULL', 'NULL', 0, 0, 0, 0, 0, 0, 0, 0, 0, 0, 0),
(206, 281, 0, 0, 0, 'NULL', 'NULL', 'NULL', 'NULL', 0, 0, 0, 0, 1, 0, 0, 0, 0, 0, 0),
(207, 282, 1278, 0, 0, 'NULL', 'NULL', 'NULL', 'max( 3 , 0.75 * ( X + Y ) + 1.5 * ( Z - X - Y ) )', 0, 0, 0, 0, 0, 0, 0, 0, 0, 0, 0),
(208, 283, 1278, 0, 0, 'NULL', 'NULL', 'NULL', '0.015 * X', 0, 0, 0, 0, 0, 0, 0, 0, 0, 0, 0),
(209, 284, 1128, 0, 1, 'NULL', 'NULL', 'NULL', 'NULL', 0, 0, 0, 0, 0, 0, 0, 0, 0, 0, 0),
(210, 285, 0, 0, 0, 'NULL', 'NULL', 'NULL', 'NULL', 0, 0, 0, 0, 1, 0, 0, 0, 0, 0, 0),
(211, 286, 1395, 0, 0, 'NULL', 'NULL', 'ENT( X / 10 )', 'NULL', 0, 0, 0, 0, 0, 0, 0, 0, 0, 0, 0),
(212, 287, 0, 0, 0, 'NULL', 'NULL', 'NULL', 'NULL', 0, 0, 0, 0, 1, 0, 0, 0, 0, 0, 0),
(213, 288, 1395, 0, 0, 'NULL', 'NULL', 'ENT( X / 10 )', 'NULL', 0, 0, 0, 0, 0, 0, 0, 0, 0, 0, 0),
(214, 289, 0, 0, 0, 'NULL', 'NULL', 'NULL', 'NULL', 0, 0, 0, 0, 1, 0, 0, 0, 0, 0, 0),
(215, 29, 0, 0, 0, 'NULL', 'NULL', 'NULL', 'NULL', 1, 0, 0, 0, 0, 0, 0, 0, 0, 0, 0),
(216, 290, 1395, 0, 0, 'NULL', 'NULL', 'ENT( X / 10 )', 'NULL', 0, 0, 0, 0, 0, 0, 0, 0, 0, 0, 0),
(217, 291, 1395, 0, 0, 'NULL', 'NULL', 'ENT( X / 10 )', 'NULL', 0, 0, 0, 0, 1, 0, 0, 0, 0, 0, 0),
(218, 292, 0, 0, 0, 'NULL', 'NULL', 'NULL', 'NULL', 0, 0, 0, 0, 1, 0, 0, 0, 0, 0, 0),
(219, 293, 0, 0, 0, 'NULL', 'NULL', 'NULL', 'NULL', 0, 0, 0, 0, 0, 0, 0, 0, 0, 0, 0),
(220, 294, 1397, 0, 0, 'NULL', 'NULL', 'ENT( X / 8 )', 'NULL', 0, 0, 0, 0, 0, 0, 0, 0, 0, 0, 0),
(221, 295, 1395, 0, 0, 'NULL', 'NULL', 'ENT( X / 12 )', 'NULL', 0, 0, 0, 0, 0, 0, 0, 0, 0, 0, 0),
(222, 296, 0, 0, 0, 'NULL', 'NULL', 'NULL', 'NULL', 0, 0, 0, 0, 0, 1, 0, 0, 0, 0, 0),
(223, 297, 0, 0, 0, 'NULL', 'NULL', 'NULL', 'NULL', 0, 0, 0, 0, 1, 0, 0, 0, 0, 0, 0),
(224, 298, 0, 0, 0, 'NULL', 'NULL', 'NULL', 'NULL', 0, 0, 0, 0, 0, 1, 0, 0, 0, 0, 0),
(225, 299, 0, 0, 0, 'NULL', 'NULL', 'NULL', 'NULL', 0, 0, 0, 0, 1, 0, 0, 0, 0, 0, 0),
(226, 3, 0, 0, 0, 'NULL', 'NULL', 'NULL', 'NULL', 0, 0, 0, 1, 0, 0, 0, 0, 0, 0, 0),
(227, 30, 0, 0, 0, 'NULL', 'NULL', 'NULL', 'NULL', 1, 0, 0, 0, 0, 0, 0, 0, 0, 0, 0),
(228, 300, 1282, 0, 0, 'NULL', 5, 'NULL', 'NULL', 0, 0, 0, 0, 0, 0, 0, 0, 0, 0, 0),
(229, 301, 1285, 0, 0, 'NULL', '2,5', 'NULL', 'NULL', 0, 0, 0, 0, 0, 0, 0, 0, 0, 0, 0),
(230, 302, 1288, 0, 0, 'NULL', 5, 'NULL', 'NULL', 0, 0, 0, 0, 0, 0, 0, 0, 0, 0, 0),
(231, 303, 1132, 0, 0, 'NULL', 'NULL', 'NULL', 'NULL', 0, 0, 0, 0, 0, 0, 0, 0, 0, 0, 0),
(232, 304, 1298, 0, 0, 'NULL', '0,05', 'NULL', 'NULL', 0, 0, 0, 0, 0, 0, 0, 0, 0, 0, 0),
(233, 305, 0, 0, 0, 'NULL', 'NULL', 'NULL', 'NULL', 0, 0, 0, 0, 1, 0, 0, 0, 0, 0, 0),
(234, 306, 1303, 0, 0, 'NULL', '3,5', 'NULL', 'NULL', 0, 0, 0, 0, 0, 0, 0, 0, 0, 0, 0),
(235, 307, 1303, 0, 0, 'NULL', '3,5', 'NULL', 'NULL', 0, 0, 0, 0, 0, 0, 0, 0, 0, 0, 0),
(236, 308, 1303, 0, 0, 'NULL', '3,5', 'NULL', 'NULL', 0, 0, 0, 0, 0, 0, 0, 0, 0, 0, 0),
(237, 309, 1303, 0, 0, 'NULL', '3,5', 'NULL', 'NULL', 0, 0, 0, 0, 0, 0, 0, 0, 0, 0, 0),
(238, 31, 0, 0, 0, 'NULL', 'NULL', 'NULL', 'NULL', 1, 0, 0, 0, 0, 0, 0, 0, 0, 0, 0),
(239, 310, 1303, 0, 0, 'NULL', '3,5', 'NULL', 'NULL', 0, 0, 0, 0, 0, 0, 0, 0, 0, 0, 0),
(240, 311, 1303, 0, 0, 'NULL', '3,5', 'NULL', 'NULL', 0, 0, 0, 0, 0, 0, 0, 0, 0, 0, 0),
(241, 312, 1303, 0, 0, 'NULL', '3,5', 'NULL', 'NULL', 0, 0, 0, 0, 0, 0, 0, 0, 0, 0, 0),
(242, 313, 1303, 0, 0, 'NULL', '3,5', 'NULL', 'NULL', 0, 0, 0, 0, 0, 0, 0, 0, 0, 0, 0),
(243, 314, 1303, 0, 0, 'NULL', '3,5', 'NULL', 'NULL', 0, 0, 0, 0, 0, 0, 0, 0, 0, 0, 0),
(244, 315, 1303, 0, 0, 'NULL', '3,5', 'NULL', 'NULL', 0, 0, 0, 0, 0, 0, 0, 0, 0, 0, 0),
(245, 316, 1303, 0, 0, 'NULL', '3,5', 'NULL', 'NULL', 0, 0, 0, 0, 0, 0, 0, 0, 0, 0, 0),
(246, 317, 1303, 0, 0, 'NULL', '3,5', 'NULL', 'NULL', 0, 0, 0, 0, 0, 0, 0, 0, 0, 0, 0),
(247, 318, 1303, 0, 0, 'NULL', '3,5', 'NULL', 'NULL', 0, 0, 0, 0, 0, 0, 0, 0, 0, 0, 0),
(248, 319, 1303, 0, 0, 'NULL', '3,5', 'NULL', 'NULL', 0, 0, 0, 0, 0, 0, 0, 0, 0, 0, 0),
(249, 32, 0, 0, 0, 'NULL', 'NULL', 'NULL', 'NULL', 1, 0, 0, 0, 0, 0, 0, 0, 0, 0, 0),
(250, 320, 1303, 0, 0, 'NULL', '3,5', 'NULL', 'NULL', 0, 0, 0, 0, 0, 0, 0, 0, 0, 0, 0),
(251, 321, 1303, 0, 0, 'NULL', '3,5', 'NULL', 'NULL', 0, 0, 0, 0, 0, 0, 0, 0, 0, 0, 0),
(252, 322, 1303, 0, 0, 'NULL', '3,5', 'NULL', 'NULL', 0, 0, 0, 0, 0, 0, 0, 0, 0, 0, 0),
(253, 323, 1303, 0, 0, 'NULL', '3,5', 'NULL', 'NULL', 0, 0, 0, 0, 0, 0, 0, 0, 0, 0, 0),
(254, 324, 1303, 0, 0, 'NULL', '6,5', 'NULL', 'NULL', 0, 0, 0, 0, 0, 0, 0, 0, 0, 0, 0),
(255, 325, 1303, 0, 0, 'NULL', '6,5', 'NULL', 'NULL', 0, 0, 0, 0, 0, 0, 0, 0, 0, 0, 0),
(256, 326, 1303, 0, 0, 'NULL', '6,5', 'NULL', 'NULL', 0, 0, 0, 0, 0, 0, 0, 0, 0, 0, 0),
(257, 327, 1303, 0, 0, 'NULL', '6,5', 'NULL', 'NULL', 0, 0, 0, 0, 0, 0, 0, 0, 0, 0, 0),
(258, 328, 1303, 0, 0, 'NULL', '6,5', 'NULL', 'NULL', 0, 0, 0, 0, 0, 0, 0, 0, 0, 0, 0),
(259, 329, 1303, 0, 0, 'NULL', '6,5', 'NULL', 'NULL', 0, 0, 0, 0, 0, 0, 0, 0, 0, 0, 0),
(260, 33, 0, 0, 0, 'NULL', 'NULL', 'NULL', 'NULL', 1, 0, 0, 0, 0, 0, 0, 0, 0, 0, 0),
(261, 330, 1303, 0, 0, 'NULL', '6,5', 'NULL', 'NULL', 0, 0, 0, 0, 0, 0, 0, 0, 0, 0, 0),
(262, 331, 1303, 0, 0, 'NULL', '6,5', 'NULL', 'NULL', 0, 0, 0, 0, 0, 0, 0, 0, 0, 0, 0),
(263, 332, 1303, 0, 0, 'NULL', '6,5', 'NULL', 'NULL', 0, 0, 0, 0, 0, 0, 0, 0, 0, 0, 0),
(264, 333, 1305, 0, 0, 'NULL', 5, 'NULL', 'NULL', 0, 0, 0, 0, 0, 0, 0, 0, 0, 0, 0),
(265, 334, 1305, 0, 0, 'NULL', 5, 'NULL', 'NULL', 0, 0, 0, 0, 0, 0, 0, 0, 0, 0, 0),
(266, 335, 1305, 0, 0, 'NULL', 5, 'NULL', 'NULL', 0, 0, 0, 0, 0, 0, 0, 0, 0, 0, 0),
(267, 336, 1305, 0, 0, 'NULL', 5, 'NULL', 'NULL', 0, 0, 0, 0, 0, 0, 0, 0, 0, 0, 0),
(268, 337, 1305, 0, 0, 'NULL', 5, 'NULL', 'NULL', 0, 0, 0, 0, 0, 0, 0, 0, 0, 0, 0),
(269, 338, 1305, 0, 0, 'NULL', 5, 'NULL', 'NULL', 0, 0, 0, 0, 0, 0, 0, 0, 0, 0, 0),
(270, 339, 1305, 0, 0, 'NULL', 5, 'NULL', 'NULL', 0, 0, 0, 0, 0, 0, 0, 0, 0, 0, 0),
(271, 34, 0, 0, 0, 'NULL', 'NULL', 'NULL', 'NULL', 0, 1, 0, 0, 0, 0, 0, 0, 0, 0, 0),
(272, 340, 1305, 0, 0, 'NULL', 5, 'NULL', 'NULL', 0, 0, 0, 0, 0, 0, 0, 0, 0, 0, 0),
(273, 341, 1305, 0, 0, 'NULL', 5, 'NULL', 'NULL', 0, 0, 0, 0, 0, 0, 0, 0, 0, 0, 0),
(274, 342, 1308, 0, 0, 'NULL', 'NULL', 'NULL', '3.5 + X', 0, 0, 0, 0, 0, 0, 0, 0, 0, 0, 0),
(275, 343, 1308, 0, 0, 'NULL', 'NULL', 'NULL', '3.5 + X', 0, 0, 0, 0, 0, 0, 0, 0, 0, 0, 0),
(276, 344, 1308, 0, 0, 'NULL', 'NULL', 'NULL', '3.5 + X', 0, 0, 0, 0, 0, 0, 0, 0, 0, 0, 0),
(277, 345, 1308, 0, 0, 'NULL', 'NULL', 'NULL', '3.5 + X', 0, 0, 0, 0, 0, 0, 0, 0, 0, 0, 0),
(278, 346, 1308, 0, 0, 'NULL', 'NULL', 'NULL', '3.5 + X', 0, 0, 0, 0, 0, 0, 0, 0, 0, 0, 0),
(279, 347, 1308, 0, 0, 'NULL', 'NULL', 'NULL', '3.5 + X', 0, 0, 0, 0, 0, 0, 0, 0, 0, 0, 0),
(280, 348, 1308, 0, 0, 'NULL', 'NULL', 'NULL', '3.5 + X', 0, 0, 0, 0, 0, 0, 0, 0, 0, 0, 0),
(281, 349, 1308, 0, 0, 'NULL', 'NULL', 'NULL', '3.5 + X', 0, 0, 0, 0, 0, 0, 0, 0, 0, 0, 0),
(282, 35, 0, 0, 0, 'NULL', 'NULL', 'NULL', 'NULL', 0, 1, 0, 0, 0, 0, 0, 0, 0, 0, 0),
(283, 350, 1308, 0, 0, 'NULL', 'NULL', 'NULL', '3.5 + X', 0, 0, 0, 0, 0, 0, 0, 0, 0, 0, 0),
(284, 351, 1308, 0, 0, 'NULL', 'NULL', 'NULL', '6 + X', 0, 0, 0, 0, 0, 0, 0, 0, 0, 0, 0),
(285, 352, 1308, 0, 0, 'NULL', 'NULL', 'NULL', '6 + X', 0, 0, 0, 0, 0, 0, 0, 0, 0, 0, 0),
(286, 353, 1308, 0, 0, 'NULL', 'NULL', 'NULL', '6 + X', 0, 0, 0, 0, 0, 0, 0, 0, 0, 0, 0),
(287, 354, 1308, 0, 0, 'NULL', 'NULL', 'NULL', '6 + X', 0, 0, 0, 0, 0, 0, 0, 0, 0, 0, 0),
(288, 355, 1308, 0, 0, 'NULL', 'NULL', 'NULL', '6 + X', 0, 0, 0, 0, 0, 0, 0, 0, 0, 0, 0),
(289, 356, 1308, 0, 0, 'NULL', 'NULL', 'NULL', '6 + X', 0, 0, 0, 0, 0, 0, 0, 0, 0, 0, 0),
(290, 357, 1308, 0, 0, 'NULL', 'NULL', 'NULL', '6 + X', 0, 0, 0, 0, 0, 0, 0, 0, 0, 0, 0),
(291, 358, 1308, 0, 0, 'NULL', 'NULL', 'NULL', '6 + X', 0, 0, 0, 0, 0, 0, 0, 0, 0, 0, 0),
(292, 359, 1308, 0, 0, 'NULL', 'NULL', 'NULL', '6 + X', 0, 0, 0, 0, 0, 0, 0, 0, 0, 0, 0),
(293, 36, 1008, 1, 0, 'NULL', 'NULL', 'NULL', 'NULL', 0, 0, 0, 0, 0, 0, 0, 0, 0, 0, 0),
(294, 360, 0, 0, 0, 'NULL', 'NULL', 'NULL', 'NULL', 0, 0, 0, 0, 1, 0, 0, 0, 0, 0, 0),
(295, 361, 1311, 0, 0, 'NULL', '0,05', 'NULL', 'NULL', 0, 0, 0, 0, 0, 0, 0, 0, 0, 0, 0),
(296, 362, 1314, 0, 0, 'NULL', '0,8', 'NULL', 'NULL', 0, 0, 0, 0, 0, 0, 0, 0, 0, 0, 0),
(297, 363, 0, 0, 0, 'NULL', 'NULL', 'NULL', 'NULL', 0, 0, 0, 0, 1, 0, 0, 0, 0, 0, 0),
(298, 364, 1320, 0, 0, 'NULL', '2,4', 'NULL', 'NULL', 0, 0, 0, 0, 0, 0, 0, 0, 0, 0, 0),
(299, 365, 1404, 0, 0, 'NULL', 'NULL', 'ENT( X / 200 ) + 1', 'NULL', 0, 0, 0, 0, 0, 0, 0, 0, 0, 0, 0),
(300, 366, 0, 0, 0, 'NULL', 'NULL', 'NULL', 'NULL', 0, 0, 0, 0, 1, 0, 0, 0, 0, 0, 0),
(301, 367, 0, 0, 0, 'NULL', 'NULL', 'NULL', 'NULL', 0, 0, 0, 0, 1, 0, 0, 0, 0, 0, 0),
(302, 368, 0, 0, 0, 'NULL', 'NULL', 'NULL', 'NULL', 0, 0, 0, 0, 1, 0, 0, 0, 0, 0, 0),
(303, 369, 1412, 0, 0, 'NULL', 5, 'NULL', 'NULL', 0, 0, 0, 0, 0, 0, 0, 0, 0, 0, 0),
(304, 37, 1010, 1, 0, 'NULL', 'NULL', 'NULL', 'NULL', 0, 0, 0, 0, 0, 0, 0, 0, 0, 0, 0),
(305, 370, 0, 0, 0, 'NULL', 'NULL', 'NULL', 'NULL', 0, 0, 0, 0, 0, 1, 0, 0, 0, 0, 0),
(306, 371, 0, 0, 0, 'NULL', 'NULL', 'NULL', 'NULL', 0, 0, 1, 0, 0, 0, 0, 0, 0, 0, 0),
(307, 372, 0, 0, 0, 'NULL', 'NULL', 'NULL', 'NULL', 0, 0, 0, 0, 1, 0, 0, 0, 0, 0, 0),
(308, 373, 0, 0, 0, 'NULL', 'NULL', 'NULL', 'NULL', 0, 0, 0, 0, 1, 0, 0, 0, 0, 0, 0),
(309, 374, 1142, 1, 0, 'NULL', 'NULL', 'NULL', 'NULL', 0, 0, 0, 0, 0, 0, 0, 0, 0, 0, 0),
(310, 375, 1142, 1, 0, 'NULL', 'NULL', 'NULL', 'NULL', 0, 0, 0, 0, 0, 0, 0, 0, 0, 0, 0),
(311, 376, 1142, 1, 0, 'NULL', 'NULL', 'NULL', 'NULL', 0, 0, 0, 0, 0, 0, 0, 0, 0, 0, 0),
(312, 38, 0, 0, 0, 'NULL', 'NULL', 'NULL', 'NULL', 0, 0, 0, 0, 1, 0, 0, 0, 0, 0, 0),
(313, 39, 0, 0, 0, 'NULL', 'NULL', 'NULL', 'NULL', 0, 0, 0, 0, 0, 1, 0, 0, 0, 0, 0),
(314, 4, 0, 0, 0, 'NULL', 'NULL', 'NULL', 'NULL', 0, 0, 0, 0, 1, 0, 0, 0, 0, 0, 0),
(315, 40, 0, 0, 0, 'NULL', 'NULL', 'NULL', 'NULL', 0, 0, 0, 0, 1, 0, 0, 0, 0, 0, 0),
(316, 41, 0, 0, 0, 'NULL', 'NULL', 'NULL', 'NULL', 0, 0, 0, 0, 0, 1, 0, 0, 0, 0, 0),
(317, 42, 0, 0, 0, 'NULL', 'NULL', 'NULL', 'NULL', 0, 0, 0, 0, 1, 0, 0, 0, 0, 0, 0),
(318, 43, 0, 0, 0, 'NULL', 'NULL', 'NULL', 'NULL', 0, 0, 0, 0, 1, 0, 0, 0, 0, 0, 0),
(319, 44, 1155, 0, 0, 'NULL', 5, 'NULL', 'NULL', 0, 0, 0, 0, 0, 0, 0, 0, 0, 0, 0),
(320, 45, 1152, 0, 0, 'NULL', 3, 'NULL', 'NULL', 0, 0, 0, 0, 0, 0, 0, 0, 0, 0, 0),
(321, 46, 1152, 0, 0, 'NULL', 4, 'NULL', 'NULL', 0, 0, 0, 0, 0, 0, 0, 0, 0, 0, 0),
(322, 47, 0, 0, 0, 'NULL', 'NULL', 'NULL', 'NULL', 0, 0, 0, 0, 0, 1, 0, 0, 0, 0, 0),
(323, 48, 1152, 0, 0, 'NULL', 4, 'NULL', 'NULL', 0, 0, 0, 0, 0, 0, 0, 0, 0, 0, 0),
(324, 49, 1152, 0, 0, 'NULL', 4, 'NULL', 'NULL', 0, 0, 0, 0, 0, 0, 0, 0, 0, 0, 0),
(325, 5, 0, 0, 0, 'NULL', 'NULL', 'NULL', 'NULL', 0, 0, 0, 0, 0, 1, 0, 0, 0, 0, 0),
(326, 50, 1152, 0, 0, 'NULL', 4, 'NULL', 'NULL', 0, 0, 0, 0, 0, 0, 0, 0, 0, 0, 0),
(327, 51, 1152, 0, 0, 'NULL', 4, 'NULL', 'NULL', 0, 0, 0, 0, 0, 0, 0, 0, 0, 0, 0),
(328, 52, 1152, 0, 0, 'NULL', 4, 'NULL', 'NULL', 0, 0, 0, 0, 0, 0, 0, 0, 0, 0, 0),
(329, 53, 1152, 0, 0, 'NULL', 4, 'NULL', 'NULL', 0, 0, 0, 0, 0, 0, 0, 0, 0, 0, 0),
(330, 54, 1152, 0, 0, 'NULL', 4, 'NULL', 'NULL', 0, 0, 0, 0, 0, 0, 0, 0, 0, 0, 0),
(331, 55, 1152, 0, 0, 'NULL', 4, 'NULL', 'NULL', 0, 0, 0, 0, 0, 0, 0, 0, 0, 0, 0),
(332, 56, 0, 0, 0, 'NULL', 'NULL', 'NULL', 'NULL', 0, 0, 0, 0, 0, 1, 0, 0, 0, 0, 0),
(333, 57, 0, 0, 0, 'NULL', 'NULL', 'NULL', 'NULL', 0, 0, 0, 0, 0, 1, 0, 0, 0, 0, 0),
(334, 58, 0, 0, 0, 'NULL', 'NULL', 'NULL', 'NULL', 0, 0, 0, 0, 0, 1, 0, 0, 0, 0, 0),
(335, 59, 0, 0, 0, 'NULL', 'NULL', 'NULL', 'NULL', 0, 0, 0, 0, 0, 1, 0, 0, 0, 0, 0),
(336, 6, 0, 0, 0, 'NULL', 'NULL', 'NULL', 'NULL', 1, 0, 0, 0, 0, 0, 0, 0, 0, 0, 0),
(337, 60, 0, 0, 0, 'NULL', 'NULL', 'NULL', 'NULL', 0, 0, 0, 0, 0, 1, 0, 0, 0, 0, 0),
(338, 61, 0, 0, 0, 'NULL', 'NULL', 'NULL', 'NULL', 0, 0, 0, 0, 0, 1, 0, 0, 0, 0, 0),
(339, 62, 0, 0, 0, 'NULL', 'NULL', 'NULL', 'NULL', 0, 0, 0, 0, 0, 1, 0, 0, 0, 0, 0),
(340, 63, 0, 0, 0, 'NULL', 'NULL', 'NULL', 'NULL', 0, 0, 0, 0, 0, 1, 0, 0, 0, 0, 0),
(341, 64, 0, 0, 0, 'NULL', 'NULL', 'NULL', 'NULL', 0, 0, 0, 0, 1, 0, 0, 0, 0, 0, 0),
(342, 65, 0, 0, 0, 'NULL', 'NULL', 'NULL', 'NULL', 0, 0, 0, 0, 1, 0, 0, 0, 0, 0, 0),
(343, 66, 0, 0, 0, 'NULL', 'NULL', 'NULL', 'NULL', 0, 0, 0, 0, 1, 0, 0, 0, 0, 0, 0),
(344, 67, 0, 0, 0, 'NULL', 'NULL', 'NULL', 'NULL', 0, 0, 0, 0, 1, 0, 0, 0, 0, 0, 0),
(345, 68, 0, 0, 0, 'NULL', 'NULL', 'NULL', 'NULL', 0, 0, 0, 0, 1, 0, 0, 0, 0, 0, 0),
(346, 69, 0, 0, 0, 'NULL', 'NULL', 'NULL', 'NULL', 0, 0, 0, 0, 1, 0, 0, 0, 0, 0, 0),
(347, 7, 0, 0, 0, 'NULL', 'NULL', 'NULL', 'NULL', 1, 0, 0, 0, 0, 0, 0, 0, 0, 0, 0),
(348, 70, 0, 0, 0, 'NULL', 'NULL', 'NULL', 'NULL', 0, 0, 0, 0, 1, 0, 0, 0, 0, 0, 0),
(349, 71, 0, 0, 0, 'NULL', 'NULL', 'NULL', 'NULL', 0, 0, 0, 0, 1, 0, 0, 0, 0, 0, 0),
(350, 72, 0, 0, 0, 'NULL', 'NULL', 'NULL', 'NULL', 0, 0, 0, 0, 1, 0, 0, 0, 0, 0, 0),
(351, 73, 1036, 1, 0, 'NULL', 'NULL', 'NULL', 'NULL', 0, 0, 0, 0, 0, 0, 0, 0, 0, 0, 0),
(352, 74, 1042, 1, 0, 'NULL', 'NULL', 'NULL', 'NULL', 0, 0, 0, 0, 0, 0, 0, 0, 0, 0, 0),
(353, 75, 1038, 1, 0, 'NULL', 'NULL', 'NULL', 'NULL', 0, 0, 0, 0, 0, 0, 0, 0, 0, 0, 0),
(354, 76, 1036, 1, 0, 'NULL', 'NULL', 'NULL', 'NULL', 0, 0, 0, 0, 0, 0, 0, 0, 0, 0, 0),
(355, 77, 0, 0, 0, 'NULL', 'NULL', 'NULL', 'NULL', 0, 0, 0, 0, 0, 1, 0, 0, 0, 0, 0),
(356, 78, 0, 0, 0, 'NULL', 'NULL', 'NULL', 'NULL', 0, 0, 0, 0, 1, 0, 0, 0, 0, 0, 0),
(357, 79, 0, 0, 0, 'NULL', 'NULL', 'NULL', 'NULL', 0, 0, 0, 0, 0, 1, 0, 0, 0, 0, 0),
(358, 8, 0, 0, 0, 'NULL', 'NULL', 'NULL', 'NULL', 1, 0, 0, 0, 0, 0, 0, 0, 0, 0, 0),
(359, 80, 0, 0, 0, 'NULL', 'NULL', 'NULL', 'NULL', 0, 0, 0, 0, 1, 0, 0, 0, 0, 0, 0),
(360, 81, 0, 0, 0, 'NULL', 'NULL', 'NULL', 'NULL', 0, 0, 0, 0, 1, 0, 0, 0, 0, 0, 0),
(361, 82, 0, 0, 0, 'NULL', 'NULL', 'NULL', 'NULL', 0, 0, 0, 0, 0, 1, 0, 0, 0, 0, 0),
(362, 83, 0, 0, 0, 'NULL', 'NULL', 'NULL', 'NULL', 0, 0, 0, 0, 1, 0, 0, 0, 0, 0, 0),
(363, 84, 0, 0, 0, 'NULL', 'NULL', 'NULL', 'NULL', 0, 0, 0, 0, 1, 0, 0, 0, 0, 0, 0),
(364, 85, 1205, 0, 0, 'NULL', 2, 'NULL', 'NULL', 0, 0, 0, 0, 0, 0, 0, 0, 0, 0, 0),
(365, 86, 0, 0, 0, 'NULL', 'NULL', 'NULL', 'NULL', 0, 0, 0, 0, 1, 0, 0, 0, 0, 0, 0),
(366, 87, 1040, 1, 0, 'NULL', 'NULL', 'NULL', 'NULL', 0, 0, 0, 0, 0, 0, 0, 0, 0, 0, 0),
(367, 88, 1483, 1, 0, 'NULL', 'NULL', 'NULL', 'NULL', 0, 0, 0, 0, 0, 0, 0, 0, 0, 0, 0),
(368, 89, 1482, 1, 0, 'NULL', 'NULL', 'NULL', 'NULL', 0, 0, 0, 0, 0, 0, 0, 0, 0, 0, 0),
(369, 9, 0, 0, 0, 'NULL', 'NULL', 'NULL', 'NULL', 1, 0, 0, 0, 0, 0, 0, 0, 0, 0, 0),
(370, 90, 0, 0, 0, 'NULL', 'NULL', 'NULL', 'NULL', 0, 0, 0, 0, 1, 0, 0, 0, 0, 0, 0),
(371, 91, 1043, 1, 0, 'NULL', 'NULL', 'NULL', 'NULL', 0, 0, 0, 0, 0, 0, 0, 0, 0, 0, 0),
(372, 92, 1045, 1, 0, 'NULL', 'NULL', 'NULL', 'NULL', 0, 0, 0, 0, 0, 0, 0, 0, 0, 0, 0),
(373, 93, 1505, 0, 0, 'NULL', 3, 'NULL', 'NULL', 0, 0, 0, 0, 0, 0, 0, 0, 0, 0, 0),
(374, 94, 1044, 1, 0, 'NULL', 'NULL', 'NULL', 'NULL', 0, 0, 0, 0, 0, 0, 0, 0, 0, 0, 0),
(375, 95, 1044, 1, 0, 'NULL', 'NULL', 'NULL', 'NULL', 0, 0, 0, 0, 0, 0, 0, 0, 0, 0, 0),
(376, 96, 1046, 1, 0, 'NULL', 'NULL', 'NULL', 'NULL', 0, 0, 0, 0, 0, 0, 0, 0, 0, 0, 0),
(377, 97, 0, 0, 0, 'NULL', 'NULL', 'NULL', 'NULL', 0, 1, 0, 0, 0, 0, 0, 0, 0, 0, 0),
(378, 98, 0, 0, 0, 'NULL', 'NULL', 'NULL', 'NULL', 0, 1, 0, 0, 0, 0, 0, 0, 0, 0, 0),
(379, 99, 0, 0, 0, 'NULL', 'NULL', 'NULL', 'NULL', 0, 0, 0, 0, 1, 0, 0, 0, 0, 0, 0);

CREATE TABLE `ReglePackage` (
  `id` int(3) PRIMARY KEY,
  `id_regle` int(3) DEFAULT NULL,
  `id_loi` int(2) DEFAULT NULL
) ENGINE=InnoDB DEFAULT CHARSET=utf8;

INSERT INTO `ReglePackage` (`id`, `id_regle`, `id_loi`) VALUES
(1, 296, 27),
(2, 296, 28),
(3, 298, 27),
(4, 298, 28),
(5, 370, 29),
(6, 39, 25),
(7, 41, 25),
(8, 47, 25),
(9, 56, 25),
(10, 57, 25),
(11, 58, 25),
(12, 59, 25),
(13, 60, 25),
(14, 61, 25),
(15, 62, 25),
(16, 63, 25),
(17, 5, 2),
(18, 77, 26),
(19, 79, 26),
(20, 82, 26);

CREATE TABLE `VariableFormule` (
  `id` int(3) PRIMARY KEY,
  `id_regle` int(3) DEFAULT NULL,
  `lettre` varchar(1) DEFAULT NULL,
  `id_variable` int(3) DEFAULT NULL
) ENGINE=InnoDB DEFAULT CHARSET=utf8;

INSERT INTO `VariableFormule` (`id`, `id_regle`, `lettre`, `id_variable`) VALUES
(1, 113, 'X', 138),
(2, 114, 'X', 138),
(3, 121, 'X', 141),
(4, 122, 'X', 141),
(5, 126, 'X', 103),
(6, 154, 'X', 231),
(7, 225, 'X', 135),
(8, 226, 'X', 135),
(9, 227, 'X', 135),
(10, 228, 'X', 150),
(11, 229, 'X', 150),
(12, 230, 'X', 150),
(13, 231, 'X', 150),
(14, 232, 'X', 135),
(15, 235, 'X', 160),
(16, 237, 'X', 260),
(17, 239, 'X', 260),
(18, 241, 'X', 260),
(19, 243, 'X', 260),
(20, 245, 'X', 135),
(21, 246, 'X', 135),
(22, 247, 'X', 135),
(23, 248, 'X', 150),
(24, 249, 'X', 150),
(25, 250, 'X', 150),
(26, 251, 'X', 150),
(27, 252, 'X', 135),
(28, 255, 'X', 160),
(29, 256, 'X', 135),
(30, 257, 'X', 150),
(31, 258, 'X', 150),
(32, 259, 'X', 150),
(33, 260, 'X', 150),
(34, 270, 'X', 261),
(35, 271, 'X', 261),
(36, 272, 'X', 261),
(37, 273, 'X', 261),
(38, 274, 'X', 261),
(39, 275, 'X', 261),
(40, 276, 'X', 261),
(41, 277, 'X', 261),
(42, 282, 'X', 151),
(43, 282, 'Y', 152),
(44, 282, 'Z', 150),
(45, 283, 'X', 135),
(46, 286, 'X', 161),
(47, 288, 'X', 161),
(48, 290, 'X', 161),
(49, 291, 'X', 161),
(50, 294, 'X', 162),
(51, 295, 'X', 162),
(52, 342, 'X', 281),
(53, 343, 'X', 281),
(54, 344, 'X', 281),
(55, 345, 'X', 281),
(56, 346, 'X', 281),
(57, 347, 'X', 281),
(58, 348, 'X', 281),
(59, 349, 'X', 281),
(60, 350, 'X', 281),
(61, 351, 'X', 281),
(62, 352, 'X', 281),
(63, 353, 'X', 281),
(64, 354, 'X', 281),
(65, 355, 'X', 281),
(66, 356, 'X', 281),
(67, 357, 'X', 281),
(68, 358, 'X', 281),
(69, 359, 'X', 281),
(70, 365, 'X', 287),
(71, 261, 'X', 142),
(72, 261, 'Y', 142),
(73, 262, 'X', 142),
(74, 262, 'Y', 135),
(75, 263, 'X', 142),
(76, 263, 'Y', 135),
(77, 264, 'X', 142),
(78, 265, 'X', 142),
(79, 266, 'X', 142),
(80, 267, 'X', 142),
(81, 268, 'X', 142),
(82, 269, 'X', 142),
(83, 269, 'Y', 160);

CREATE TABLE `Booleen` (
  `id_booleen` int(3) PRIMARY KEY,
  `formule_booleen` varchar(50) DEFAULT NULL
) ENGINE=InnoDB DEFAULT CHARSET=utf8;

INSERT INTO `Booleen` (`id_booleen`, `formule_booleen`) VALUES
(1, 'X <= 1.2'),
(2, 'X <= 5.5'),
(3, 'X <= Y'),
(4, 'B'),
(5, 'B'),
(6, 'X <= 3.'),
(7, 'X >= Y'),
(8, 'X >= 500.'),
(9, 'X <= 500.'),
(10, 'X <= 50.'),
(11, 'B'),
(12, 'E == 1'),
(13, 'E == 2'),
(14, 'X <= 30'),
(15, 'X >= 30'),
(16, 'X >= 0.25'),
(17, 'X >= 2'),
(18, 'X <= 10'),
(19, 'B'),
(20, 'X >= 8.'),
(21, 'X <= 1.2'),
(22, 'X >= 5.5'),
(23, 'X >= 100'),
(24, 'B'),
(25, 'B'),
(26, 'B'),
(27, 'B'),
(28, 'B'),
(29, '!B'),
(30, '!B'),
(31, 'B'),
(32, 'E == 3'),
(33, '!B'),
(34, 'B'),
(35, 'B'),
(36, 'B'),
(37, 'B'),
(38, 'B'),
(39, 'B'),
(40, 'B'),
(41, 'B'),
(42, 'B'),
(43, 'B'),
(44, 'B'),
(45, 'B'),
(46, 'B'),
(47, 'B'),
(48, 'B'),
(49, 'B'),
(50, 'B'),
(51, 'B'),
(52, 'B'),
(53, 'B'),
(54, 'B'),
(55, 'B'),
(56, 'B'),
(57, 'B'),
(58, 'B'),
(59, 'B'),
(60, 'B'),
(61, 'B'),
(62, 'X >= 150.'),
(63, 'X >= 1500.'),
(64, 'X >= 50.'),
(65, 'X >= 1'),
(66, 'X >= 2'),
(67, 'X >= 500.'),
(68, 'B'),
(69, 'B'),
(70, 'X >= 3'),
(71, 'X >= 400.'),
(72, 'X <= 3.5'),
(73, 'X <= 15.'),
(74, 'B'),
(75, 'B'),
(76, 'B'),
(77, 'B'),
(78, 'B'),
(79, 'B'),
(80, 'X >= 10'),
(81, 'B'),
(82, 'B'),
(83, 'B'),
(84, 'X >= 10'),
(85, 'B'),
(86, 'X >= 3'),
(87, 'B');

CREATE TABLE `VariableBooleen` (
  `id` int(3) PRIMARY KEY,
  `id_booleen` int(3) DEFAULT NULL,
  `lettre` varchar(1) DEFAULT NULL,
  `id_variable_bool` int(3) DEFAULT NULL
) ENGINE=InnoDB DEFAULT CHARSET=utf8;

INSERT INTO `VariableBooleen` (`id`, `id_booleen`, `lettre`, `id_variable_bool`) VALUES
(1, 1, 'X', 189),
(2, 2, 'X', 190),
(3, 3, 'X', 147),
(4, 3, 'Y', 299),
(5, 4, 'B', 197),
(6, 5, 'B', 196),
(7, 6, 'X', 234),
(8, 7, 'X', 235),
(9, 7, 'Y', 234),
(10, 8, 'X', 116),
(11, 9, 'X', 116),
(12, 10, 'X', 142),
(13, 11, 'X', 143),
(14, 12, 'E', 278),
(15, 13, 'E', 278),
(16, 14, 'X', 279),
(17, 15, 'X', 279),
(18, 16, 'X', 158),
(19, 17, 'X', 105),
(20, 18, 'X', 109),
(21, 19, 'B', 108),
(22, 20, 'X', 185),
(23, 21, 'X', 186),
(24, 22, 'X', 187),
(25, 23, 'X', 159),
(26, 24, 'B', 188),
(27, 25, 'B', 191),
(28, 26, 'B', 164),
(29, 27, 'B', 251),
(30, 28, 'B', 199),
(31, 29, 'B', 201),
(32, 30, 'B', 203),
(33, 31, 'B', 251),
(34, 32, 'E', 218),
(35, 33, 'B', 131),
(36, 34, 'B', 173),
(37, 35, 'B', 233),
(38, 36, 'B', 232),
(39, 37, 'B', 132),
(40, 38, 'B', 144),
(41, 39, 'B', 236),
(42, 40, 'B', 237),
(43, 41, 'B', 238),
(44, 42, 'B', 119),
(45, 43, 'B', 245),
(46, 44, 'B', 253),
(47, 45, 'B', 'NULL'),
(48, 46, 'B', 240),
(49, 47, 'B', 247),
(50, 48, 'B', 241),
(51, 49, 'B', 242),
(52, 50, 'B', 243),
(53, 51, 'B', 244),
(54, 52, 'B', 239),
(55, 53, 'B', 121),
(56, 54, 'B', 118),
(57, 55, 'B', 124),
(58, 56, 'B', 126),
(59, 57, 'B', 128),
(60, 58, 'B', 297),
(61, 59, 'B', 122),
(62, 60, 'B', 259),
(63, 61, 'B', 296),
(64, 62, 'X', 135),
(65, 63, 'X', 135),
(66, 64, 'X', 142),
(67, 65, 'X', 157),
(68, 66, 'X', 150),
(69, 67, 'X', 135),
(70, 68, 'B', 269),
(71, 69, 'B', 273),
(72, 70, 'X', 150),
(73, 71, 'X', 135),
(74, 72, 'X', 138),
(75, 73, 'X', 136),
(76, 74, 'B', 285),
(77, 75, 'B', 106),
(78, 76, 'B', 110),
(79, 77, 'B', 111),
(80, 78, 'B', 166),
(81, 79, 'B', 167),
(82, 80, 'X', 109),
(83, 81, 'B', 170),
(84, 82, 'B', 184),
(85, 83, 'B', 192),
(86, 84, 'X', 150),
(87, 85, 'B', 266),
(88, 86, 'X', 267),
(89, 87, 'B', 163);


COMMIT;

/*!40101 SET CHARACTER_SET_CLIENT=@OLD_CHARACTER_SET_CLIENT */;
/*!40101 SET CHARACTER_SET_RESULTS=@OLD_CHARACTER_SET_RESULTS */;
/*!40101 SET COLLATION_CONNECTION=@OLD_COLLATION_CONNECTION */;
