-- phpMyAdmin SQL Dump
-- version 4.7.3
-- https://www.phpmyadmin.net/
--
-- Hôte : aloadecotp47.mysql.db
-- Généré le :  jeu. 16 août 2018 à 16:00
-- Version du serveur :  5.6.39-log
-- Version de PHP :  5.6.36

SET SQL_MODE = "NO_AUTO_VALUE_ON_ZERO";
SET AUTOCOMMIT = 0;
START TRANSACTION;
SET time_zone = "+00:00";


/*!40101 SET @OLD_CHARACTER_SET_CLIENT=@@CHARACTER_SET_CLIENT */;
/*!40101 SET @OLD_CHARACTER_SET_RESULTS=@@CHARACTER_SET_RESULTS */;
/*!40101 SET @OLD_COLLATION_CONNECTION=@@COLLATION_CONNECTION */;
/*!40101 SET NAMES utf8mb4 */;

--
-- Base de données :  `aloadecotp47`
--

-- --------------------------------------------------------

--
-- Structure de la table `BOOLEEN`
--

CREATE TABLE `BOOLEEN` (
  `id_booleen` int(2) DEFAULT NULL,
  `formule_booleen` varchar(11) DEFAULT NULL
) ENGINE=InnoDB DEFAULT CHARSET=utf8;

--
-- Déchargement des données de la table `BOOLEEN`
--

INSERT INTO `BOOLEEN` (`id_booleen`, `formule_booleen`) VALUES
(1, 'X <= 1.2\r'),
(2, 'X <= 5.5\r'),
(3, 'X <= Y\r'),
(4, 'B\r'),
(5, 'B\r'),
(6, 'X <= 3.\r'),
(7, 'X >= Y\r'),
(8, 'X >= 500.\r'),
(9, 'X <= 500.\r'),
(10, 'X <= 50.\r'),
(11, 'B\r'),
(12, 'E == 1\r'),
(13, 'E == 2\r'),
(14, 'X <= 30\r'),
(15, 'X >= 30\r'),
(16, 'X >= 0.25\r'),
(17, 'X >= 2\r'),
(18, 'X <= 10\r'),
(19, 'B\r'),
(20, 'X >= 8.\r'),
(21, 'X <= 1.2\r'),
(22, 'X >= 5.5\r'),
(23, 'X >= 100\r'),
(24, 'B\r'),
(25, 'B\r'),
(26, 'B\r'),
(27, 'B\r'),
(28, 'B\r'),
(29, '!B\r'),
(30, '!B\r'),
(31, 'B\r'),
(32, 'E == 3\r'),
(33, '!B\r'),
(34, 'B\r'),
(35, 'B\r'),
(36, 'B\r'),
(37, 'B\r'),
(38, 'B\r'),
(39, 'B\r'),
(40, 'B\r'),
(41, 'B\r'),
(42, 'B\r'),
(43, 'B\r'),
(44, 'B\r'),
(45, 'B\r'),
(46, 'B\r'),
(47, 'B\r'),
(48, 'B\r'),
(49, 'B\r'),
(50, 'B\r'),
(51, 'B\r'),
(52, 'B\r'),
(53, 'B\r'),
(54, 'B\r'),
(55, 'B\r'),
(56, 'B\r'),
(57, 'B\r'),
(58, 'B\r'),
(59, 'B\r'),
(60, 'B\r'),
(61, 'B\r'),
(62, 'X >= 150.\r'),
(63, 'X >= 1500.\r'),
(64, 'X >= 50.\r'),
(65, 'X >= 1\r'),
(66, 'X >= 2\r'),
(67, 'X >= 500.\r'),
(68, 'B\r'),
(69, 'B\r'),
(70, 'X >= 3\r'),
(71, 'X >= 400.\r'),
(72, 'X <= 3.5\r'),
(73, 'X <= 15.\r'),
(74, 'B\r'),
(75, 'B\r'),
(76, 'B\r'),
(77, 'B\r'),
(78, 'B\r'),
(79, 'B\r'),
(80, 'X >= 10\r'),
(81, 'B\r'),
(82, 'B\r'),
(83, 'B\r'),
(84, 'X >= 10\r'),
(85, 'B\r'),
(86, 'X >= 3\r'),
(87, 'B');

-- --------------------------------------------------------

--
-- Structure de la table `REGLE`
--

CREATE TABLE `REGLE` (
  `id_regle` int(8) DEFAULT NULL,
  `regle_brute` varchar(321) DEFAULT NULL
) ENGINE=InnoDB DEFAULT CHARSET=utf8;

--
-- Déchargement des données de la table `REGLE`
--

INSERT INTO `REGLE` (`id_regle`, `regle_brute`) VALUES
(1, '[1] ?RUN(True) @3 [.] DEF(.) <construction(_IS_cinaspic):B(nombre_personnes_recues>=100)> {entree_graphique(1)} #INTERDICTION'),
(10, '[10] ?RUN(True) @25 [zonage(1)] DEF(.) <general> {.} QUALI(_information)'),
(100, '[100] ?RUN(True) @54 [zonage(1)] DEF(.) <construction:B(saillie_marge_retrait_6))> {B(taille_saillie_marge_retrait_6<=1.2ANDhauteur_saillie_marge_retrait_6<=5.5)} #AUTORISATION'),
(101, '[101] ?RUN(True) @54 [zonage(1)] DEF(.) <isolation_par_exterieur:B(isolation_dans_marge_retrait_6)> {B(date_construction<=%date_approbation)} #AUTORISATION'),
(102, '[102] ?RUN(True) @54 [zonage(1)] DEF(.) <construction:B(acces_batiment_marge_retrait_6)> {.} #AUTORISATION'),
(103, '[103] ?RUN(True) @56 [zonage(1)] DEF(.) <construction(_IS_cinaspic)> {.} C(implantation_alignement_6_AUT=True)'),
(104, '[104] ?RUN(True) @56 [zonage(1)] DEF(.) <construction(_IS_cinaspic)> {.} C(implantation_retrait_6_AUT=True)'),
(105, '[105] ?RUN(True) @56 [zonage(1)] DEF(.) <construction(_IS_cinaspic)> {.} C(marge_retrait_6=2.)'),
(106, '[106] ?RUN(True) @57 [zonage(5)] DEF(.) <construction:B(facade_sur_rue)> {bande_constructible(14,16)} C(implantation_sur_limite_7_OBL=True)'),
(107, '[107] ?RUN(True) @57 [zonage(5)] DEF(.) <construction> {bande_constructible(16,else)} C(implantation_sur_limite_7_AUT=True)'),
(108, '[108] ?RUN(True) @57 DEF(.) <construction> {bande_constructible(16,else)} C(implantation_retrait_7_AUT=True)'),
(109, '[109] ?RUN(True) @57 [zonage(5)] DEF(marge_retrait_7:eq:1) <construction> {entree_graphique(10)} C(implantation_retrait_7_OBL=True)'),
(11, '[11] ?RUN(True) @27 [zonage(1)] DEF(.) <construction(_IS_exploitation_agricole_forestiere)> {.} #INTERDICTION'),
(110, '[110] ?RUN(True) @58 [zonage(6)] DEF(marge_retrait_7:eq:1) <construction> {.} C(implantation_sur_limite_7_AUT=True)'),
(111, '[111] ?RUN(True) @58 [zonage(6)] DEF(marge_retrait_7:eq:1) <construction> {.} C(implantation_retrait_7_AUT=True)'),
(112, '[112] ?RUN(try_exception(case=[zonage(9)])) @58 [zonage(6)] DEF(.) <construction> {entree_graphique(11)} C(implantation_retrait_7_OBL=True)'),
(113, '[113] ?RUN(True) @59 [zonage(1)] DEF(marge_retrait_7:eq:1,hauteur_construction:eq:2) <general> {B(implantation_retrait_7_avec_vue)} C(marge_retrait_7=max(6.,hauteur_construction/2))'),
(114, '[114] ?RUN(True) @59 [zonage(1)] DEF(distance_limite_separative:eq:1,marge_retrait_7:eq:2) <general> {B(implantation_retrait_7_sans_vue)} C(marge_retrait_7=max(4.,hauteur_construction/2))'),
(115, '[115] ?RUN(True) @61 [zonage(1)] DEF(.) <isolation_par_exterieur:B(isolation_marge_retrait_7)> {B(date_construction<=%date_approbation)} #AUTORISATION'),
(116, '[116] ?RUN(True) @61 [zonage(1)] DEF(.) <construction> {.} C(acces_batiment_dans_marge_retrait_AUT=True)'),
(117, '[117] ?RUN(True) @62 [zonage(1)] DEF(.) <piscine:B(!(piscine_est_couverte)AND(!piscine_necessite_permis_construire))> {.} C(marge_reculement=1.5)'),
(118, '[118] ?RUN(True) @63 [zonage(1)] DEF(.) <construction(_IS_cinaspic)> {.} C(implantation_sur_limite_7_AUT=True)'),
(119, '[119] ?RUN(True) @63 [zonage(1)] DEF(.) <construction(_IS_cinaspic)> {.} C(implantation_retrait_7_AUT=True)'),
(12, '[12] ?RUN(True) @27 [zonage(1)] DEF(.) <terrain_camping_ou_caravaning> {.} #INTERDICTION'),
(120, '[120] ?RUN(True) @63 [zonage(1)] DEF(.) <construction(_IS_cinaspic)> {.} C(marge_retrait_7=2.)'),
(121, '[121] ?RUN(try_exception(case=<construction(_IS_cinaspic)>)) @65 [zonage(1)] DEF(distance_construction_meme_propriete:eq:1) <construction> {.} C(distance_construction_meme_propriete_avec_vue_MIN=max(8.,hauteur_construction_max_vis_a_vis))'),
(122, '[122] ?RUN(try_exception(case=<construction(_IS_cinaspic)>)) @65 [zonage(1)] DEF(distance_construction_meme_propriete:eq:1) <construction> {.} C(distance_construction_meme_propriete_sans_vue_MIN=max(4.,hauteur_construction_max_vis_a_vis/2))'),
(123, '[123] ?RUN(try_exception(case=<construction(_IS_cinaspic)>)) @66 [zonage(1)] DEF(distance_construction_meme_propriete:eq:1) <general> {.} C(distance_construction_meme_propriete_avec_vue-MIN=4.)'),
(124, '[124] ?RUN(try_exception(case=<construction(_IS_cinaspic)>)) @66 [zonage(1)] DEF(distance_construction_meme_propriete:eq:1) <general> {.} C(distance_construction_meme_propriete_sans_vue_MIN=4.)'),
(126, '[125] ?RUN(True) @66 [zonage(1)] DEF(distance_construction_meme_propriete:eq:1) <construction:B(!toiture_plate)> {.} → DEF(hauteur_construction:eq:7)'),
(127, '[126] ?RUN(try_exception(case=<construction(_IS_cinaspic)>)) @68 [zonage(1)] DEF(.) <construction> {.} C(emprise_au_sol_MAX=(0.8*superficie_terrain))'),
(128, '[127] ?RUN(True) @71 [zonage(5)] DEF(.) <construction> {.} C(hauteur_construction_plus_haut_MAX=18.)'),
(129, '[128] ?RUN(True) @71 [zonage(6)] DEF(.) <construction> {.} C(hauteur_construction_plus_haut_MAX=18.)'),
(13, '[129] ?RUN(True) @71 [zonage(5)] DEF(.) <construction:B(facade_sur_rue)> {.} C(hauteur_point_accroche=15.)'),
(130, '[13] ?RUN(True) @27 [zonage(1)] DEF(.) <depot> {.} #INTERDICTION'),
(131, '[130] ?RUN(True) @71 [zonage(6)] DEF(.) <construction:B(facade_sur_rue)> {.} C(hauteur_point_accroche=15.)'),
(132, '[131] ?RUN(True) @71 [zonage(5)] DEF(.) <construction:B(facade_sur_rue)> {.} C(hauteur_principale_MAX=3.)'),
(133, '[132] ?RUN(True) @71 [zonage(6)] DEF(.) <construction:B(facade_sur_rue)> {.} C(hauteur_principale_MAX=3.)'),
(134, '[133] ?RUN(True) @71 [zonage(5)] DEF(.) <construction:B(facade_sur_rue)> {.} C(angle_principal_MAX=60.)'),
(135, '[134] ?RUN(True) @71 [zonage(6)] DEF(.) <construction:B(facade_sur_rue)> {.} C(angle_principal_MAX=60.)'),
(136, '[135] ?RUN(True) @71 [zonage(5)] DEF(.) <construction:B(type_toiture==mansart)> {.} C(hauteur_point_accroche=15.)'),
(137, '[136] ?RUN(True) @71 [zonage(6)] DEF(.) <construction:B(type_toiture==mansart)> {.} C(hauteur_point_accroche=15.)'),
(138, '[137] ?RUN(True) @71 [zonage(5)] DEF(.) <construction:B(type_toiture==mansart)> {.} C(angle_secondaire_MAX=0.)'),
(139, '[138] ?RUN(True) @71 [zonage(6)] DEF(.) <construction:B(type_toiture==mansart)> {.} C(angle_secondaire_MAX=0.)'),
(14, '[139] ?RUN(True) @71 [zonage(5)] DEF(.) <construction:B(type_toiture==mansart)> {.} C(profondeur_secondaire_MAX=1.5)'),
(140, '[14] ?RUN(True) @27 [zonage(1)] DEF(.) <entreprise_cassage_voiture> {.} #INTERDICTION'),
(141, '[140] ?RUN(True) @71 [zonage(6)] DEF(.) <construction:B(type_toiture==mansart)> {.} C(profondeur_secondaire_MAX=1.5)'),
(142, '[141] ?RUN(True) @71 [zonage(5)] DEF(.) <construction:B(type_toiture==mansart)> {.} C(profondeur_principale_MAX=1.5)'),
(143, '[142] ?RUN(True) @71 [zonage(6)] DEF(.) <construction:B(type_toiture==mansart)> {.} C(profondeur_principale_MAX=1.5)'),
(144, '[143] ?RUN(True) @72 [zonage(9)] DEF(.) <general> {.} C(hauteur_construction_egout_MAX=9.)'),
(145, '[144] ?RUN(True) @72 [zonage(9)] DEF(.) <general> {.} C(hauteur_construction_plus_haut_MAX=12.)'),
(146, '[145] ?RUN(True) @72 [zonage(9)] DEF(.) <construction> {.} C(hauteur_point_accroche=9.)'),
(147, '[146] ?RUN(True) @72 [zonage(9)] DEF(.) <construction> {.} C(profondeur_principale_MAX=3.)'),
(148, '[147] ?RUN(True) @72 [zonage(9)] DEF(.) <construction> {.} C(angle_principal_MAX=45.)'),
(149, '[148] ?RUN(True) @72 [zonage(9)] DEF(.) <construction:B(type_toiture==mansart)> {.} C(hauteur_point_accroche=9.)'),
(15, '[149] ?RUN(True) @72 [zonage(9)] DEF(.) <construction:B(type_toiture==mansart)> {.} C(angle_secondaire_MAX=60.)'),
(150, '[15] ?RUN(True) @27 [zonage(1)] DEF(.) <exhaussement_affouillement:B(!indispensable_construction_utilisation)> {.} #INTERDICTION'),
(151, '[150] ?RUN(True) @72 [zonage(9)] DEF(.) <construction:B(type_toiture==mansart)> {.} C(hauteur_secondaire_MAX=2.)'),
(152, '[151] ?RUN(True) @72 [zonage(9)] DEF(.) <construction:B(type_toiture==mansart)> {.} C(angle_tertiaire_MAX=30.)'),
(153, '[152] ?RUN(True) @72 [zonage(9)] DEF(.) <construction:B(type_toiture==mansart)> {.} C(hauteur_tertiaire_MAX=1.)'),
(154, '[153] ?RUN(True) @73 [zonage(1)] DEF(.) <general> {entree_graphique(12)} QUALI(_contrainte)'),
(155, '[154] ?RUN(True) @73 [zonage(1)] DEF(.) <construction:B(implantation_alignement_6)> {entree_graphique(12)} C(hauteur_construction_plus_haut_MAX=heberge_voisine_plus_haute)'),
(156, '[155] ?RUN(True) @74 [zonage(1)] DEF(retrait_installations_techniques_en_terrasse:eq:2) <construction:B(installations_techniques_en_terrasse)> {B(hauteur_installations_techniques_en_terrasse<=3.ANDretrait_installations_techniques_en_terrasse>=hauteur_installations_techniques_en_terrasse)} C(compte_pour_la_hauteur=False)'),
(157, '[156] ?RUN(True) @74 [zonage(1)] DEF(.) <construction:B(installations_techniques)> {.} QUALI(_contrainte)'),
(158, '[157] ?RUN(MAYBE) @75 [zonage(1)] DEF(.) <surelevation> {.} #AUTORISATION'),
(159, '[158] ?RUN(True) @75 [zonage(1)] DEF(.) <surelevation> {.} QUALI(_contrainte)'),
(16, '[159] ?RUN(MAYBE) @75 [zonage(1)] DEF(.) <isolation> {.} #AUTORISATION'),
(160, '[16] ?RUN(True) @27 [zonage(1)] DEF(.) <exploitation_carriere:B(necessite_autorisation)> {.} #INTERDICTION'),
(161, '[160] ?RUN(True) @75 [zonage(1)] DEF(.) <isolation> {.} QUALI(_contrainte)'),
(162, '[161] ?RUN(True) @77 [zonage(1)] DEF(hauteur_construction:eq:1) <construction:B(est_annexe)> {.} C(hauteur_construction_MAX=3.5)'),
(163, '[162] ?RUN(True) @78 [zonage(5)] DEF(.) <construction(_IS_cinaspic)> {.} C(hauteur_construction_plus_haut_MAX=18.)'),
(164, '[163] ?RUN(True) @78 [zonage(6)] DEF(.) <construction(_IS_cinaspic)> {.} C(hauteur_construction_plus_haut_MAX=18.)'),
(165, '[164] ?RUN(True) @78 [zonage(9)] DEF(.) <construction(_IS_cinaspic)> {.} C(hauteur_construction_plus_haut_MAX=12.)'),
(166, '[165] ?RUN(True) @79 [zonage(1)] DEF(.) <general> {.} QUALI(_justification)'),
(167, '[166] ?RUN(True) @80 [zonage(1)] DEF(.) <construction> {.} QUALI(_contrainte)'),
(168, '[167] ?RUN(True) @80 [zonage(1)] DEF(.) <construction> {entree_graphique(14)} C(toiture_a_pente_OBL=True)'),
(169, '[168] ?RUN(True) @80 [zonage(1)] DEF(.) <construction:B(cheminee)> {.} QUALI(_contrainte)'),
(17, '[169] ?RUN(MAYBE) @80 [zonage(1)] DEF(.) <construction:B(toiture_vegetalisee)> {QUALI(1)} #AUTORISATION'),
(170, '[17] ?RUN(True) @27 [zonage(1)] DEF(.) <construction(_IS_industrie)> {.} #INTERDICTION'),
(171, '[170] ?RUN(MAYBE) @80 [zonage(1)] DEF(.) <construction:B(systeme_production_energie_renouvelable)> {QUALI(1)} #AUTORISATION'),
(172, '[171] ?RUN(True) @81 [zonage(1)] DEF(.) <construction:B(facade_sur_rue)> {.} C(nombre_baies_facade_sur_rue_MIN=1)'),
(173, '[172] ?RUN(True) @81 [zonage(1)] DEF(.) <construction> {.} QUALI(_contrainte)'),
(174, '[173] ?RUN(True) @81 [zonage(1)] DEF(.) <construction:B(est_annexe)> {.} QUALI(_contrainte)'),
(175, '[174] ?RUN(True) @81 [zonage(1)] DEF(.) <construction:B(cloture)> {.} QUALI(_contrainte)'),
(176, '[175] ?RUN(alt_level(4)==1) @81 [zonage(1)] DEF(.) <construction:B(volet_roulant)> {.} C(caisson_volet_roulant_interieur_OBL=True)'),
(177, '[176] ?RUN(alt_level(4)==2) @81 [zonage(1)] DEF(.) <construction:B(volet_roulant)> {.} C(caisson_volet_roulant_interieur_OBL=False)'),
(178, '[177] ?RUN(alt_level(4)==2) @81 [zonage(1)] DEF(.) <construction:B(volet_roulant)> {.} QUALI(_contrainte)'),
(179, '[178] ?RUN(True) @82 [zonage(1)] DEF(.) <construction(_IS_commerce)> {.} QUALI(_contrainte)'),
(18, '[179] ?RUN(True) @82 [zonage(1)] DEF(.) <construction(_IS_commerce)> {.} C(hauteur_rez_chausee_MIN=3.)'),
(180, '[18] ?RUN(True) @27 [zonage(1)] DEF(.) <construction(_IS_entrepot)> {.} #INTERDICTION'),
(181, '[180] ?RUN(True) @82 [zonage(1)] DEF(.) <construction(_IS_commerce):B(commerce_sur_plusieurs_immeubles_contigus)> {.} QUALI(_contrainte)'),
(182, '[181] ?RUN(True) @82 [zonage(1)] DEF(.) <construction(_IS_commerce)> {.} QUALI(_contrainte)'),
(183, '[182] ?RUN(True) @82 [zonage(1)] DEF(.) <general> {.} QUALI(_contrainte)'),
(184, '[183] ?RUN(True) @82 [zonage(1)] DEF(.) <SUJET:B(VAR)> {.} QUALI(_contrainte)'),
(185, '[184] ?RUN(True) @82 [zonage(1)] DEF(.) <general> {.} C(VDC)'),
(186, '[185] ?RUN(True) @83 [zonage(1)] DEF(.) <construction:B(descente_eaux_pluviales)> {.} QUALI(_contrainte)'),
(187, '[186] ?RUN(True) @84 [zonage(1)] DEF(.) <construction:B(rampe_parking)> {.} QUALI(_contrainte)'),
(188, '[187] ?RUN(True) @85 [zonage(1)] DEF(.) <construction:B(edicule_gaine_technique)> {.} QUALI(_contrainte)'),
(189, '[188] ?RUN(True) @86 [zonage(1)] DEF(.) <construction:B(conduit_chemineeANDdevoiement_conduit_cheminee)> {.} QUALI(_contrainte)'),
(19, '[189] ?RUN(True) @87 [zonage(1)] DEF(.) <construction:B(antenne)> {.} QUALI(_contrainte)'),
(190, '[19] ?RUN(True) @28 [zonage(1)] DEF(.) <general> {entree_graphique(5)} QUALI(_contrainte)'),
(191, '[190] ?RUN(True) @88 [zonage(1)] DEF(.) <construction:B(panneau_solaire)> {.} QUALI(_contrainte)'),
(192, '[191] ?RUN(try_exception_mb(case=<construction(_IS_cinaspic)>&{QUALI(3)})ANDtry_exception_mb(case={QUALI(4)})) @89 [zonage(1)] DEF(.) <construction:B(cloture)> {.} QUALI(_contrainte)'),
(193, '[192] ?RUN(try_exception_mb(case=<construction(_IS_cinaspic)>&{QUALI(3)})ANDtry_exception_mb(case={QUALI(4)})) @90 [zonage(1)] DEF(.) <construction:B(cloture)> {.} QUALI(_contrainte)'),
(194, '[193] ?RUN(try_exception_mb(case=<construction(_IS_cinaspic)>&{QUALI(3)})ANDtry_exception_mb(case={QUALI(4)})) @91 [zonage(1)] DEF(etalon_hauteur_cloture:eq:1) <construction:B(cloture)> {.} C(hauteur_cloture_MAX=2.)'),
(195, '[194] ?RUN(try_exception_mb(case={B(mur_soutenement_sur_rue))ANDtry_exception_mb(case=<construction(_IS_cinaspic)>&{QUALI(3)})ANDtry_exception_mb(case={QUALI(4)})) @91 [zonage(1)] DEF(.) <construction:B(clotureANDcloture_sur_rue)> {.} QUALI(_contrainte)'),
(196, '[195] ?RUN(try_exception_mb(case={B(mur_soutenement_sur_rue))ANDtry_exception_mb(case=<construction(_IS_cinaspic)&{QUALI(3)})ANDtry_exception_mb(case={QUALI(4)})) @91 [zonage(1)] DEF(.) <construction:B(clotureANDcloture_sur_rue)> {.} C(hauteur_mur_bahut_MAX=1.2)'),
(197, '[196] ?RUN(try_exception_mb(case={B(mur_soutenement_sur_rue))ANDtry_exception_mb(case=<construction(_IS_cinaspic)>&{QUALI(3)})ANDtry_exception_mb(case={QUALI(4)})) @92 [zonage(1)] DEF(.) <construction:B(portail)> {.} C(hauteur_portail_MAX=2.2)'),
(198, '[197] ?RUN(try_exception_mb(case={B(mur_soutenement_sur_rue))ANDtry_exception_mb(case=<construction(_IS_cinaspic)>&{QUALI(3)})ANDtry_exception_mb(case={QUALI(4)})) @92 [zonage(1)] DEF(.) <construction:B(portillon)> {.} C(hauteur_portillon_MAX=2.2)'),
(199, '[198] ?RUN(try_exception_mb(case={B(mur_soutenement_sur_rue))ANDtry_exception_mb(case=<construction(_IS_cinaspic)>&{QUALI(3)})ANDtry_exception_mb(case={QUALI(4)})) @92 [zonage(1)] DEF(.) <construction:B(pillier)> {.} C(hauteur_pillier_MAX=2.2)'),
(2, '[199] ?RUN(try_exception_mb(case={B(mur_soutenement_sur_rue))ANDtry_exception_mb(case=<construction(_IS_cinaspic)>&{QUALI(3)})ANDtry_exception_mb(case={QUALI(4)})) @92 [zonage(1)] DEF(.) <construction:B(portail)> {.} QUALI(_contrainte)'),
(20, '[2] ?RUN(True) @3 [.] DEF(.) <construction:QUALI(2)> {entree_graphique(1)} #INTERDICTION'),
(200, '[20] ?RUN(True) @28 [zonage(1)] DEF(.) <travaux_sur_existant(_FROM_artisanat_TO_habitation):B(rez_chausee)> {entree_graphique(5)} #INTERDICTION'),
(201, '[200] ?RUN(try_exception_mb(case={B(mur_soutenement_sur_rue))ANDtry_exception_mb(case=<construction(_IS_cinaspic)>&{QUALI(3)})ANDtry_exception_mb(case={QUALI(4)})) @92 [zonage(1)] DEF(.) <construction:B(portillon)> {.} QUALI(_contrainte)'),
(202, '[201] ?RUN(try_exception_mb(case={B(mur_soutenement_sur_rue))ANDtry_exception_mb(case=<construction(_IS_cinaspic)>&{QUALI(3)})ANDtry_exception_mb(case={QUALI(4)})) @92 [zonage(1)] DEF(.) <construction:B(pillier)> {.} QUALI(_contrainte)'),
(203, '[202] ?RUN(try_exception_mb(case=<construction(_IS_cinaspic)&{QUALI(3)})ANDtry_exception_mb(case={QUALI(4)})) @94 [zonage(1)] DEF(etalon_hauteur_cloture:eq:2) <construction:B(clotureANDcloture_sur_autre_limite_separative)> {.} C(hauteur_cloture_MAX=2.)'),
(204, '[203] ?RUN(True) @(96:100) [zonage(5)] DEF(.) <construction> {.} QUALI(_contrainte)'),
(205, '[204] ?RUN(True) @(101:103) [zonage(1)] DEF(.) <construction> {entree_graphique(13)} QUALI(_contrainte)'),
(206, '[205] ?RUN(True) @104 [zonage(1)] DEF(.) <general> {.} QUALI(_contrainte)'),
(207, '[206] ?RUN(alt_level(5)==1) @105 [zonage(1)] DEF(.) <construction:B(nombre_logement>=10)> {.} C(proportion_places_stationnement_dans_construction_MIN=0.8)'),
(208, '[207] ?RUN(alt_level(5)==1) @105 [zonage(1)] DEF(.) <construction(_IS_bureau)> {.} C(proportion_places_stationnement_dans_construction_MIN=0.8)'),
(209, '[208] ?RUN(alt_level(5)==1) @105 [zonage(1)] DEF(.) <construction(_IS_commerce)> {.} C(proportion_places_stationnement_dans_construction_MIN=0.8)'),
(21, '[209] ?RUN(alt_level(5)==1) @105 [zonage(1)] DEF(.) <construction(_IS_artisanat)> {.} C(proportion_places_stationnement_dans_construction_MIN=0.8)'),
(210, '[21] ?RUN(True) @28 [zonage(1)] DEF(.) <travaux_sur_existant(_FROM_artisanat_TO_hebergement_hotelier):B(rez_chausee)> {entree_graphique(5)} #INTERDICTION'),
(211, '[210] ?RUN(alt_level(5)==1) @105 [zonage(1)] DEF(.) <construction(_IS_industrie)> {.} C(proportion_places_stationnement_dans_construction_MIN=0.8)'),
(212, '[211] ?RUN(alt_level(5)==1) @105 [zonage(1)] DEF(.) <construction(_IS_hebergement_hotelier)> {.} C(proportion_places_stationnement_dans_construction_MIN=0.8)'),
(213, '[212] ?RUN(alt_level(5)==1) @105 [zonage(1)] DEF(.) <construction(_IS_entrepot)> {.} C(proportion_places_stationnement_dans_construction_MIN=0.8)'),
(214, '[213] ?RUN(alt_level(5)==1) @105 [zonage(1)] DEF(.) <construction(_IS_exploitation_agricole_forestiere)> {.} C(proportion_places_stationnement_dans_construction_MIN=0.8)'),
(215, '[214] ?RUN(alt_level(5)==1) @105 [zonage(1)] DEF(.) <construction(_IS_cinaspic)> {.} C(proportion_places_stationnement_dans_construction_MIN=0.8)'),
(216, '[215] ?RUN(alt_level(5)==2) @105 [zonage(1)] DEF(.) <construction:B(nombre_logement>=10)> {.} QUALI(_contrainte)'),
(217, '[216] ?RUN(alt_level(5)==2) @105 [zonage(1)] DEF(.) <construction(_IS_bureau)> {.} QUALI(_contrainte)'),
(218, '[217] ?RUN(alt_level(5)==2) @105 [zonage(1)] DEF(.) <construction(_IS_commerce)> {.} QUALI(_contrainte)'),
(219, '[218] ?RUN(alt_level(5)==2) @105 [zonage(1)] DEF(.) <construction(_IS_artisanat)> {.} QUALI(_contrainte)'),
(22, '[219] ?RUN(alt_level(5)==2) @105 [zonage(1)] DEF(.) <construction(_IS_industrie)> {.} QUALI(_contrainte)'),
(220, '[22] ?RUN(True) @28 [zonage(1)] DEF(.) <travaux_sur_existant(_FROM_artisanat_TO_bureau):B(rez_chausee)> {entree_graphique(5)} #INTERDICTION'),
(221, '[220] ?RUN(alt_level(5)==2) @105 [zonage(1)] DEF(.) <construction(_IS_hebergement_hotelier)> {.} QUALI(_contrainte)'),
(222, '[221] ?RUN(alt_level(5)==2) @105 [zonage(1)] DEF(.) <construction(_IS_entrepot)> {.} QUALI(_contrainte)'),
(223, '[222] ?RUN(alt_level(5)==2) @105 [zonage(1)] DEF(.) <construction(_IS_exploitation_agricole_forestiere)> {.} QUALI(_contrainte)'),
(224, '[223] ?RUN(alt_level(5)==2) @105 [zonage(1)] DEF(.) <construction(_IS_cinaspic)> {.} QUALI(_contrainte)'),
(225, '[224] ?RUN(True) @107 [zonage(1)] DEF(.) <construction:B(place_stationnement_commandee)> {.} #INTERDICTION'),
(226, '[225] ?RUN(True) @108 [zonage(1)] DEF(.) <construction(_IS_bureau)> {B(distance_desserte_transport_en_commun>=500.)} C(nombre_place_stationnement_IDE=ENT(surface_plancher/50.)+1)'),
(227, '[226] ?RUN(True) @108 [zonage(1)] DEF(.) <construction(_IS_bureau)> {B(distance_desserte_transport_en_commun<=500.)} C(nombre_place_stationnement_IDE=ENT(surface_plancher/60.)+1) '),
(228, '[227] ?RUN(True) @(109,110) [zonage(1)] DEF(.) <construction(_IS_habitation)> {.} C(nombre_place_stationnement_MIN=ENT(surface_plancher/60.)+1)'),
(229, '[228] ?RUN(True) @(109,110) [zonage(1)] DEF(.) <construction(_IS_habitation)> {.} C(nombre_place_stationnement_MAX=1.9*nombre_logement) '),
(23, '[229] ?RUN(True) @(109,110) [zonage(1)] DEF(.) <construction(_IS_habitation):B(pret_etat)> C(nombre_place_stationnement_MIN=1.*nombre_logement)'),
(230, '[23] ?RUN(True) @28 [zonage(1)] DEF(.) <travaux_sur_existant(_FROM_artisanat_TO_industrie):B(rez_chausee)> {entree_graphique(5)} #INTERDICTION'),
(231, '[230] ?RUN(True) @(109,110) [zonage(1)] DEF(.) <construction(_IS_habitation):B(pret_etat)> {B(distance_desserte_transport_en_commun<=500.)} C(nombre_place_stationnement_MIN=0.5*nombre_logement)'),
(232, '[231] ?RUN(True) @(109,110) [zonage(1)] DEF(.) <construction(_IS_habitation)> {B(distance_desserte_transport_en_commun<=500.)} C(nombre_place_stationnement_MIN=1.*nombre_logement)'),
(233, '[232] ?RUN(True) @(109,111) [zonage(1)] DEF(.) <construction(_IS_commerce):B(surface_plancher>=150.)> {.} C(nombre_place_stationnement_MIN=max(2,ENT(surface_plancher/40.)+1))'),
(234, '[233] ?RUN(True) @(109,111) [zonage(1)] DEF(.) <construction(_IS_commerce):B(surface_plancher>=150.)> {.} C(nombre_place_stationnement_livraison_MIN=1)'),
(235, '[234] ?RUN(True) @(109,112) [zonage(1)] DEF(.) <construction(_IS_artisanat):B(surface_plancher>=1500.)> {.} C(nombre_place_stationnement_livraison_MIN=1)'),
(236, '[235] ?RUN(True) @(109,113) [zonage(1)] DEF(.) <construction(_IS_hebergement_hotelier)> {.} C(nombre_place_stationnement_MIN=max(20,nombre_chambre)+ENT(max(nombre_chambre-20),0)/20.)+1))'),
(237, '[236] ?RUN(True) @(109,114) [zonage(1)] DEF(.) <construction(_IS_cinaspic)> {.} QUALI(_contrainte)'),
(238, '[237] ?RUN(True) @115 [zonage(1)] DEF(.) <rehabilitation(_TO_habitation)> {B(surface_plancher_construite<=50.ANDconstruction_regulierement_edifiee)} C(nombre_place_stationnement_detruite_MAX=nombre_place_stationnement_construite)'),
(239, '[238] ?RUN(True) @115 [zonage(1)] DEF(.) <rehabilitation(_TO_habitation)> {B(surface_plancher_construite<=50.ANDconstruction_regulierement_edifiee)} FREE(nombre_place_stationnement_construite)'),
(24, '[239] ?RUN(True) @115 [zonage(1)] DEF(.) <surelevation(_TO_habitation)> {B(surface_plancher_construite<=50.ANDconstruction_regulierement_edifiee)} C(nombre_place_stationnement_detruite_MAX=nombre_place_stationnement_construite)'),
(240, '[24] ?RUN(True) @28 [zonage(1)] DEF(.) <travaux_sur_existant(_FROM_artisanat_TO_exploitation_agricole_forestiere):B(rez_chausee)> {entree_graphique(5)} #INTERDICTION'),
(241, '[240] ?RUN(True) @115 [zonage(1)] DEF(.) <surelevation(_TO_habitation)> {B(surface_plancher_construite<=50.ANDconstruction_regulierement_edifiee)} FREE(nombre_place_stationnement_construite)'),
(242, '[241] ?RUN(True) @115 [zonage(1)] DEF(.) <amenagement(_TO_habitation)> {B(surface_plancher_construite<=50.ANDconstruction_regulierement_edifiee)} C(nombre_place_stationnement_detruite_MAX=nombre_place_stationnement_construite)'),
(243, '[242] ?RUN(True) @115 [zonage(1)] DEF(.) <amenagement(_TO_habitation)> {B(surface_plancher_construite<=50.ANDconstruction_regulierement_edifiee)} FREE(nombre_place_stationnement_construite)'),
(244, '[243] ?RUN(True) @115 [zonage(1)] DEF(.) <extension(_TO_habitation)> {B(surface_plancher_construite<=50.ANDconstruction_regulierement_edifiee)} C(nombre_place_stationnement_detruite_MAX=nombre_place_stationnement_construite)'),
(245, '[244] ?RUN(True) @115 [zonage(1)] DEF(.) <extension(_TO_habitation)> {B(surface_plancher_construite<=50.ANDconstruction_regulierement_edifiee)} FREE(nombre_place_stationnement_construite)'),
(246, '[245] ?RUN(True) @116 [zonage(1)] DEF(.) <extension(_IS_bureau):B(surface_plancher_construite>=50.)> {B(distance_desserte_transport_en_commun>=500.)} C(nombre_place_stationnement_IDE=ENT(surface_plancher/50.)+1)'),
(247, '[246] ?RUN(True) @116 [zonage(1)] DEF(.) <extension(_IS_bureau):B(surface_plancher_construite>=50.)> {B(distance_desserte_transport_en_commun<=500.)} C(nombre_place_stationnement_IDE=ENT(surface_plancher/60.)+1) '),
(248, '[247] ?RUN(True) @116 [zonage(1)] DEF(.) <extension(_IS_habitation):B(surface_plancher_construite>=50.)> {.} C(nombre_place_stationnement_MIN=ENT(surface_plancher/60.)+1)'),
(249, '[248] ?RUN(True) @116 [zonage(1)] DEF(.) <extension(_IS_habitation):B(surface_plancher_construite>=50.)> {.} C(nombre_place_stationnement_MAX=1.9*nombre_logement) '),
(25, '[249] ?RUN(True) @116 [zonage(1)] DEF(.) <extension(_IS_habitation):B(pret_etatANDsurface_plancher_construite>=50.)> {.} C(nombre_place_stationnement_MIN=1.*nombre_logement)'),
(250, '[25] ?RUN(True) @28 [zonage(1)] DEF(.) <travaux_sur_existant(_FROM_artisanat_TO_entrepot):B(rez_chausee)> {entree_graphique(5)} #INTERDICTION'),
(251, '[250] ?RUN(True) @116 [zonage(1)] DEF(.) <extension(_IS_habitation):B(pret_etatANDsurface_plancher_construite>=50.)> {B(distance_desserte_transport_en_commun<=500.)} C(nombre_place_stationnement_MIN=0.5*nombre_logement)'),
(252, '[251] ?RUN(True) @116 [zonage(1)] DEF(.) <extension(_IS_habitation):B(surface_plancher_construite>=50.)> {B(distance_desserte_transport_en_commun<=500.)} C(nombre_place_stationnement_MIN=1.*nombre_logement)'),
(253, '[252] ?RUN(True) @116 [zonage(1)] DEF(.) <extension(_IS_commerce):B(surface_plancher>=150.ANDsurface_plancher_construite>=50.)> {.} C(nombre_place_stationnement_MIN=max(2,ENT(surface_plancher/40.)+1))'),
(254, '[253] ?RUN(True) @116 [zonage(1)] DEF(.) <extension(_IS_commerce):B(surface_plancher>=150.ANDsurface_plancher_construite>=50.)> {.} C(nombre_place_stationnement_livraison_MIN=1)'),
(255, '[254] ?RUN(True) @116 [zonage(1)] DEF(.) <extension(_IS_artisanat):B(surface_plancher>=1500.ANDsurface_plancher_construite>=50.)> {.} C(nombre_place_stationnement_livraison_MIN=1)'),
(256, '[255] ?RUN(True) @116 [zonage(1)] DEF(.) <extension(_IS_hebergement_hotelierANDsurface_plancher_construite>=50.)> {.} C(nombre_place_stationnement_MIN=max(20,nombre_chambre)+ENT(max(nombre_chambre-20),0)/20.)+1))'),
(257, '[256] ?RUN(True) @116 [zonage(1)] DEF(.) <amenagement(_IS_habitation):B(surface_plancher_construite>=50.ANDnombre_logement_cree>=1)> {.} C(nombre_place_stationnement_MIN=ENT(surface_plancher/60.)+1)'),
(258, '[257] ?RUN(True) @116 [zonage(1)] DEF(.) <amenagement(_IS_habitation):B(surface_plancher_construite>=50.ANDnombre_logement_cree>=1)> {.} C(nombre_place_stationnement_MAX=1.9*nombre_logement) '),
(259, '[258] ?RUN(True) @116 [zonage(1)] DEF(.) <amenagement(_IS_habitation):B(pret_etatANDsurface_plancher_construite>=50.ANDnombre_logement_cree>=1)> {.} C(nombre_place_stationnement_MIN=1.*nombre_logement)'),
(26, '[259] ?RUN(True) @116 [zonage(1)] DEF(.) <amenagement(_IS_habitation):B(pret_etatANDsurface_plancher_construite>=50.ANDnombre_logement_cree>=1)> {B(distance_desserte_transport_en_commun<=500.)} C(nombre_place_stationnement_MIN=0.5*nombre_logement)'),
(260, '[26] ?RUN(True) @28 [zonage(1)] DEF(.) <travaux_sur_existant(_FROM_artisanat_TO_cinaspic):B(rez_chausee)> {entree_graphique(5)} #INTERDICTION'),
(261, '[260] ?RUN(True) @116 [zonage(1)] DEF(.) <amenagement(_IS_habitation):B(surface_plancher_construite>=50.ANDnombre_logement_cree>=1)> {B(distance_desserte_transport_en_commun<=500.)} C(nombre_place_stationnement_MIN=1.*nombre_logement)'),
(262, '[261] ?RUN(True) @117 [zonage(1)] DEF(.) <travaux_sur_existant(_TO_bureau)> {B(distance_desserte_transport_en_commun>=500.)} OPT(nombre_place_stationnement, minimum,(C(nombre_place_stationnement_MIN=ENT(surface_plancher_construite/60.)+1),C(nombre_place_stationnement_IDE=ENT(surface_plancher/50.)+1))))'),
(263, '[262] ?RUN(True) @117 [zonage(1)] DEF(.) <travaux_sur_existant(_TO_bureau)> {B(distance_desserte_transport_en_commun<=500.)} OPT(nombre_place_stationnement, minimum,(C(nombre_place_stationnement_MIN=ENT(surface_plancher_construite/60.)+1),C(nombre_place_stationnement_IDE=ENT(surface_plancher/60.)+1))))'),
(264, '[263] ?RUN(True) @117 [zonage(1)] DEF(.) <travaux_sur_existant(_TO_commerce):B(surface_plancher>=150.)> {.} OPT(nombre_place_stationnement, minimum,(C(nombre_place_stationnement_MIN=ENT(surface_plancher_construite/60.)+1),C(nombre_place_stationnement_MIN=max(2,ENT(surface_plancher/40.)+1)))))'),
(265, '[264] ?RUN(True) @117 [zonage(1)] DEF(.) <travaux_sur_existant(_TO_artisanat)> {.} OPT(nombre_place_stationnement, minimum,(C(nombre_place_stationnement_MIN=ENT(surface_plancher_construite/60.)+1),NULL)))'),
(266, '[265] ?RUN(True) @117 [zonage(1)] DEF(.) <travaux_sur_existant(_TO_industrie)> {.} OPT(nombre_place_stationnement, minimum,(C(nombre_place_stationnement_MIN=ENT(surface_plancher_construite/60.)+1),NULL))'),
(267, '[266] ?RUN(True) @117 [zonage(1)] DEF(.) <travaux_sur_existant(_TO_entrepot)> {.} OPT(nombre_place_stationnement, minimum,(C(nombre_place_stationnement_MIN=ENT(surface_plancher_construite/60.)+1),NULL)))'),
(268, '[267] ?RUN(True) @117 [zonage(1)] DEF(.) <travaux_sur_existant(_TO_exploitation_aricole_forestiere)> {.} OPT(nombre_place_stationnement, minimum,(C(nombre_place_stationnement_MIN=ENT(surface_plancher_construite/60.)+1),NULL)))'),
(269, '[268] ?RUN(True) @117 [zonage(1)] DEF(.) <travaux_sur_existant(_TO_cinaspic)> {.} OPT(nombre_place_stationnement, minimum,(C(nombre_place_stationnement_MIN=ENT(surface_plancher_construite/60.)+1),NULL)))'),
(27, '[269] ?RUN(True) @117 [zonage(1)] DEF(.) <travaux_sur_existant(_TO_hebergement_hotelier)> {.} OPT(nombre_place_stationnement, minimum,(C(nombre_place_stationnement_MIN=ENT(surface_plancher_construite/60.)+1),C(nombre_place_stationnement_MIN=max(20,nombre_chambre)+ENT(max(nombre_chambre-20),0)/20.)+1)))))'),
(270, '[27] ?RUN(True) @28 [zonage(1)] DEF(.) <travaux_sur_existant(_FROM_commerce_TO_habitation):B(rez_chausee)> {entree_graphique(5)} #INTERDICTION'),
(271, '[270] ?RUN(True) @117 [zonage(1)] DEF(.) <travaux_sur_existant(_TO_bureau)> {.} C(nombre_place_stationnement_construite_MIN=nombre_place_stationnement_detruite)'),
(272, '[271] ?RUN(True) @117 [zonage(1)] DEF(.) <travaux_sur_existant(_TO_commerce)> {.} C(nombre_place_stationnement_construite_MIN=nombre_place_stationnement_detruite)'),
(273, '[272] ?RUN(True) @117 [zonage(1)] DEF(.) <travaux_sur_existant(_TO_artisanat)> {.} C(nombre_place_stationnement_construite_MIN=nombre_place_stationnement_detruite)'),
(274, '[273] ?RUN(True) @117 [zonage(1)] DEF(.) <travaux_sur_existant(_TO_industrie)> {.} C(nombre_place_stationnement_construite_MIN=nombre_place_stationnement_detruite)'),
(275, '[274] ?RUN(True) @117 [zonage(1)] DEF(.) <travaux_sur_existant(_TO_entrepot)> {.} C(nombre_place_stationnement_construite_MIN=nombre_place_stationnement_detruite)'),
(276, '[275] ?RUN(True) @117 [zonage(1)] DEF(.) <travaux_sur_existant(_TO_exploitation_aricole_forestiere)> {.} C(nombre_place_stationnement_construite_MIN=nombre_place_stationnement_detruite)'),
(277, '[276] ?RUN(True) @117 [zonage(1)] DEF(.) <travaux_sur_existant(_TO_cinaspic)> {.} C(nombre_place_stationnement_construite_MIN=nombre_place_stationnement_detruite)'),
(278, '[277] ?RUN(True) @117 [zonage(1)] DEF(.) <travaux_sur_existant(_TO_hebergement_hotelier)> {.} C(nombre_place_stationnement_construite_MIN=nombre_place_stationnement_detruite)'),
(279, '[278] ?RUN(True) @118 [zonage(1)] DEF(.) <construction(_IS_habitation):B(nombre_logement>=2)> {.} QUALI(_contrainte)'),
(28, '[279] ?RUN(True) @118 [zonage(1)] DEF(.) <construction(_IS_habitation):B(nombre_logement>=2)> {.} C(espace_velo_OBL=True)'),
(280, '[28] ?RUN(True) @28 [zonage(1)] DEF(.) <travaux_sur_existant(_FROM_commerce_TO_hebergement_hotelier):B(rez_chausee)> {entree_graphique(5)} #INTERDICTION'),
(281, '[280] ?RUN(True) @118 [zonage(1)] DEF(.) <construction(_IS_bureau)> {.} C(espace_velo_OBL=True)'),
(282, '[281] ?RUN(True) @118 [zonage(1)] DEF(.) <construction(_IS_bureau)> {.} QUALI(_contrainte)'),
(283, '[282] ?RUN(True) @119 [zonage(1)] DEF(.) <construction(_IS_habitation)> {.} C(superficie_espace_velo_MIN=max(0.75*(nombre_logement_1_piece+nombre_logement_2_pieces)+1.5*(nombre_logement-nombre_logement_1_piece-nombre_logement_2_pieces),3.))'),
(284, '[283] ?RUN(True) @119 [zonage(1)] DEF(.) <construction(_IS_bureau)> {.} C(superficie_espace_velo_MIN=0.015*surface_plancher)'),
(285, '[284] ?RUN(True) @119 [zonage(1)] DEF(.) <construction(_IS_bureau)> {.} C(espace_velo_unifie_OBL=False)'),
(286, '[285] ?RUN(True) @119 [zonage(1)] DEF(.) <construction(_IS_commerce):B(surface_plancher>=500.)> {.} QUALI(_contrainte)'),
(287, '[286] ?RUN(True) @119 [zonage(1)] DEF(.) <construction(_IS_commerce):B(surface_plancher>=500.)> {.} C(nombre_place_stationnement_velo_MIN=ENT(nombre_employe/10.))'),
(288, '[287] ?RUN(True) @119 [zonage(1)] DEF(.) <construction(_IS_artisanat):B(surface_plancher>=500.))> {.} QUALI(_contrainte)'),
(289, '[288] ?RUN(True) @119 [zonage(1)] DEF(.) <construction(_IS_artisanat):B(surface_plancher>=500.))> {.} C(nombre_place_stationnement_velo_MIN=ENT(nombre_employe/10.))'),
(29, '[289] ?RUN(True) @119 [zonage(1)] DEF(.) <construction(_IS_hebergement_hotelier):B(surface_plancher>=500.)> {.} QUALI(_contrainte)'),
(290, '[29] ?RUN(True) @28 [zonage(1)] DEF(.) <travaux_sur_existant(_FROM_commerce_TO_bureau):B(rez_chausee)> {entree_graphique(5)} #INTERDICTION'),
(291, '[290] ?RUN(True) @119 [zonage(1)] DEF(.) <construction(_IS_hebergement_hotelier):B(surface_plancher>=500.)> {.} C(nombre_place_stationnement_velo_MIN=ENT(nombre_employe/10.))'),
(292, '[291] ?RUN(True) @119 [zonage(1)] DEF(.) <construction(_IS_habitation)> {.} C(nombre_place_stationnement_velo_MIN=ENT(nombre_employe/10.))'),
(293, '[292] ?RUN(True) @119 [zonage(1)] DEF(.) <construction(_IS_cinaspic)> {.} QUALI(_contrainte)'),
(294, '[293] ?RUN(True) @119 [zonage(1)] DEF(.) <construction(_IS_ecole)> {.} QUALI(_contrainte)'),
(295, '[294] ?RUN(True) @119 [zonage(1)] DEF(.) <construction(_IS_ecole)> {.} C(nombre_place_stationnement_velo_MAX=ENT(nombre_eleve/8.))'),
(296, '[295] ?RUN(True) @119 [zonage(1)] DEF(.) <construction(_IS_ecole)> {.} C(nombre_place_stationnement_velo_MIN=ENT(nombre_eleve/12.))'),
(297, '[296] ?RUN(True) @(120,121) [zonage(1)] DEF(.) <construction(_IS_hbureau)> {.} !PACKAGE(27,28)'),
(298, '[297] ?RUN(True) @(120,121) [zonage(1)] DEF(.) <construction(_IS_bureau)> {.} QUALI(_contrainte)'),
(299, '[298] ?RUN(True) @(120,121) [zonage(1)] DEF(.) <construction(_IS_habitation):B(nombre_logement>=2)> {.} !PACKAGE(27,28)'),
(3, '[299] ?RUN(True) @(120,121) [zonage(1)] DEF(.) <construction(_IS_habitation):B(nombre_logement>=2)> {.} QUALI(_contrainte)'),
(30, '[3] ?RUN(True) @4 [.] DEF(.) <general> {entree_graphique(1)} QUALI(_justification)'),
(300, '[30] ?RUN(True) @28 [zonage(1)] DEF(.) <travaux_sur_existant(_FROM_commerce_TO_industrie):B(rez_chausee)> {entree_graphique(5)} #INTERDICTION'),
(301, '[300] ?RUN(True) @122 [zonage(1)] DEF(.) <construction:B(emplacement_stationnement)> {.} C(longueur_emplacement_stationnement=5.)'),
(302, '[301] ?RUN(True) @122 [zonage(1)] DEF(.) <construction:B(emplacement_stationnement)> {.} C(largeur_emplacement_stationnement=2.5)'),
(303, '[302] ?RUN(True) @122 [zonage(1)] DEF(.) <construction:B(emplacement_stationnement)> {.} C(longueur_degagement_emplacement_stationnement=5.)'),
(304, '[303] ?RUN(True) @123 [zonage(1)] DEF(.) <construction:B(aire_stationnement):B(nombre_emplacement>=3)> {.} C(aire_materialisee_au_sol_OBL=True)'),
(305, '[304] ?RUN(True) @(124,125) [zonage(1)] DEF(.) <construction:B(rampe_acces_sous_sol)> {.} C(pente_rampe_acces_m5_MAX=0.05)'),
(306, '[305] ?RUN(True) @(124,125) [zonage(1)] DEF(.) <construction:B(rampe_acces_sous_sol)> {.} QUALI(_contrainte)'),
(307, '[306] ?RUN(True) @126 [zonage(1)] DEF(.) <construction(_IS_habitation):B(nombre_logement>=3)> {B(type_rampe_acces==sens_unique)} C(largeur_rampe_acces_IDE=3.5)'),
(308, '[307] ?RUN(True) @126 [zonage(1)] DEF(.) <construction(_IS_bureau)> {B(type_rampe_acces==sens_unique)} C(largeur_rampe_acces_IDE=3.5)'),
(309, '[308] ?RUN(True) @126 [zonage(1)] DEF(.) <construction(_IS_commerce)> {B(type_rampe_acces==sens_unique)} C(largeur_rampe_acces_IDE=3.5)'),
(31, '[309] ?RUN(True) @126 [zonage(1)] DEF(.) <construction(_IS_artisanat)> {B(type_rampe_acces==sens_unique)} C(largeur_rampe_acces_IDE=3.5)'),
(310, '[31] ?RUN(True) @28 [zonage(1)] DEF(.) <travaux_sur_existant(_FROM_commerce_TO_entrepot):B(rez_chausee)> {entree_graphique(5)} #INTERDICTION'),
(311, '[310] ?RUN(True) @126 [zonage(1)] DEF(.) <construction(_IS_industrie)> {B(type_rampe_acces==sens_unique)} C(largeur_rampe_acces_IDE=3.5)'),
(312, '[311] ?RUN(True) @126 [zonage(1)] DEF(.) <construction(_IS_hebergement_hotelier)> {B(type_rampe_acces==sens_unique)} C(largeur_rampe_acces_IDE=3.5)'),
(313, '[312] ?RUN(True) @126 [zonage(1)] DEF(.) <construction(_IS_entrepot)> {B(type_rampe_acces==sens_unique)} C(largeur_rampe_acces_IDE=3.5)'),
(314, '[313] ?RUN(True) @126 [zonage(1)] DEF(.) <construction(_IS_exploitation_agricole_forestiere)> {B(type_rampe_acces==sens_unique)} C(largeur_rampe_acces_IDE=3.5)'),
(315, '[314] ?RUN(True) @126 [zonage(1)] DEF(.) <construction(_IS_cinaspic)> {B(type_rampe_acces==sens_unique)} C(largeur_rampe_acces_IDE=3.5)'),
(316, '[315] ?RUN(True) @126 [zonage(1)] DEF(.) <construction(_IS_habitation):B(nombre_logement>=3)> {B(type_rampe_acces==double_sensANDnombre_places_desservies_rampe_acces<=30)} C(largeur_rampe_acces_IDE=3.5)'),
(317, '[316] ?RUN(True) @126 [zonage(1)] DEF(.) <construction(_IS_bureau)> {B(type_rampe_acces==double_sensANDnombre_places_desservies_rampe_acces<=30)} C(largeur_rampe_acces_IDE=3.5)'),
(318, '[317] ?RUN(True) @126 [zonage(1)] DEF(.) <construction(_IS_commerce)> {B(type_rampe_acces==double_sensANDnombre_places_desservies_rampe_acces<=30)} C(largeur_rampe_acces_IDE=3.5)'),
(319, '[318] ?RUN(True) @126 [zonage(1)] DEF(.) <construction(_IS_artisanat)> {B(type_rampe_acces==double_sensANDnombre_places_desservies_rampe_acces<=30)} C(largeur_rampe_acces_IDE=3.5)'),
(32, '[319] ?RUN(True) @126 [zonage(1)] DEF(.) <construction(_IS_industrie)> {B(type_rampe_acces==double_sensANDnombre_places_desservies_rampe_acces<=30)} C(largeur_rampe_acces_IDE=3.5)'),
(320, '[32] ?RUN(True) @28 [zonage(1)] DEF(.) <travaux_sur_existant(_FROM_commerce_TO_exploitation_agricole_forestiere):B(rez_chausee)> {entree_graphique(5)} #INTERDICTION'),
(321, '[320] ?RUN(True) @126 [zonage(1)] DEF(.) <construction(_IS_hebergement_hotelier)> {B(type_rampe_acces==double_sensANDnombre_places_desservies_rampe_acces<=30)} C(largeur_rampe_acces_IDE=3.5)'),
(322, '[321] ?RUN(True) @126 [zonage(1)] DEF(.) <construction(_IS_entrepot)> {B(type_rampe_acces==double_sensANDnombre_places_desservies_rampe_acces<=30)} C(largeur_rampe_acces_IDE=3.5)'),
(323, '[322] ?RUN(True) @126 [zonage(1)] DEF(.) <construction(_IS_exploitation_agricole_forestiere)> {B(type_rampe_acces==double_sensANDnombre_places_desservies_rampe_acces<=30)} C(largeur_rampe_acces_IDE=3.5)'),
(324, '[323] ?RUN(True) @126 [zonage(1)] DEF(.) <construction(_IS_cinaspic)> {B(type_rampe_acces==double_sensANDnombre_places_desservies_rampe_acces<=30)} C(largeur_rampe_acces_IDE=3.5)'),
(325, '[324] ?RUN(True) @126 [zonage(1)] DEF(.) <construction(_IS_habitation):B(nombre_logement>=3)> {B(type_rampe_acces==double_sensANDnombre_places_desservies_rampe_acces>=30)} C(largeur_rampe_acces_IDE=6.5)'),
(326, '[325] ?RUN(True) @126 [zonage(1)] DEF(.) <construction(_IS_bureau)> {B(type_rampe_acces==double_sensANDnombre_places_desservies_rampe_acces>=30)} C(largeur_rampe_acces_IDE=6.5)'),
(327, '[326] ?RUN(True) @126 [zonage(1)] DEF(.) <construction(_IS_commerce)> {B(type_rampe_acces==double_sensANDnombre_places_desservies_rampe_acces>=30)} C(largeur_rampe_acces_IDE=6.5)'),
(328, '[327] ?RUN(True) @126 [zonage(1)] DEF(.) <construction(_IS_artisanat)> {B(type_rampe_acces==double_sensANDnombre_places_desservies_rampe_acces>=30)} C(largeur_rampe_acces_IDE=6.5)'),
(329, '[328] ?RUN(True) @126 [zonage(1)] DEF(.) <construction(_IS_industrie)> {B(type_rampe_acces==double_sensANDnombre_places_desservies_rampe_acces>=30)} C(largeur_rampe_acces_IDE=6.5)'),
(33, '[329] ?RUN(True) @126 [zonage(1)] DEF(.) <construction(_IS_hebergement_hotelier)> {B(type_rampe_acces==double_sensANDnombre_places_desservies_rampe_acces>=30)} C(largeur_rampe_acces_IDE=6.5)'),
(330, '[33] ?RUN(True) @28 [zonage(1)] DEF(.) <travaux_sur_existant(_FROM_commerce_TO_cinaspic):B(rez_chausee)> {entree_graphique(5)} #INTERDICTION'),
(331, '[330] ?RUN(True) @126 [zonage(1)] DEF(.) <construction(_IS_entrepot)> {B(type_rampe_acces==double_sensANDnombre_places_desservies_rampe_acces>=30)} C(largeur_rampe_acces_IDE=6.5)'),
(332, '[331] ?RUN(True) @126 [zonage(1)] DEF(.) <construction(_IS_exploitation_agricole_forestiere)> {B(type_rampe_acces==double_sensANDnombre_places_desservies_rampe_acces>=30)} C(largeur_rampe_acces_IDE=6.5)'),
(333, '[332] ?RUN(True) @126 [zonage(1)] DEF(.) <construction(_IS_cinaspic)> {B(type_rampe_acces==double_sensANDnombre_places_desservies_rampe_acces>=30)} C(largeur_rampe_acces_IDE=6.5)'),
(334, '[333] ?RUN(True) @126 [zonage(1)] DEF(.) <construction(_IS_bureau)> {.} C(rayon_interieur_rampe_acces_MIN=5.)'),
(335, '[334] ?RUN(True) @126 [zonage(1)] DEF(.) <construction(_IS_commerce)> {.} C(rayon_interieur_rampe_acces_MIN=5.)'),
(336, '[335] ?RUN(True) @126 [zonage(1)] DEF(.) <construction(_IS_artisanat)> {.} C(rayon_interieur_rampe_acces_MIN=5.)'),
(337, '[336] ?RUN(True) @126 [zonage(1)] DEF(.) <construction(_IS_industrie)> {.} C(rayon_interieur_rampe_acces_MIN=5.)'),
(338, '[337] ?RUN(True) @126 [zonage(1)] DEF(.) <construction(_IS_hebergement_hotelier)> {.} C(rayon_interieur_rampe_acces_MIN=5.)'),
(339, '[338] ?RUN(True) @126 [zonage(1)] DEF(.) <construction(_IS_entrepot)> {.} C(rayon_interieur_rampe_acces_MIN=5.)'),
(34, '[339] ?RUN(True) @126 [zonage(1)] DEF(.) <construction(_IS_exploitation_agricole_forestiere)> {.} C(rayon_interieur_rampe_acces_MIN=5.)'),
(340, '[34] ?RUN(True) @29 [zonage(1)] DEF(.) <construction(_IS_habitation):B((surface_plancher>=400.)OR(nombre_logement>=10))> {B(taux_logement_locatifs_sociaux>=0.25)} #AUTORISATION'),
(341, '[340] ?RUN(True) @126 [zonage(1)] DEF(.) <construction(_IS_cinaspic)> {.} C(rayon_interieur_rampe_acces_MIN=5.)'),
(342, '[341] ?RUN(True) @126 [zonage(1)] DEF(.) <construction(_IS_habitation):B(nombre_logement>=3)> {.} C(rayon_interieur_rampe_acces_MIN=5.)'),
(343, '[342] ?RUN(True) @126 [zonage(1)] DEF(.) <construction(_IS_habitation):B(nombre_logement>=3)> {B(type_rampe_acces==sens_unique)} C(rayon_exterieur_rampe_acces_MIN=3.5+rayon_interieur_rampe_acces)'),
(344, '[343] ?RUN(True) @126 [zonage(1)] DEF(.) <construction(_IS_bureau)> {B(type_rampe_acces==sens_unique)} C(rayon_exterieur_rampe_acces_MIN=3.5+rayon_interieur_rampe_acces)'),
(345, '[344] ?RUN(True) @126 [zonage(1)] DEF(.) <construction(_IS_commerce)> {B(type_rampe_acces==sens_unique)} C(rayon_exterieur_rampe_acces_MIN=3.5+rayon_interieur_rampe_acces)'),
(346, '[345] ?RUN(True) @126 [zonage(1)] DEF(.) <construction(_IS_artisanat)> {B(type_rampe_acces==sens_unique)} C(rayon_exterieur_rampe_acces_MIN=3.5+rayon_interieur_rampe_acces)'),
(347, '[346] ?RUN(True) @126 [zonage(1)] DEF(.) <construction(_IS_industrie)> {B(type_rampe_acces==sens_unique)} C(rayon_exterieur_rampe_acces_MIN=3.5+rayon_interieur_rampe_acces)'),
(348, '[347] ?RUN(True) @126 [zonage(1)] DEF(.) <construction(_IS_hebergement_hotelier)> {B(type_rampe_acces==sens_unique)} C(rayon_exterieur_rampe_acces_MIN=3.5+rayon_interieur_rampe_acces)'),
(349, '[348] ?RUN(True) @126 [zonage(1)] DEF(.) <construction(_IS_entrepot)> {B(type_rampe_acces==sens_unique)} C(rayon_exterieur_rampe_acces_MIN=3.5+rayon_interieur_rampe_acces)'),
(35, '[349] ?RUN(True) @126 [zonage(1)] DEF(.) <construction(_IS_exploitation_agricole_forestiere)> {B(type_rampe_acces==sens_unique)} C(rayon_exterieur_rampe_acces_MIN=3.5+rayon_interieur_rampe_acces)'),
(350, '[35] ?RUN(True) @29 [zonage(1)] DEF(hauteur_construction:eq:1) <construction:B(est_annexeANDhauteur_construction<=3.5ANDemprise_au_sol<=15.)> {entree_graphique(6)} #AUTORISATION'),
(351, '[350] ?RUN(True) @126 [zonage(1)] DEF(.) <construction(_IS_cinaspic)> {B(type_rampe_acces==sens_unique)} C(rayon_exterieur_rampe_acces_MIN=3.5+rayon_interieur_rampe_acces)'),
(352, '[351] ?RUN(True) @126 [zonage(1)] DEF(.) <construction(_IS_habitation):B(nombre_logement>=3)> {.} C(rayon_exterieur_rampe_acces_MIN=6.+rayon_interieur_rampe_acces)'),
(353, '[352] ?RUN(True) @126 [zonage(1)] DEF(.) <construction(_IS_bureau)> {.} C(rayon_exterieur_rampe_acces_MIN=6.+rayon_interieur_rampe_acces)'),
(354, '[353] ?RUN(True) @126 [zonage(1)] DEF(.) <construction(_IS_commerce)> {.} C(rayon_exterieur_rampe_acces_MIN=6.+rayon_interieur_rampe_acces)'),
(355, '[354] ?RUN(True) @126 [zonage(1)] DEF(.) <construction(_IS_artisanat)> {.} C(rayon_exterieur_rampe_acces_MIN=6.+rayon_interieur_rampe_acces)'),
(356, '[355] ?RUN(True) @126 [zonage(1)] DEF(.) <construction(_IS_industrie)> {.} C(rayon_exterieur_rampe_acces_MIN=6.+rayon_interieur_rampe_acces)'),
(357, '[356] ?RUN(True) @126 [zonage(1)] DEF(.) <construction(_IS_hebergement_hotelier)> {.} C(rayon_exterieur_rampe_acces_MIN=6.+rayon_interieur_rampe_acces)'),
(358, '[357] ?RUN(True) @126 [zonage(1)] DEF(.) <construction(_IS_entrepot)> {.} C(rayon_exterieur_rampe_acces_MIN=6.+rayon_interieur_rampe_acces)'),
(359, '[358] ?RUN(True) @126 [zonage(1)] DEF(.) <construction(_IS_exploitation_agricole_forestiere)> {.} C(rayon_exterieur_rampe_acces_MIN=6.+rayon_interieur_rampe_acces)'),
(36, '[359] ?RUN(True) @126 [zonage(1)] DEF(.) <construction(_IS_cinaspic)> {.} C(rayon_exterieur_rampe_acces_MIN=6.+rayon_interieur_rampe_acces)'),
(360, '[36] ?RUN(alt_level(1)==1) @30 [zonage(1)] DEF(.) <general> {.} C(accessible_par_voie_carossable_OBL=True)'),
(361, '[360] ?RUN(True) @(127,128) [zonage(1)] DEF(.) <construction> {.} QUALI(_contrainte)'),
(362, '[361] ?RUN(True) @129 [zonage(6)] DEF(.) <construction> {.} C(proportion_espace_vert_amenage_MIN=0.05)'),
(363, '[362] ?RUN(True) @130 [zonage(1)] DEF(.) <construction:B(espace_vegetalise_sur_dalle)> {.} C(epaisseur_terre_vegetale_espace_vert_MIN=0.8)'),
(364, '[363] ?RUN(True) @130 [zonage(1)] DEF(.) <construction:B(espace_vegetalise_sur_dalle)> {.} QUALI(_contrainte)'),
(365, '[364] ?RUN(True) @131 [zonage(1)] DEF(.) <general> {.} C(hauteur_arbres_a_implantation_MIN=2.4)'),
(366, '[365] ?RUN(True) @131 [zonage(1)] DEF(.) <general> {.} C(nombre_arbre_MIN==ENT(surface_espace_libre/200.)+1)'),
(367, '[366] ?RUN(True) @132 [zonage(1)] DEF(.) <general> {.} QUALI(_contrainte)'),
(368, '[367] ?RUN(True) @133 [zonage(1)] DEF(.) <general> {entree_graphique(3)} QUALI(_contrainte)'),
(369, '[368] ?RUN(True) @134 [zonage(1)] DEF(.) <general> {entree_graphique(3)} QUALI(_contrainte)'),
(37, '[369] ?RUN(True) @135 [zonage(1)] DEF(.) <construction> {entree_graphique(3)} C(marge_recul_arbre=5.)'),
(370, '[37] ?RUN(alt_level(1)==2) @30 [zonage(1)] DEF(.) <general> {.} C(accessible_par_servitude_passage_OBL=True)'),
(371, '[370] ?RUN(True) @136 [zonage(1)] DEF(.) <general> {entree_graphique(4)} !PACKAGE(29)'),
(372, '[371] ?RUN(True) @138 [zonage(1)] DEF(.) <general> {.} QUALI(_information)'),
(373, '[372] ?RUN(True) @139 [zonage(1)] DEF(.) <general> {.} QUALI(_contrainte)'),
(374, '[373] ?RUN(True) @140 [zonage(1)] DEF(.) <general> {.} QUALI(_contrainte)'),
(375, '[374] ?RUN(True) @141 [zonage(1)] DEF(.) <construction(_IS_habitation):B(nombre_logement>=3)> {.} C(connexion_reseau_haut_debit_OBL=True)'),
(376, '[375] ?RUN(True) @141 [zonage(1)] DEF(.) <construction(_IS_bureau)> {.} C(connexion_reseau_haut_debit_OBL=True)'),
(38, '[376] ?RUN(True) @141 [zonage(1)] DEF(.) <construction(_IS_hebergement_hotelier)> {.} C(connexion_reseau_haut_debit_OBL=True)'),
(39, '[38] ?RUN(True) @31 [zonage(1)] DEF(.) <general:B(voie_acces_terrain)> {.} QUALI(_contrainte)'),
(4, '[39] ?RUN(True) @32 [zonage(1)] DEF(.) <general:B(voie_acces_terrain)> {.} !PACKAGE(25)'),
(40, '[4] ?RUN(True) @4 [.] DEF(.) <general> {entree_graphique(1)} QUALI(_contrainte)'),
(41, '[40] ?RUN(True) @34 [zonage(1)] DEF(.) <general:B(acces_terrain)> {.} QUALI(_contrainte)'),
(42, '[41] ?RUN(True) @34 [zonage(1)] DEF(.) <general:B(acces_terrain)> {.} !PACKAGE(25)'),
(43, '[42] ?RUN(True) @35 [zonage(1)] DEF(.) <general:B(acces_terrain)> {.} QUALI(_contrainte)'),
(44, '[43] ?RUN(True) @35 [zonage(1)] DEF(.) <general:B(acces_terrain)> {B(nombre_voie_acces_terrain>=2)} QUALI(_contrainte)'),
(45, '[44] ?RUN(True) @36 [zonage(1)] DEF(.) <construction:B(accesANDacces_terrain_sous_porche))> {.} C(hauteur_libre_sous_porche_MIN=5.)'),
(46, '[45] ?RUN(True) @37 [zonage(1)] DEF(.) <construction(_IS_habitation):B(voie_acces_terrain)> {B(nombre_logement_desservi<=10)} C(emprise_voie_acces_terrain_MIN=3)'),
(47, '[46] ?RUN(True) @38 [zonage(1)] DEF(.) <construction(_IS_habitation):B(nombre_logement_desservi>=10)> {.} C(emprise_voie_acces_terrain_MIN=4)'),
(48, '[47] ?RUN(True) @38 [zonage(1)] DEF(.) <construction(_IS_habitation):B(nombre_logement_desservi>=10)> {.} !PACKAGE(25)'),
(49, '[48] ?RUN(True) @38 [zonage(1)] DEF(.) <construction(_IS_bureau)> {.} C(emprise_voie_acces_terrain_MIN=4)'),
(5, '[49] ?RUN(True) @38 [zonage(1)] DEF(.) <construction(_IS_commerce)> {.} C(emprise_voie_acces_terrain_MIN=4)'),
(50, '[5] ?RUN(True) @5 [.] DEF(.) <general> {entree_graphique(1)} !PACKAGE(2)'),
(51, '[50] ?RUN(True) @38 [zonage(1)] DEF(.) <construction(_IS_artisanat)> {.} C(emprise_voie_acces_terrain_MIN=4)'),
(52, '[51] ?RUN(True) @38 [zonage(1)] DEF(.) <construction(_IS_industrie)> {.} C(emprise_voie_acces_terrain_MIN=4)'),
(53, '[52] ?RUN(True) @38 [zonage(1)] DEF(.) <construction(_IS_hebergement_hotelier)> {.} C(emprise_voie_acces_terrain_MIN=4)'),
(54, '[53] ?RUN(True) @38 [zonage(1)] DEF(.) <construction(_IS_entrepot)> {.} C(emprise_voie_acces_terrain_MIN=4)'),
(55, '[54] ?RUN(True) @38 [zonage(1)] DEF(.) <construction(_IS_exploitation_agricole_forestiere)> {.} C(emprise_voie_acces_terrain_MIN=4)'),
(56, '[55] ?RUN(True) @38 [zonage(1)] DEF(.) <construction(_IS_cinaspic)> {.} C(emprise_voie_acces_terrain_MIN=4)'),
(57, '[56] ?RUN(True) @38 [zonage(1)] DEF(.) <construction(_IS_bureau)> {.} !PACKAGE(25)'),
(58, '[57] ?RUN(True) @38 [zonage(1)] DEF(.) <construction(_IS_commerce)> {.} !PACKAGE(25)'),
(59, '[58] ?RUN(True) @38 [zonage(1)] DEF(.) <construction(_IS_artisanat)> {.} !PACKAGE(25)'),
(6, '[59] ?RUN(True) @38 [zonage(1)] DEF(.) <construction(_IS_industrie)> {.} !PACKAGE(25)'),
(60, '[6] ?RUN(True) @6 [.] DEF(.) <construction> {entree_graphique(2)} #INTERDICTION'),
(61, '[60] ?RUN(True) @38 [zonage(1)] DEF(.) <construction(_IS_hebergement_hotelier)> {.} !PACKAGE(25)'),
(62, '[61] ?RUN(True) @38 [zonage(1)] DEF(.) <construction(_IS_entrepot)> {.} !PACKAGE(25)'),
(63, '[62] ?RUN(True) @38 [zonage(1)] DEF(.) <construction(_IS_exploitation_agricole_forestiere)> {.} !PACKAGE(25)'),
(64, '[63] ?RUN(True) @38 [zonage(1)] DEF(.) <construction(_IS_cinaspic)> {.} !PACKAGE(25)');
INSERT INTO `REGLE` (`id_regle`, `regle_brute`) VALUES
(65, '[64] ?RUN(True) @38 [zonage(1)] DEF(.) <construction(_IS_habitation):B(nombre_logement_desservi>=10)> {B(voie_acces_terrain_en_impasse)} QUALI(_contrainte)'),
(66, '[65] ?RUN(True) @38 [zonage(1)] DEF(.) <construction(_IS_bureau)> {B(voie_acces_terrain_en_impasse)} QUALI(_contrainte)'),
(67, '[66] ?RUN(True) @38 [zonage(1)] DEF(.) <construction(_IS_commerce)> {B(voie_acces_terrain_en_impasse)} QUALI(_contrainte)'),
(68, '[67] ?RUN(True) @38 [zonage(1)] DEF(.) <construction(_IS_artisanat)> {B(voie_acces_terrain_en_impasse)} QUALI(_contrainte)'),
(69, '[68] ?RUN(True) @38 [zonage(1)] DEF(.) <construction(_IS_industrie)> {B(voie_acces_terrain_en_impasse)} QUALI(_contrainte)'),
(7, '[69] ?RUN(True) @38 [zonage(1)] DEF(.) <construction(_IS_hebergement_hotelier)> {B(voie_acces_terrain_en_impasse)} QUALI(_contrainte)'),
(70, '[7] ?RUN(True) @6 [.] DEF(.) <construction:B(cloture)> {entree_graphique(2)} #INTERDICTION'),
(71, '[70] ?RUN(True) @38 [zonage(1)] DEF(.) <construction(_IS_entrepot)> {B(voie_acces_terrain_en_impasse)} QUALI(_contrainte)'),
(72, '[71] ?RUN(True) @38 [zonage(1)] DEF(.) <construction(_IS_exploitation_agricole_forestiere)> {B(voie_acces_terrain_en_impasse)} QUALI(_contrainte)'),
(73, '[72] ?RUN(True) @38 [zonage(1)] DEF(.) <construction(_IS_cinaspic)> {B(voie_acces_terrain_en_impasse)} QUALI(_contrainte)'),
(74, '[73] ?RUN(True) @39 [zonage(1)] DEF(.) <construction> {.} C(raccord_reseau_eau_potable_OBL=True)'),
(75, '[74] ?RUN(True) @39 [zonage(1)] DEF(.) <construction> {.} C(raccord_reseau_electricite_OBL=True)'),
(76, '[75] ?RUN(True) @39 [zonage(1)] DEF(.) <construction> {.} C(raccord_reseau_assainissement_OBL=True)'),
(77, '[76] ?RUN(True) @40 [zonage(1)] DEF(.) <construction> {.} C(raccord_reseau_eau_potable_OBL=True)'),
(78, '[77] ?RUN(True) @40 [zonage(1)] DEF(.) <construction:B(raccordement_reseau_eau_potable)> {.} !PACKAGE(26)'),
(79, '[78] ?RUN(True) @41 [zonage(1)] DEF(.) <construction:B(raccordement_reseau_assainissement)> {.} QUALI(_contrainte)'),
(8, '[79] ?RUN(True) @42 [zonage(1)] DEF(.) <construction:B(raccordement_reseau_assainissement)> {.} !PACKAGE(26)'),
(80, '[8] ?RUN(True) @6 [.] DEF(.) <construction:B(portail)> {entree_graphique(2)} #INTERDICTION'),
(81, '[80] ?RUN(True) @43 [zonage(1)] DEF(.) <construction:B(raccordement_reseau_assainissement)> {.} QUALI(_contrainte)'),
(82, '[81] ?RUN(MAYBE) @44 [zonage(1)] DEF(.) <construction:B(raccordement_reseau_assainissement)> {.} QUALI(_contrainte)'),
(83, '[82] ?RUN(True) @44 [zonage(1)] DEF(.) <construction:B(raccordement_reseau_assainissement)> {.} !PACKAGE(26)'),
(84, '[83] ?RUN(alt_level(2)==1) @45 [zonage(1)] DEF(.) <construction:B(raccordement_reseau_assainissement)> {.} QUALI(_contrainte)'),
(85, '[84] ?RUN(alt_level(2)==1) @45 [zonage(1)] DEF(.) <construction:B(raccordement_reseau_assainissement)> {entree_graphique(7)} QUALI(_contrainte)'),
(86, '[85] ?RUN(alt_level(2)==2) @45 [zonage(1)] DEF(.) <construction:B(raccordement_reseau_assainissement)> {.} C(debit_rejet_reseau_assainissement_MAX=2.)'),
(87, '[86] ?RUN(alt_level(2)==2) @45 [zonage(1)] DEF(.) <construction:B(raccordement_reseau_assainissement)> {.} QUALI(_contrainte)'),
(88, '[87] ?RUN(MAYBE) @46 [zonage(1)] DEF(.) <construction:B(raccordement_reseau_assainissement)> {.} C(rejet_infiltration_pretraite_OBL=True)'),
(89, '[88] ?RUN(alt_level(3)==1) @47 [zonage(1)] DEF(.) <construction:B(raccordement_reseau_electricite)> {.} C(raccordement_reseau_electricite_methode_1_OBL=True)'),
(9, '[89] ?RUN(alt_level(3)==2) @47 [zonage(1)] DEF(.) <construction:B(raccordement_reseau_electricite)> {.} C(raccordement_reseau_electricite_methode_2_AUT=True)'),
(90, '[9] ?RUN(True) @6 [.] DEF(.) <construction:B(portillon)> {entree_graphique(2)} #INTERDICTION'),
(91, '[90] ?RUN(True) @48 [zonage(1)] DEF(.) <construction> {.} QUALI(_contrainte)'),
(92, '[91] ?RUN(True) @50 [zonage(1)] DEF(.) <construction> {.} C(implantation_alignement_6_AUT=True)'),
(93, '[92] ?RUN(True) @50 [zonage(1)] DEF(.) <construction> {.} C(implantation_retrait_6_AUT=True)'),
(94, '[93] ?RUN(True) @50 [zonage(1)] DEF(.) <construction> {.} C(marge_retrait_6=3.)'),
(95, '[94] ?RUN(True) @51 [zonage(5)] DEF(.) <construction> {entree_graphique(8)} C(implantation_alignement_6_OBL=True)'),
(96, '[95] ?RUN(True) @51 [zonage(6)] DEF(.) <construction> {entree_graphique(8)} C(implantation_alignement_6_OBL=True)'),
(97, '[96] ?RUN(True) @52 [zonage(6)] DEF(.) <construction> {entree_graphique(9)} C(implantation_retrait_6_OBL=True)'),
(98, '[97] ?RUN(True) @53 [zonage(1)] DEF(.) <construction:B(saillie_alignement_6)> {B(largeur_voie_publique_pour_saillie_alignement_6>=8.ANDtaille_saillie_alignement_6<=1.2ANDhauteur_saillie_alignement_6>=5.5)} #AUTORISATION'),
(99, '[98] ?RUN(True) @53 [zonage(1)] DEF(.) <isolation_par_exterieur:B(isolation_en_saillie_alignement_6)> {B(date_construction<=%date_approbation)} #AUTORISATION'),
(0, '[99] ?RUN(True) @53 [zonage(1)] DEF(.) <acces_batiment> {.} QUALI(_contrainte)'),
(1, ''),
(10, ''),
(100, ''),
(101, ''),
(102, ''),
(103, ''),
(104, ''),
(105, ''),
(106, ''),
(107, ''),
(108, ''),
(109, ''),
(11, ''),
(110, ''),
(111, ''),
(112, ''),
(113, ''),
(114, ''),
(115, ''),
(116, ''),
(117, ''),
(118, ''),
(119, ''),
(12, ''),
(120, ''),
(121, ''),
(122, ''),
(123, ''),
(124, ''),
(126, ''),
(127, ''),
(128, ''),
(129, ''),
(13, ''),
(130, ''),
(131, ''),
(132, ''),
(133, ''),
(134, ''),
(135, ''),
(136, ''),
(137, ''),
(138, ''),
(139, ''),
(14, ''),
(140, ''),
(141, ''),
(142, ''),
(143, ''),
(144, ''),
(145, ''),
(146, ''),
(147, ''),
(148, ''),
(149, ''),
(15, ''),
(150, ''),
(151, ''),
(152, ''),
(153, ''),
(154, ''),
(155, ''),
(156, ''),
(157, ''),
(158, ''),
(159, ''),
(16, ''),
(160, ''),
(161, ''),
(162, ''),
(163, ''),
(164, ''),
(165, ''),
(166, ''),
(167, ''),
(168, ''),
(169, ''),
(17, ''),
(170, ''),
(171, ''),
(172, ''),
(173, ''),
(174, ''),
(175, ''),
(176, ''),
(177, ''),
(178, ''),
(179, ''),
(18, ''),
(180, ''),
(181, ''),
(182, ''),
(183, ''),
(184, ''),
(185, ''),
(186, ''),
(187, ''),
(188, ''),
(189, ''),
(19, ''),
(190, ''),
(191, ''),
(192, ''),
(193, ''),
(194, ''),
(195, ''),
(196, ''),
(197, ''),
(198, ''),
(199, ''),
(2, ''),
(20, ''),
(200, ''),
(201, ''),
(202, ''),
(203, ''),
(204, ''),
(205, ''),
(206, ''),
(207, ''),
(208, ''),
(209, ''),
(21, ''),
(210, ''),
(211, ''),
(212, ''),
(213, ''),
(214, ''),
(215, ''),
(216, ''),
(217, ''),
(218, ''),
(219, ''),
(22, ''),
(220, ''),
(221, ''),
(222, ''),
(223, ''),
(224, ''),
(225, ''),
(226, ''),
(227, ''),
(228, ''),
(229, ''),
(23, ''),
(230, ''),
(231, ''),
(232, ''),
(233, ''),
(234, ''),
(235, ''),
(236, ''),
(237, ''),
(238, ''),
(239, ''),
(24, ''),
(240, ''),
(241, ''),
(242, ''),
(243, ''),
(244, ''),
(245, ''),
(246, ''),
(247, ''),
(248, ''),
(249, ''),
(25, ''),
(250, ''),
(251, ''),
(252, ''),
(253, ''),
(254, ''),
(255, ''),
(256, ''),
(257, ''),
(258, ''),
(259, ''),
(26, ''),
(260, ''),
(261, ''),
(262, ''),
(263, ''),
(264, ''),
(265, ''),
(266, ''),
(267, ''),
(268, ''),
(269, ''),
(27, ''),
(270, ''),
(271, ''),
(272, ''),
(273, ''),
(274, ''),
(275, ''),
(276, ''),
(277, ''),
(278, ''),
(279, ''),
(28, ''),
(280, ''),
(281, ''),
(282, ''),
(283, ''),
(284, ''),
(285, ''),
(286, ''),
(287, ''),
(288, ''),
(289, ''),
(29, ''),
(290, ''),
(291, ''),
(292, ''),
(293, ''),
(294, ''),
(295, ''),
(296, ''),
(297, ''),
(298, ''),
(299, ''),
(3, ''),
(30, ''),
(300, ''),
(301, ''),
(302, ''),
(303, ''),
(304, ''),
(305, ''),
(306, ''),
(307, ''),
(308, ''),
(309, ''),
(31, ''),
(310, ''),
(311, ''),
(312, ''),
(313, ''),
(314, ''),
(315, ''),
(316, ''),
(317, ''),
(318, ''),
(319, ''),
(32, ''),
(320, ''),
(321, ''),
(322, ''),
(323, ''),
(324, ''),
(325, ''),
(326, ''),
(327, ''),
(328, ''),
(329, ''),
(33, ''),
(330, ''),
(331, ''),
(332, ''),
(333, ''),
(334, ''),
(335, ''),
(336, ''),
(337, ''),
(338, ''),
(339, ''),
(34, ''),
(340, ''),
(341, ''),
(342, ''),
(343, ''),
(344, ''),
(345, ''),
(346, ''),
(347, ''),
(348, ''),
(349, ''),
(35, ''),
(350, ''),
(351, ''),
(352, ''),
(353, ''),
(354, ''),
(355, ''),
(356, ''),
(357, ''),
(358, ''),
(359, ''),
(36, ''),
(360, ''),
(361, ''),
(362, ''),
(363, ''),
(364, ''),
(365, ''),
(366, ''),
(367, ''),
(368, ''),
(369, ''),
(37, ''),
(370, ''),
(371, ''),
(372, ''),
(373, ''),
(374, ''),
(375, ''),
(376, ''),
(38, ''),
(39, ''),
(4, ''),
(40, ''),
(41, ''),
(42, ''),
(43, ''),
(44, ''),
(45, ''),
(46, ''),
(47, ''),
(48, ''),
(49, ''),
(5, ''),
(50, ''),
(51, ''),
(52, ''),
(53, ''),
(54, ''),
(55, ''),
(56, ''),
(57, ''),
(58, ''),
(59, ''),
(6, ''),
(60, ''),
(61, ''),
(62, ''),
(63, ''),
(64, ''),
(65, ''),
(66, ''),
(67, ''),
(68, ''),
(69, ''),
(7, ''),
(70, ''),
(71, ''),
(72, ''),
(73, ''),
(74, ''),
(75, ''),
(76, ''),
(77, ''),
(78, ''),
(79, ''),
(8, ''),
(80, ''),
(81, ''),
(82, ''),
(83, ''),
(84, ''),
(85, ''),
(86, ''),
(87, ''),
(88, ''),
(89, ''),
(9, ''),
(90, ''),
(91, ''),
(92, ''),
(93, ''),
(94, ''),
(95, ''),
(96, ''),
(97, ''),
(98, ''),
(99, '');

-- --------------------------------------------------------

--
-- Structure de la table `REGLE_ACTION`
--

CREATE TABLE `REGLE_ACTION` (
  `id_regle` int(3) DEFAULT NULL,
  `element_contraint` varchar(53) DEFAULT NULL,
  `id_element_contraint` int(4) DEFAULT NULL,
  `valeur_bool` varchar(5) DEFAULT NULL,
  `Valeur_dis` int(3) DEFAULT NULL,
  `valeur_reel` decimal(10,0) DEFAULT NULL,
  `formule_dis` varchar(49) DEFAULT NULL,
  `formule_reel` varchar(49) DEFAULT NULL,
  `interdiction` int(1) DEFAULT NULL,
  `autorisation` int(1) DEFAULT NULL,
  `quali_information` int(1) DEFAULT NULL,
  `quali_justification` int(1) DEFAULT NULL,
  `quali_contrainte` int(1) DEFAULT NULL,
  `package` int(1) DEFAULT NULL,
  `free` varchar(37) DEFAULT NULL,
  `id_free` int(3) DEFAULT NULL,
  `is_opt` int(1) DEFAULT NULL,
  `to_opt` varchar(26) DEFAULT NULL,
  `id_to_opt` int(3) DEFAULT NULL,
  `opt_min` int(1) DEFAULT NULL,
  `opt_max` int(1) DEFAULT NULL
) ENGINE=InnoDB DEFAULT CHARSET=utf8;

--
-- Déchargement des données de la table `REGLE_ACTION`
--

INSERT INTO `REGLE_ACTION` (`id_regle`, `element_contraint`, `id_element_contraint`, `valeur_bool`, `Valeur_dis`, `valeur_reel`, `formule_dis`, `formule_reel`, `interdiction`, `autorisation`, `quali_information`, `quali_justification`, `quali_contrainte`, `package`, `free`, `id_free`, `is_opt`, `to_opt`, `id_to_opt`, `opt_min`, `opt_max`) VALUES
(1, '', 0, '', 0, '0', '', '', 1, 0, 0, 0, 0, 0, '', 0, 0, '', 0, 0, 0),
(10, '', 0, '', 0, '0', '', '', 0, 0, 1, 0, 0, 0, '', 0, 0, '', 0, 0, 0),
(100, '', 0, '', 0, '0', '', '', 0, 1, 0, 0, 0, 0, '', 0, 0, '', 0, 0, 0),
(101, '', 0, '', 0, '0', '', '', 0, 1, 0, 0, 0, 0, '', 0, 0, '', 0, 0, 0),
(102, '', 0, '', 0, '0', '', '', 0, 1, 0, 0, 0, 0, '', 0, 0, '', 0, 0, 0),
(103, 'implantation_alignement_6_AUT', 1043, 'TRUE', 0, '0', '', '', 0, 0, 0, 0, 0, 0, '', 0, 0, '', 0, 0, 0),
(104, 'implantation_retrait_6_AUT', 1045, 'TRUE', 0, '0', '', '', 0, 0, 0, 0, 0, 0, '', 0, 0, '', 0, 0, 0),
(105, 'marge_retrait_6', 1505, '', 2, '2', '', '', 0, 0, 0, 0, 0, 0, '', 0, 0, '', 0, 0, 0),
(106, 'implantation_sur_limite_7_OBL', 1060, 'TRUE', 0, '0', '', '', 0, 0, 0, 0, 0, 0, '', 0, 0, '', 0, 0, 0),
(107, 'implantation_sur_limite_7_AUT', 1059, 'TRUE', 0, '0', '', '', 0, 0, 0, 0, 0, 0, '', 0, 0, '', 0, 0, 0),
(108, 'implantation_retrait_7_AUT', 1061, 'TRUE', 0, '0', '', '', 0, 0, 0, 0, 0, 0, '', 0, 0, '', 0, 0, 0),
(109, 'implantation_retrait_7_OBL', 1062, 'TRUE', 0, '0', '', '', 0, 0, 0, 0, 0, 0, '', 0, 0, '', 0, 0, 0),
(11, '', 0, '', 0, '0', '', '', 1, 0, 0, 0, 0, 0, '', 0, 0, '', 0, 0, 0),
(110, 'implantation_sur_limite_7_AUT', 1059, 'TRUE', 0, '0', '', '', 0, 0, 0, 0, 0, 0, '', 0, 0, '', 0, 0, 0),
(111, 'implantation_retrait_7_AUT', 1061, 'TRUE', 0, '0', '', '', 0, 0, 0, 0, 0, 0, '', 0, 0, '', 0, 0, 0),
(112, 'implantation_retrait_7_OBL', 1062, 'TRUE', 0, '0', '', '', 0, 0, 0, 0, 0, 0, '', 0, 0, '', 0, 0, 0),
(113, 'marge_retrait_7', 1409, '', 0, '0', '', 'max( 6 , X / 2 )', 0, 0, 0, 0, 0, 0, '', 0, 0, '', 0, 0, 0),
(114, 'marge_retrait_7', 1409, '', 0, '0', '', 'max( 4 , X / 2 )', 0, 0, 0, 0, 0, 0, '', 0, 0, '', 0, 0, 0),
(115, '', 0, '', 0, '0', '', '', 0, 1, 0, 0, 0, 0, '', 0, 0, '', 0, 0, 0),
(116, 'acces_batiment_dans_marge_retrait_AUT', 1033, 'TRUE', 0, '0', '', '', 0, 0, 0, 0, 0, 0, '', 0, 0, '', 0, 0, 0),
(117, 'marge_recul_piscine', 1506, '', 0, '1', '', '', 0, 0, 0, 0, 0, 0, '', 0, 0, '', 0, 0, 0),
(118, 'implantation_sur_limite_7_AUT', 1059, 'TRUE', 0, '0', '', '', 0, 0, 0, 0, 0, 0, '', 0, 0, '', 0, 0, 0),
(119, 'implantation_retrait_7_AUT', 1061, 'TRUE', 0, '0', '', '', 0, 0, 0, 0, 0, 0, '', 0, 0, '', 0, 0, 0),
(12, '', 0, '', 0, '0', '', '', 1, 0, 0, 0, 0, 0, '', 0, 0, '', 0, 0, 0),
(120, 'marge_retrait_7', 1409, '', 0, '2', '', '', 0, 0, 0, 0, 0, 0, '', 0, 0, '', 0, 0, 0),
(121, 'distance_construction_meme_propriete_avec_vue_MIN', 1233, '', 0, '0', '', 'max( 8 , X )', 0, 0, 0, 0, 0, 0, '', 0, 0, '', 0, 0, 0),
(122, 'distance_construction_meme_propriete_sans_vue_MIN', 1236, '', 0, '0', '', 'max( 4 , X / 2 )', 0, 0, 0, 0, 0, 0, '', 0, 0, '', 0, 0, 0),
(123, 'distance_construction_meme_propriete_avec_vue_MIN', 1233, '', 0, '4', '', '', 0, 0, 0, 0, 0, 0, '', 0, 0, '', 0, 0, 0),
(124, 'distance_construction_meme_propriete_sans_vue_MIN', 1236, '', 0, '4', '', '', 0, 0, 0, 0, 0, 0, '', 0, 0, '', 0, 0, 0),
(126, 'emprise_au_sol_MAX', 1181, '', 0, '0', '', '0.8 * X', 0, 0, 0, 0, 0, 0, '', 0, 0, '', 0, 0, 0),
(127, 'hauteur_construction_plus_haut_MAX', 1190, '', 0, '18', '', '', 0, 0, 0, 0, 0, 0, '', 0, 0, '', 0, 0, 0),
(128, 'hauteur_construction_plus_haut_MAX', 1190, '', 0, '18', '', '', 0, 0, 0, 0, 0, 0, '', 0, 0, '', 0, 0, 0),
(129, 'hauteur_point_accroche_IDE', 1240, '', 0, '15', '', '', 0, 0, 0, 0, 0, 0, '', 0, 0, '', 0, 0, 0),
(13, '', 0, '', 0, '0', '', '', 1, 0, 0, 0, 0, 0, '', 0, 0, '', 0, 0, 0),
(130, 'hauteur_point_accroche_IDE', 1240, '', 0, '15', '', '', 0, 0, 0, 0, 0, 0, '', 0, 0, '', 0, 0, 0),
(131, 'hauteur_principale_MAX', 1244, '', 0, '3', '', '', 0, 0, 0, 0, 0, 0, '', 0, 0, '', 0, 0, 0),
(132, 'hauteur_principale_MAX', 1244, '', 0, '3', '', '', 0, 0, 0, 0, 0, 0, '', 0, 0, '', 0, 0, 0),
(133, 'angle_principal_MAX', 1253, '', 0, '60', '', '', 0, 0, 0, 0, 0, 0, '', 0, 0, '', 0, 0, 0),
(134, 'angle_principal_MAX', 1253, '', 0, '60', '', '', 0, 0, 0, 0, 0, 0, '', 0, 0, '', 0, 0, 0),
(135, 'hauteur_point_accroche_IDE', 1240, '', 0, '15', '', '', 0, 0, 0, 0, 0, 0, '', 0, 0, '', 0, 0, 0),
(136, 'hauteur_point_accroche_IDE', 1240, '', 0, '15', '', '', 0, 0, 0, 0, 0, 0, '', 0, 0, '', 0, 0, 0),
(137, 'angle_secondaire_MAX', 1256, '', 0, '0', '', '', 0, 0, 0, 0, 0, 0, '', 0, 0, '', 0, 0, 0),
(138, 'angle_secondaire_MAX', 1256, '', 0, '0', '', '', 0, 0, 0, 0, 0, 0, '', 0, 0, '', 0, 0, 0),
(139, 'profondeur_secondaire_MAX', 1265, '', 0, '1', '', '', 0, 0, 0, 0, 0, 0, '', 0, 0, '', 0, 0, 0),
(14, '', 0, '', 0, '0', '', '', 1, 0, 0, 0, 0, 0, '', 0, 0, '', 0, 0, 0),
(140, 'profondeur_secondaire_MAX', 1265, '', 0, '1', '', '', 0, 0, 0, 0, 0, 0, '', 0, 0, '', 0, 0, 0),
(141, 'profondeur_principale_MAX', 1262, '', 0, '1', '', '', 0, 0, 0, 0, 0, 0, '', 0, 0, '', 0, 0, 0),
(142, 'profondeur_principale_MAX', 1262, '', 0, '1', '', '', 0, 0, 0, 0, 0, 0, '', 0, 0, '', 0, 0, 0),
(143, 'hauteur_construction_egout_MAX', 1193, '', 0, '9', '', '', 0, 0, 0, 0, 0, 0, '', 0, 0, '', 0, 0, 0),
(144, 'hauteur_construction_plus_haut_MAX', 1190, '', 0, '12', '', '', 0, 0, 0, 0, 0, 0, '', 0, 0, '', 0, 0, 0),
(145, 'hauteur_point_accroche_IDE', 1240, '', 0, '9', '', '', 0, 0, 0, 0, 0, 0, '', 0, 0, '', 0, 0, 0),
(146, 'profondeur_principale_MAX', 1262, '', 0, '3', '', '', 0, 0, 0, 0, 0, 0, '', 0, 0, '', 0, 0, 0),
(147, 'angle_principal_MAX', 1253, '', 0, '45', '', '', 0, 0, 0, 0, 0, 0, '', 0, 0, '', 0, 0, 0),
(148, 'hauteur_point_accroche_IDE', 1240, '', 0, '9', '', '', 0, 0, 0, 0, 0, 0, '', 0, 0, '', 0, 0, 0),
(149, 'angle_secondaire_MAX', 1256, '', 0, '60', '', '', 0, 0, 0, 0, 0, 0, '', 0, 0, '', 0, 0, 0),
(15, '', 0, '', 0, '0', '', '', 1, 0, 0, 0, 0, 0, '', 0, 0, '', 0, 0, 0),
(150, 'hauteur_secondaire_MAX', 1247, '', 0, '2', '', '', 0, 0, 0, 0, 0, 0, '', 0, 0, '', 0, 0, 0),
(151, 'angle_tertiaire_MAX', 1259, '', 0, '30', '', '', 0, 0, 0, 0, 0, 0, '', 0, 0, '', 0, 0, 0),
(152, 'hauteur_tertiaire_MAX', 1250, '', 0, '1', '', '', 0, 0, 0, 0, 0, 0, '', 0, 0, '', 0, 0, 0),
(153, '', 0, '', 0, '0', '', '', 0, 0, 0, 0, 1, 0, '', 0, 0, '', 0, 0, 0),
(154, 'hauteur_construction_plus_haut_MAX', 1190, '', 0, '0', '', 'X', 0, 0, 0, 0, 0, 0, '', 0, 0, '', 0, 0, 0),
(155, 'installation_technique_compte_pour_la_hauteur', 1507, 'FALSE', 0, '0', '', '', 0, 0, 0, 0, 0, 0, '', 0, 0, '', 0, 0, 0),
(156, '', 0, '', 0, '0', '', '', 0, 0, 0, 0, 1, 0, '', 0, 0, '', 0, 0, 0),
(157, '', 0, '', 0, '0', '', '', 0, 1, 0, 0, 0, 0, '', 0, 0, '', 0, 0, 0),
(158, '', 0, '', 0, '0', '', '', 0, 0, 0, 0, 1, 0, '', 0, 0, '', 0, 0, 0),
(159, '', 0, '', 0, '0', '', '', 0, 1, 0, 0, 0, 0, '', 0, 0, '', 0, 0, 0),
(16, '', 0, '', 0, '0', '', '', 1, 0, 0, 0, 0, 0, '', 0, 0, '', 0, 0, 0),
(160, '', 0, '', 0, '0', '', '', 0, 0, 0, 0, 1, 0, '', 0, 0, '', 0, 0, 0),
(161, 'hauteur_construction_MAX', 1187, '', 0, '3', '', '', 0, 0, 0, 0, 0, 0, '', 0, 0, '', 0, 0, 0),
(162, 'hauteur_construction_plus_haut_MAX', 1190, '', 0, '18', '', '', 0, 0, 0, 0, 0, 0, '', 0, 0, '', 0, 0, 0),
(163, 'hauteur_construction_plus_haut_MAX', 1190, '', 0, '18', '', '', 0, 0, 0, 0, 0, 0, '', 0, 0, '', 0, 0, 0),
(164, 'hauteur_construction_plus_haut_MAX', 1190, '', 0, '12', '', '', 0, 0, 0, 0, 0, 0, '', 0, 0, '', 0, 0, 0),
(165, '', 0, '', 0, '0', '', '', 0, 0, 0, 1, 0, 0, '', 0, 0, '', 0, 0, 0),
(166, '', 0, '', 0, '0', '', '', 0, 0, 0, 0, 1, 0, '', 0, 0, '', 0, 0, 0),
(167, 'toiture_a_pente_OBL', 1084, 'TRUE', 0, '0', '', '', 0, 0, 0, 0, 0, 0, '', 0, 0, '', 0, 0, 0),
(168, '', 0, '', 0, '0', '', '', 0, 0, 0, 0, 1, 0, '', 0, 0, '', 0, 0, 0),
(169, '', 0, '', 0, '0', '', '', 0, 1, 0, 0, 0, 0, '', 0, 0, '', 0, 0, 0),
(17, '', 0, '', 0, '0', '', '', 1, 0, 0, 0, 0, 0, '', 0, 0, '', 0, 0, 0),
(170, '', 0, '', 0, '0', '', '', 0, 1, 0, 0, 0, 0, '', 0, 0, '', 0, 0, 0),
(171, 'nombre_baies_facade_sur_rue_MIN', 1380, '', 1, '0', '', '', 0, 0, 0, 0, 0, 0, '', 0, 0, '', 0, 0, 0),
(172, '', 0, '', 0, '0', '', '', 0, 0, 0, 0, 1, 0, '', 0, 0, '', 0, 0, 0),
(173, '', 0, '', 0, '0', '', '', 0, 0, 0, 0, 1, 0, '', 0, 0, '', 0, 0, 0),
(174, '', 0, '', 0, '0', '', '', 0, 0, 0, 0, 1, 0, '', 0, 0, '', 0, 0, 0),
(175, 'caisson_volet_roulant_interieur_OBL', 1110, 'TRUE', 0, '0', '', '', 0, 0, 0, 0, 0, 0, '', 0, 0, '', 0, 0, 0),
(176, 'caisson_volet_roulant_interieur_OBL', 1110, 'FALSE', 0, '0', '', '', 0, 0, 0, 0, 0, 0, '', 0, 0, '', 0, 0, 0),
(177, '', 0, '', 0, '0', '', '', 0, 0, 0, 0, 1, 0, '', 0, 0, '', 0, 0, 0),
(178, '', 0, '', 0, '0', '', '', 0, 0, 0, 0, 1, 0, '', 0, 0, '', 0, 0, 0),
(179, 'hauteur_rez_chausee_MIN', 1182, '', 0, '3', '', '', 0, 0, 0, 0, 0, 0, '', 0, 0, '', 0, 0, 0),
(18, '', 0, '', 0, '0', '', '', 1, 0, 0, 0, 0, 0, '', 0, 0, '', 0, 0, 0),
(180, '', 0, '', 0, '0', '', '', 0, 0, 0, 0, 1, 0, '', 0, 0, '', 0, 0, 0),
(181, '', 0, '', 0, '0', '', '', 0, 0, 0, 0, 1, 0, '', 0, 0, '', 0, 0, 0),
(182, '', 0, '', 0, '0', '', '', 0, 0, 0, 0, 1, 0, '', 0, 0, '', 0, 0, 0),
(183, '', 0, '', 0, '0', '', '', 0, 0, 0, 0, 1, 0, '', 0, 0, '', 0, 0, 0),
(184, '', 0, '', 0, '0', '', '', 0, 0, 0, 0, 0, 0, '', 0, 0, '', 0, 0, 0),
(185, '', 0, '', 0, '0', '', '', 0, 0, 0, 0, 1, 0, '', 0, 0, '', 0, 0, 0),
(186, '', 0, '', 0, '0', '', '', 0, 0, 0, 0, 1, 0, '', 0, 0, '', 0, 0, 0),
(187, '', 0, '', 0, '0', '', '', 0, 0, 0, 0, 1, 0, '', 0, 0, '', 0, 0, 0),
(188, '', 0, '', 0, '0', '', '', 0, 0, 0, 0, 1, 0, '', 0, 0, '', 0, 0, 0),
(189, '', 0, '', 0, '0', '', '', 0, 0, 0, 0, 1, 0, '', 0, 0, '', 0, 0, 0),
(19, '', 0, '', 0, '0', '', '', 0, 0, 0, 0, 1, 0, '', 0, 0, '', 0, 0, 0),
(190, '', 0, '', 0, '0', '', '', 0, 0, 0, 0, 1, 0, '', 0, 0, '', 0, 0, 0),
(191, '', 0, '', 0, '0', '', '', 0, 0, 0, 0, 1, 0, '', 0, 0, '', 0, 0, 0),
(192, '', 0, '', 0, '0', '', '', 0, 0, 0, 0, 1, 0, '', 0, 0, '', 0, 0, 0),
(193, 'hauteur_cloture_MAX', 1163, '', 0, '2', '', '', 0, 0, 0, 0, 0, 0, '', 0, 0, '', 0, 0, 0),
(194, '', 0, '', 0, '0', '', '', 0, 0, 0, 0, 1, 0, '', 0, 0, '', 0, 0, 0),
(195, 'hauteur_mur_bahut_MAX', 1166, '', 0, '1', '', '', 0, 0, 0, 0, 0, 0, '', 0, 0, '', 0, 0, 0),
(196, 'hauteur_portail_MAX', 1169, '', 0, '2', '', '', 0, 0, 0, 0, 0, 0, '', 0, 0, '', 0, 0, 0),
(197, 'hauteur_portillon_MAX', 1172, '', 0, '2', '', '', 0, 0, 0, 0, 0, 0, '', 0, 0, '', 0, 0, 0),
(198, 'hauteur_pillier_MAX', 1175, '', 0, '2', '', '', 0, 0, 0, 0, 0, 0, '', 0, 0, '', 0, 0, 0),
(199, '', 0, '', 0, '0', '', '', 0, 0, 0, 0, 1, 0, '', 0, 0, '', 0, 0, 0),
(2, '', 0, '', 0, '0', '', '', 1, 0, 0, 0, 0, 0, '', 0, 0, '', 0, 0, 0),
(20, '', 0, '', 0, '0', '', '', 1, 0, 0, 0, 0, 0, '', 0, 0, '', 0, 0, 0),
(200, '', 0, '', 0, '0', '', '', 0, 0, 0, 0, 1, 0, '', 0, 0, '', 0, 0, 0),
(201, '', 0, '', 0, '0', '', '', 0, 0, 0, 0, 1, 0, '', 0, 0, '', 0, 0, 0),
(202, 'hauteur_cloture_MAX', 1163, '', 0, '2', '', '', 0, 0, 0, 0, 0, 0, '', 0, 0, '', 0, 0, 0),
(203, '', 0, '', 0, '0', '', '', 0, 0, 0, 0, 1, 0, '', 0, 0, '', 0, 0, 0),
(204, '', 0, '', 0, '0', '', '', 0, 0, 0, 0, 1, 0, '', 0, 0, '', 0, 0, 0),
(205, '', 0, '', 0, '0', '', '', 0, 0, 0, 0, 1, 0, '', 0, 0, '', 0, 0, 0),
(206, 'proportion_places_stationnement_dans_construction_MIN', 1275, '', 0, '0', '', '', 0, 0, 0, 0, 0, 0, '', 0, 0, '', 0, 0, 0),
(207, 'proportion_places_stationnement_dans_construction_MIN', 1275, '', 0, '0', '', '', 0, 0, 0, 0, 0, 0, '', 0, 0, '', 0, 0, 0),
(208, 'proportion_places_stationnement_dans_construction_MIN', 1275, '', 0, '0', '', '', 0, 0, 0, 0, 0, 0, '', 0, 0, '', 0, 0, 0),
(209, 'proportion_places_stationnement_dans_construction_MIN', 1275, '', 0, '0', '', '', 0, 0, 0, 0, 0, 0, '', 0, 0, '', 0, 0, 0),
(21, '', 0, '', 0, '0', '', '', 1, 0, 0, 0, 0, 0, '', 0, 0, '', 0, 0, 0),
(210, 'proportion_places_stationnement_dans_construction_MIN', 1275, '', 0, '0', '', '', 0, 0, 0, 0, 0, 0, '', 0, 0, '', 0, 0, 0),
(211, 'proportion_places_stationnement_dans_construction_MIN', 1275, '', 0, '0', '', '', 0, 0, 0, 0, 0, 0, '', 0, 0, '', 0, 0, 0),
(212, 'proportion_places_stationnement_dans_construction_MIN', 1275, '', 0, '0', '', '', 0, 0, 0, 0, 0, 0, '', 0, 0, '', 0, 0, 0),
(213, 'proportion_places_stationnement_dans_construction_MIN', 1275, '', 0, '0', '', '', 0, 0, 0, 0, 0, 0, '', 0, 0, '', 0, 0, 0),
(214, 'proportion_places_stationnement_dans_construction_MIN', 1275, '', 0, '0', '', '', 0, 0, 0, 0, 0, 0, '', 0, 0, '', 0, 0, 0),
(215, '', 0, '', 0, '0', '', '', 0, 0, 0, 0, 1, 0, '', 0, 0, '', 0, 0, 0),
(216, '', 0, '', 0, '0', '', '', 0, 0, 0, 0, 1, 0, '', 0, 0, '', 0, 0, 0),
(217, '', 0, '', 0, '0', '', '', 0, 0, 0, 0, 1, 0, '', 0, 0, '', 0, 0, 0),
(218, '', 0, '', 0, '0', '', '', 0, 0, 0, 0, 1, 0, '', 0, 0, '', 0, 0, 0),
(219, '', 0, '', 0, '0', '', '', 0, 0, 0, 0, 1, 0, '', 0, 0, '', 0, 0, 0),
(22, '', 0, '', 0, '0', '', '', 1, 0, 0, 0, 0, 0, '', 0, 0, '', 0, 0, 0),
(220, '', 0, '', 0, '0', '', '', 0, 0, 0, 0, 1, 0, '', 0, 0, '', 0, 0, 0),
(221, '', 0, '', 0, '0', '', '', 0, 0, 0, 0, 1, 0, '', 0, 0, '', 0, 0, 0),
(222, '', 0, '', 0, '0', '', '', 0, 0, 0, 0, 1, 0, '', 0, 0, '', 0, 0, 0),
(223, '', 0, '', 0, '0', '', '', 0, 0, 0, 0, 1, 0, '', 0, 0, '', 0, 0, 0),
(224, '', 0, '', 0, '0', '', '', 1, 0, 0, 0, 0, 0, '', 0, 0, '', 0, 0, 0),
(225, 'nombre_place_stationnement_IDE', 1384, '', 0, '0', 'ENT( X / 50 ) + 1', '', 0, 0, 0, 0, 0, 0, '', 0, 0, '', 0, 0, 0),
(226, 'nombre_place_stationnement_IDE', 1384, '', 0, '0', 'ENT( X / 60 ) + 1', '', 0, 0, 0, 0, 0, 0, '', 0, 0, '', 0, 0, 0),
(227, 'nombre_place_stationnement_MIN', 1383, '', 0, '0', 'ENT( X / 60 ) + 1', '', 0, 0, 0, 0, 0, 0, '', 0, 0, '', 0, 0, 0),
(228, 'nombre_place_stationnement_MAX', 1385, '', 0, '0', '1.9 * X', '', 0, 0, 0, 0, 0, 0, '', 0, 0, '', 0, 0, 0),
(229, 'nombre_place_stationnement_MIN', 1383, '', 0, '0', '1 * X', '', 0, 0, 0, 0, 0, 0, '', 0, 0, '', 0, 0, 0),
(23, '', 0, '', 0, '0', '', '', 1, 0, 0, 0, 0, 0, '', 0, 0, '', 0, 0, 0),
(230, 'nombre_place_stationnement_MIN', 1383, '', 0, '0', '0.5 * X', '', 0, 0, 0, 0, 0, 0, '', 0, 0, '', 0, 0, 0),
(231, 'nombre_place_stationnement_MIN', 1383, '', 0, '0', '1 * X', '', 0, 0, 0, 0, 0, 0, '', 0, 0, '', 0, 0, 0),
(232, 'nombre_place_stationnement_MIN', 1383, '', 0, '0', 'max( 2 , ENT( X / 40 ) + 1 ) ', '', 0, 0, 0, 0, 0, 0, '', 0, 0, '', 0, 0, 0),
(233, 'nombre_place_stationnement_livraison_MIN', 1386, '', 1, '0', '', '', 0, 0, 0, 0, 0, 0, '', 0, 0, '', 0, 0, 0),
(234, 'nombre_place_stationnement_livraison_MIN', 1386, '', 1, '0', '', '', 0, 0, 0, 0, 0, 0, '', 0, 0, '', 0, 0, 0),
(235, 'nombre_place_stationnement_MIN', 1383, '', 0, '0', 'max( 20 , X ) + ENT( max( X - 20 , 0 ) / 20 + 1 )', '', 0, 0, 0, 0, 0, 0, '', 0, 0, '', 0, 0, 0),
(236, '', 0, '', 0, '0', '', '', 0, 0, 0, 0, 1, 0, '', 0, 0, '', 0, 0, 0),
(237, 'nombre_place_stationnement_detruite_MAX', 1394, '', 0, '0', 'X', '', 0, 0, 0, 0, 0, 0, '', 0, 0, '', 0, 0, 0),
(238, '', 0, '', 0, '0', '', '', 0, 0, 0, 0, 0, 0, 'nombre_place_stationnement_construite', 260, 0, '', 0, 0, 0),
(239, 'nombre_place_stationnement_detruite_MAX', 1394, '', 0, '0', 'X', '', 0, 0, 0, 0, 0, 0, '', 0, 0, '', 0, 0, 0),
(24, '', 0, '', 0, '0', '', '', 1, 0, 0, 0, 0, 0, '', 0, 0, '', 0, 0, 0),
(240, '', 0, '', 0, '0', '', '', 0, 0, 0, 0, 0, 0, 'nombre_place_stationnement_construite', 260, 0, '', 0, 0, 0),
(241, 'nombre_place_stationnement_detruite_MAX', 1394, '', 0, '0', 'X', '', 0, 0, 0, 0, 0, 0, '', 0, 0, '', 0, 0, 0),
(242, '', 0, '', 0, '0', '', '', 0, 0, 0, 0, 0, 0, 'nombre_place_stationnement_construite', 260, 0, '', 0, 0, 0),
(243, 'nombre_place_stationnement_detruite_MAX', 1394, '', 0, '0', 'X', '', 0, 0, 0, 0, 0, 0, '', 0, 0, '', 0, 0, 0),
(244, '', 0, '', 0, '0', '', '', 0, 0, 0, 0, 0, 0, 'nombre_place_stationnement_construite', 260, 0, '', 0, 0, 0),
(245, 'nombre_place_stationnement_IDE', 1384, '', 0, '0', 'ENT( X / 50 ) + 1', '', 0, 0, 0, 0, 0, 0, '', 0, 0, '', 0, 0, 0),
(246, 'nombre_place_stationnement_IDE', 1384, '', 0, '0', 'ENT( X / 60 ) + 1', '', 0, 0, 0, 0, 0, 0, '', 0, 0, '', 0, 0, 0),
(247, 'nombre_place_stationnement_MIN', 1383, '', 0, '0', 'ENT( X / 60 ) + 1', '', 0, 0, 0, 0, 0, 0, '', 0, 0, '', 0, 0, 0),
(248, 'nombre_place_stationnement_MAX', 1385, '', 0, '0', '1.9 * X', '', 0, 0, 0, 0, 0, 0, '', 0, 0, '', 0, 0, 0),
(249, 'nombre_place_stationnement_MIN', 1383, '', 0, '0', '1 * X', '', 0, 0, 0, 0, 0, 0, '', 0, 0, '', 0, 0, 0),
(25, '', 0, '', 0, '0', '', '', 1, 0, 0, 0, 0, 0, '', 0, 0, '', 0, 0, 0),
(250, 'nombre_place_stationnement_MIN', 1383, '', 0, '0', '0.5 * X', '', 0, 0, 0, 0, 0, 0, '', 0, 0, '', 0, 0, 0),
(251, 'nombre_place_stationnement_MIN', 1383, '', 0, '0', '1 * X', '', 0, 0, 0, 0, 0, 0, '', 0, 0, '', 0, 0, 0),
(252, 'nombre_place_stationnement_MIN', 1383, '', 0, '0', 'max( 2 , ENT( X / 40 ) + 1 ) ', '', 0, 0, 0, 0, 0, 0, '', 0, 0, '', 0, 0, 0),
(253, 'nombre_place_stationnement_livraison_MIN', 1386, '', 1, '0', '', '', 0, 0, 0, 0, 0, 0, '', 0, 0, '', 0, 0, 0),
(254, 'nombre_place_stationnement_livraison_MIN', 1386, '', 1, '0', '', '', 0, 0, 0, 0, 0, 0, '', 0, 0, '', 0, 0, 0),
(255, 'nombre_place_stationnement_MIN', 1383, '', 0, '0', 'max( 20 , X ) + ENT( max( X - 20 , 0 ) / 20 + 1 )', '', 0, 0, 0, 0, 0, 0, '', 0, 0, '', 0, 0, 0),
(256, 'nombre_place_stationnement_MIN', 1383, '', 0, '0', 'ENT( X / 60 ) + 1', '', 0, 0, 0, 0, 0, 0, '', 0, 0, '', 0, 0, 0),
(257, 'nombre_place_stationnement_MAX', 1385, '', 0, '0', '1.9 * X', '', 0, 0, 0, 0, 0, 0, '', 0, 0, '', 0, 0, 0),
(258, 'nombre_place_stationnement_MIN', 1383, '', 0, '0', '1 * X', '', 0, 0, 0, 0, 0, 0, '', 0, 0, '', 0, 0, 0),
(259, 'nombre_place_stationnement_MIN', 1383, '', 0, '0', '0.5 * X', '', 0, 0, 0, 0, 0, 0, '', 0, 0, '', 0, 0, 0),
(26, '', 0, '', 0, '0', '', '', 1, 0, 0, 0, 0, 0, '', 0, 0, '', 0, 0, 0),
(260, 'nombre_place_stationnement_MIN', 1383, '', 0, '0', '1 * X', '', 0, 0, 0, 0, 0, 0, '', 0, 0, '', 0, 0, 0),
(261, 'nombre_place_stationnement_MIN', 1383, '', 0, '0', 'ENT( X / 60 ) + 1', '', 0, 0, 0, 0, 0, 0, '', 0, 1, 'nombre_place_stationnement', 256, 1, 0),
(261, 'nombre_place_stationnement_IDE', 1384, '', 0, '0', 'ENT( Y / 50 ) + 1', '', 0, 0, 0, 0, 0, 0, '', 0, 1, 'nombre_place_stationnement', 256, 1, 0),
(262, 'nombre_place_stationnement_MIN', 1383, '', 0, '0', 'ENT( X / 60 ) + 1', '', 0, 0, 0, 0, 0, 0, '', 0, 1, 'nombre_place_stationnement', 256, 1, 0),
(262, 'nombre_place_stationnement_IDE', 1384, '', 0, '0', 'ENT( Y / 60 ) + 1', '', 0, 0, 0, 0, 0, 0, '', 0, 1, 'nombre_place_stationnement', 256, 1, 0),
(263, 'nombre_place_stationnement_MIN', 1383, '', 0, '0', 'ENT( X / 60 ) + 1', '', 0, 0, 0, 0, 0, 0, '', 0, 1, 'nombre_place_stationnement', 256, 1, 0),
(263, 'nombre_place_stationnement_MIN', 1383, '', 0, '0', 'max( 2 , ENT( Y / 40 ) + 1 )', '', 0, 0, 0, 0, 0, 0, '', 0, 1, 'nombre_place_stationnement', 256, 1, 0),
(264, 'nombre_place_stationnement_MIN', 1383, '', 0, '0', 'ENT( X / 60 ) + 1', '', 0, 0, 0, 0, 0, 0, '', 0, 0, '', 0, 0, 0),
(265, 'nombre_place_stationnement_MIN', 1383, '', 0, '0', 'ENT( X / 60 ) + 1', '', 0, 0, 0, 0, 0, 0, '', 0, 0, '', 0, 0, 0),
(266, 'nombre_place_stationnement_MIN', 1383, '', 0, '0', 'ENT( X / 60 ) + 1', '', 0, 0, 0, 0, 0, 0, '', 0, 0, '', 0, 0, 0),
(267, 'nombre_place_stationnement_MIN', 1383, '', 0, '0', 'ENT( X / 60 ) + 1', '', 0, 0, 0, 0, 0, 0, '', 0, 0, '', 0, 0, 0),
(268, 'nombre_place_stationnement_MIN', 1383, '', 0, '0', 'ENT( X / 60 ) + 1', '', 0, 0, 0, 0, 0, 0, '', 0, 0, '', 0, 0, 0),
(269, 'nombre_place_stationnement_MIN', 1383, '', 0, '0', 'ENT( X / 60 ) + 1', '', 0, 0, 0, 0, 0, 0, '', 0, 1, 'nombre_place_stationnement', 256, 1, 0),
(269, 'nombre_place_stationnement_MIN', 1383, '', 0, '0', 'max( 20 , Y ) + ENT( max( Y - 20 , 0 ) )', '', 0, 0, 0, 0, 0, 0, '', 0, 1, 'nombre_place_stationnement', 256, 1, 0),
(27, '', 0, '', 0, '0', '', '', 1, 0, 0, 0, 0, 0, '', 0, 0, '', 0, 0, 0),
(270, 'nombre_place_stationnement_construite_MIN', 1389, '', 0, '0', 'X', '', 0, 0, 0, 0, 0, 0, '', 0, 0, '', 0, 0, 0),
(271, 'nombre_place_stationnement_construite_MIN', 1389, '', 0, '0', 'X', '', 0, 0, 0, 0, 0, 0, '', 0, 0, '', 0, 0, 0),
(272, 'nombre_place_stationnement_construite_MIN', 1389, '', 0, '0', 'X', '', 0, 0, 0, 0, 0, 0, '', 0, 0, '', 0, 0, 0),
(273, 'nombre_place_stationnement_construite_MIN', 1389, '', 0, '0', 'X', '', 0, 0, 0, 0, 0, 0, '', 0, 0, '', 0, 0, 0),
(274, 'nombre_place_stationnement_construite_MIN', 1389, '', 0, '0', 'X', '', 0, 0, 0, 0, 0, 0, '', 0, 0, '', 0, 0, 0),
(275, 'nombre_place_stationnement_construite_MIN', 1389, '', 0, '0', 'X', '', 0, 0, 0, 0, 0, 0, '', 0, 0, '', 0, 0, 0),
(276, 'nombre_place_stationnement_construite_MIN', 1389, '', 0, '0', 'X', '', 0, 0, 0, 0, 0, 0, '', 0, 0, '', 0, 0, 0),
(277, 'nombre_place_stationnement_construite_MIN', 1389, '', 0, '0', 'X', '', 0, 0, 0, 0, 0, 0, '', 0, 0, '', 0, 0, 0),
(278, '', 0, '', 0, '0', '', '', 0, 0, 0, 0, 1, 0, '', 0, 0, '', 0, 0, 0),
(279, 'espace_velo_OBL', 1126, 'TRUE', 0, '0', '', '', 0, 0, 0, 0, 0, 0, '', 0, 0, '', 0, 0, 0),
(28, '', 0, '', 0, '0', '', '', 1, 0, 0, 0, 0, 0, '', 0, 0, '', 0, 0, 0),
(280, 'espace_velo_OBL', 1126, 'TRUE', 0, '0', '', '', 0, 0, 0, 0, 0, 0, '', 0, 0, '', 0, 0, 0),
(281, '', 0, '', 0, '0', '', '', 0, 0, 0, 0, 1, 0, '', 0, 0, '', 0, 0, 0),
(282, 'superficie_espace_velo_MIN', 1278, '', 0, '0', '', 'max( 3 , 0.75 * ( X + Y ) + 1.5 * ( Z - X - Y ) )', 0, 0, 0, 0, 0, 0, '', 0, 0, '', 0, 0, 0),
(283, 'superficie_espace_velo_MIN', 1278, '', 0, '0', '', '0.015 * X', 0, 0, 0, 0, 0, 0, '', 0, 0, '', 0, 0, 0),
(284, 'espace_velo_unifie_OBL', 1128, 'FALSE', 0, '0', '', '', 0, 0, 0, 0, 0, 0, '', 0, 0, '', 0, 0, 0),
(285, '', 0, '', 0, '0', '', '', 0, 0, 0, 0, 1, 0, '', 0, 0, '', 0, 0, 0),
(286, 'nombre_place_stationnement_velo_MIN', 1395, '', 0, '0', 'ENT( X / 10 )', '', 0, 0, 0, 0, 0, 0, '', 0, 0, '', 0, 0, 0),
(287, '', 0, '', 0, '0', '', '', 0, 0, 0, 0, 1, 0, '', 0, 0, '', 0, 0, 0),
(288, 'nombre_place_stationnement_velo_MIN', 1395, '', 0, '0', 'ENT( X / 10 )', '', 0, 0, 0, 0, 0, 0, '', 0, 0, '', 0, 0, 0),
(289, '', 0, '', 0, '0', '', '', 0, 0, 0, 0, 1, 0, '', 0, 0, '', 0, 0, 0),
(29, '', 0, '', 0, '0', '', '', 1, 0, 0, 0, 0, 0, '', 0, 0, '', 0, 0, 0),
(290, 'nombre_place_stationnement_velo_MIN', 1395, '', 0, '0', 'ENT( X / 10 )', '', 0, 0, 0, 0, 0, 0, '', 0, 0, '', 0, 0, 0),
(291, 'nombre_place_stationnement_velo_MIN', 1395, '', 0, '0', 'ENT( X / 10 )', '', 0, 0, 0, 0, 1, 0, '', 0, 0, '', 0, 0, 0),
(292, '', 0, '', 0, '0', '', '', 0, 0, 0, 0, 1, 0, '', 0, 0, '', 0, 0, 0),
(293, '', 0, '', 0, '0', '', '', 0, 0, 0, 0, 0, 0, '', 0, 0, '', 0, 0, 0),
(294, 'nombre_place_stationnement_velo_MAX', 1397, '', 0, '0', 'ENT( X / 8 )', '', 0, 0, 0, 0, 0, 0, '', 0, 0, '', 0, 0, 0),
(295, 'nombre_place_stationnement_velo_MIN', 1395, '', 0, '0', 'ENT( X / 12 )', '', 0, 0, 0, 0, 0, 0, '', 0, 0, '', 0, 0, 0),
(296, '', 0, '', 0, '0', '', '', 0, 0, 0, 0, 0, 1, '', 0, 0, '', 0, 0, 0),
(297, '', 0, '', 0, '0', '', '', 0, 0, 0, 0, 1, 0, '', 0, 0, '', 0, 0, 0),
(298, '', 0, '', 0, '0', '', '', 0, 0, 0, 0, 0, 1, '', 0, 0, '', 0, 0, 0),
(299, '', 0, '', 0, '0', '', '', 0, 0, 0, 0, 1, 0, '', 0, 0, '', 0, 0, 0),
(3, '', 0, '', 0, '0', '', '', 0, 0, 0, 1, 0, 0, '', 0, 0, '', 0, 0, 0),
(30, '', 0, '', 0, '0', '', '', 1, 0, 0, 0, 0, 0, '', 0, 0, '', 0, 0, 0),
(300, 'longueur_emplacement_stationnement_IDE', 1282, '', 0, '5', '', '', 0, 0, 0, 0, 0, 0, '', 0, 0, '', 0, 0, 0),
(301, 'largeur_emplacement_stationnement_IDE', 1285, '', 0, '2', '', '', 0, 0, 0, 0, 0, 0, '', 0, 0, '', 0, 0, 0),
(302, 'longueur_degagement_emplacement_stationnement_IDE', 1288, '', 0, '5', '', '', 0, 0, 0, 0, 0, 0, '', 0, 0, '', 0, 0, 0),
(303, 'aire_materialisee_au_sol_OBL', 1132, '', 0, '0', '', '', 0, 0, 0, 0, 0, 0, '', 0, 0, '', 0, 0, 0),
(304, 'pente_rampe_acces_m5_MAX', 1298, '', 0, '0', '', '', 0, 0, 0, 0, 0, 0, '', 0, 0, '', 0, 0, 0),
(305, '', 0, '', 0, '0', '', '', 0, 0, 0, 0, 1, 0, '', 0, 0, '', 0, 0, 0),
(306, 'largeur_rampe_acces_IDE', 1303, '', 0, '3', '', '', 0, 0, 0, 0, 0, 0, '', 0, 0, '', 0, 0, 0),
(307, 'largeur_rampe_acces_IDE', 1303, '', 0, '3', '', '', 0, 0, 0, 0, 0, 0, '', 0, 0, '', 0, 0, 0),
(308, 'largeur_rampe_acces_IDE', 1303, '', 0, '3', '', '', 0, 0, 0, 0, 0, 0, '', 0, 0, '', 0, 0, 0),
(309, 'largeur_rampe_acces_IDE', 1303, '', 0, '3', '', '', 0, 0, 0, 0, 0, 0, '', 0, 0, '', 0, 0, 0),
(31, '', 0, '', 0, '0', '', '', 1, 0, 0, 0, 0, 0, '', 0, 0, '', 0, 0, 0),
(310, 'largeur_rampe_acces_IDE', 1303, '', 0, '3', '', '', 0, 0, 0, 0, 0, 0, '', 0, 0, '', 0, 0, 0),
(311, 'largeur_rampe_acces_IDE', 1303, '', 0, '3', '', '', 0, 0, 0, 0, 0, 0, '', 0, 0, '', 0, 0, 0),
(312, 'largeur_rampe_acces_IDE', 1303, '', 0, '3', '', '', 0, 0, 0, 0, 0, 0, '', 0, 0, '', 0, 0, 0),
(313, 'largeur_rampe_acces_IDE', 1303, '', 0, '3', '', '', 0, 0, 0, 0, 0, 0, '', 0, 0, '', 0, 0, 0),
(314, 'largeur_rampe_acces_IDE', 1303, '', 0, '3', '', '', 0, 0, 0, 0, 0, 0, '', 0, 0, '', 0, 0, 0),
(315, 'largeur_rampe_acces_IDE', 1303, '', 0, '3', '', '', 0, 0, 0, 0, 0, 0, '', 0, 0, '', 0, 0, 0),
(316, 'largeur_rampe_acces_IDE', 1303, '', 0, '3', '', '', 0, 0, 0, 0, 0, 0, '', 0, 0, '', 0, 0, 0),
(317, 'largeur_rampe_acces_IDE', 1303, '', 0, '3', '', '', 0, 0, 0, 0, 0, 0, '', 0, 0, '', 0, 0, 0),
(318, 'largeur_rampe_acces_IDE', 1303, '', 0, '3', '', '', 0, 0, 0, 0, 0, 0, '', 0, 0, '', 0, 0, 0),
(319, 'largeur_rampe_acces_IDE', 1303, '', 0, '3', '', '', 0, 0, 0, 0, 0, 0, '', 0, 0, '', 0, 0, 0),
(32, '', 0, '', 0, '0', '', '', 1, 0, 0, 0, 0, 0, '', 0, 0, '', 0, 0, 0),
(320, 'largeur_rampe_acces_IDE', 1303, '', 0, '3', '', '', 0, 0, 0, 0, 0, 0, '', 0, 0, '', 0, 0, 0),
(321, 'largeur_rampe_acces_IDE', 1303, '', 0, '3', '', '', 0, 0, 0, 0, 0, 0, '', 0, 0, '', 0, 0, 0),
(322, 'largeur_rampe_acces_IDE', 1303, '', 0, '3', '', '', 0, 0, 0, 0, 0, 0, '', 0, 0, '', 0, 0, 0),
(323, 'largeur_rampe_acces_IDE', 1303, '', 0, '3', '', '', 0, 0, 0, 0, 0, 0, '', 0, 0, '', 0, 0, 0),
(324, 'largeur_rampe_acces_IDE', 1303, '', 0, '6', '', '', 0, 0, 0, 0, 0, 0, '', 0, 0, '', 0, 0, 0),
(325, 'largeur_rampe_acces_IDE', 1303, '', 0, '6', '', '', 0, 0, 0, 0, 0, 0, '', 0, 0, '', 0, 0, 0),
(326, 'largeur_rampe_acces_IDE', 1303, '', 0, '6', '', '', 0, 0, 0, 0, 0, 0, '', 0, 0, '', 0, 0, 0),
(327, 'largeur_rampe_acces_IDE', 1303, '', 0, '6', '', '', 0, 0, 0, 0, 0, 0, '', 0, 0, '', 0, 0, 0),
(328, 'largeur_rampe_acces_IDE', 1303, '', 0, '6', '', '', 0, 0, 0, 0, 0, 0, '', 0, 0, '', 0, 0, 0),
(329, 'largeur_rampe_acces_IDE', 1303, '', 0, '6', '', '', 0, 0, 0, 0, 0, 0, '', 0, 0, '', 0, 0, 0),
(33, '', 0, '', 0, '0', '', '', 1, 0, 0, 0, 0, 0, '', 0, 0, '', 0, 0, 0),
(330, 'largeur_rampe_acces_IDE', 1303, '', 0, '6', '', '', 0, 0, 0, 0, 0, 0, '', 0, 0, '', 0, 0, 0),
(331, 'largeur_rampe_acces_IDE', 1303, '', 0, '6', '', '', 0, 0, 0, 0, 0, 0, '', 0, 0, '', 0, 0, 0),
(332, 'largeur_rampe_acces_IDE', 1303, '', 0, '6', '', '', 0, 0, 0, 0, 0, 0, '', 0, 0, '', 0, 0, 0),
(333, 'rayon_interieur_rampe_acces_MIN', 1305, '', 0, '5', '', '', 0, 0, 0, 0, 0, 0, '', 0, 0, '', 0, 0, 0),
(334, 'rayon_interieur_rampe_acces_MIN', 1305, '', 0, '5', '', '', 0, 0, 0, 0, 0, 0, '', 0, 0, '', 0, 0, 0),
(335, 'rayon_interieur_rampe_acces_MIN', 1305, '', 0, '5', '', '', 0, 0, 0, 0, 0, 0, '', 0, 0, '', 0, 0, 0),
(336, 'rayon_interieur_rampe_acces_MIN', 1305, '', 0, '5', '', '', 0, 0, 0, 0, 0, 0, '', 0, 0, '', 0, 0, 0),
(337, 'rayon_interieur_rampe_acces_MIN', 1305, '', 0, '5', '', '', 0, 0, 0, 0, 0, 0, '', 0, 0, '', 0, 0, 0),
(338, 'rayon_interieur_rampe_acces_MIN', 1305, '', 0, '5', '', '', 0, 0, 0, 0, 0, 0, '', 0, 0, '', 0, 0, 0),
(339, 'rayon_interieur_rampe_acces_MIN', 1305, '', 0, '5', '', '', 0, 0, 0, 0, 0, 0, '', 0, 0, '', 0, 0, 0),
(34, '', 0, '', 0, '0', '', '', 0, 1, 0, 0, 0, 0, '', 0, 0, '', 0, 0, 0),
(340, 'rayon_interieur_rampe_acces_MIN', 1305, '', 0, '5', '', '', 0, 0, 0, 0, 0, 0, '', 0, 0, '', 0, 0, 0),
(341, 'rayon_interieur_rampe_acces_MIN', 1305, '', 0, '5', '', '', 0, 0, 0, 0, 0, 0, '', 0, 0, '', 0, 0, 0),
(342, 'rayon_exterieur_rampe_acces_MIN', 1308, '', 0, '0', '', '3.5 + X', 0, 0, 0, 0, 0, 0, '', 0, 0, '', 0, 0, 0),
(343, 'rayon_exterieur_rampe_acces_MIN', 1308, '', 0, '0', '', '3.5 + X', 0, 0, 0, 0, 0, 0, '', 0, 0, '', 0, 0, 0),
(344, 'rayon_exterieur_rampe_acces_MIN', 1308, '', 0, '0', '', '3.5 + X', 0, 0, 0, 0, 0, 0, '', 0, 0, '', 0, 0, 0),
(345, 'rayon_exterieur_rampe_acces_MIN', 1308, '', 0, '0', '', '3.5 + X', 0, 0, 0, 0, 0, 0, '', 0, 0, '', 0, 0, 0),
(346, 'rayon_exterieur_rampe_acces_MIN', 1308, '', 0, '0', '', '3.5 + X', 0, 0, 0, 0, 0, 0, '', 0, 0, '', 0, 0, 0),
(347, 'rayon_exterieur_rampe_acces_MIN', 1308, '', 0, '0', '', '3.5 + X', 0, 0, 0, 0, 0, 0, '', 0, 0, '', 0, 0, 0),
(348, 'rayon_exterieur_rampe_acces_MIN', 1308, '', 0, '0', '', '3.5 + X', 0, 0, 0, 0, 0, 0, '', 0, 0, '', 0, 0, 0),
(349, 'rayon_exterieur_rampe_acces_MIN', 1308, '', 0, '0', '', '3.5 + X', 0, 0, 0, 0, 0, 0, '', 0, 0, '', 0, 0, 0),
(35, '', 0, '', 0, '0', '', '', 0, 1, 0, 0, 0, 0, '', 0, 0, '', 0, 0, 0),
(350, 'rayon_exterieur_rampe_acces_MIN', 1308, '', 0, '0', '', '3.5 + X', 0, 0, 0, 0, 0, 0, '', 0, 0, '', 0, 0, 0),
(351, 'rayon_exterieur_rampe_acces_MIN', 1308, '', 0, '0', '', '6 + X', 0, 0, 0, 0, 0, 0, '', 0, 0, '', 0, 0, 0),
(352, 'rayon_exterieur_rampe_acces_MIN', 1308, '', 0, '0', '', '6 + X', 0, 0, 0, 0, 0, 0, '', 0, 0, '', 0, 0, 0),
(353, 'rayon_exterieur_rampe_acces_MIN', 1308, '', 0, '0', '', '6 + X', 0, 0, 0, 0, 0, 0, '', 0, 0, '', 0, 0, 0),
(354, 'rayon_exterieur_rampe_acces_MIN', 1308, '', 0, '0', '', '6 + X', 0, 0, 0, 0, 0, 0, '', 0, 0, '', 0, 0, 0),
(355, 'rayon_exterieur_rampe_acces_MIN', 1308, '', 0, '0', '', '6 + X', 0, 0, 0, 0, 0, 0, '', 0, 0, '', 0, 0, 0),
(356, 'rayon_exterieur_rampe_acces_MIN', 1308, '', 0, '0', '', '6 + X', 0, 0, 0, 0, 0, 0, '', 0, 0, '', 0, 0, 0),
(357, 'rayon_exterieur_rampe_acces_MIN', 1308, '', 0, '0', '', '6 + X', 0, 0, 0, 0, 0, 0, '', 0, 0, '', 0, 0, 0),
(358, 'rayon_exterieur_rampe_acces_MIN', 1308, '', 0, '0', '', '6 + X', 0, 0, 0, 0, 0, 0, '', 0, 0, '', 0, 0, 0),
(359, 'rayon_exterieur_rampe_acces_MIN', 1308, '', 0, '0', '', '6 + X', 0, 0, 0, 0, 0, 0, '', 0, 0, '', 0, 0, 0),
(36, 'accessible_par_voie_carossable_OBL', 1008, 'TRUE', 0, '0', '', '', 0, 0, 0, 0, 0, 0, '', 0, 0, '', 0, 0, 0),
(360, '', 0, '', 0, '0', '', '', 0, 0, 0, 0, 1, 0, '', 0, 0, '', 0, 0, 0),
(361, 'proportion_espace_vert_amenage_MIN', 1311, '', 0, '0', '', '', 0, 0, 0, 0, 0, 0, '', 0, 0, '', 0, 0, 0),
(362, 'epaisseur_terre_vegetale_espace_vert_MIN', 1314, '', 0, '0', '', '', 0, 0, 0, 0, 0, 0, '', 0, 0, '', 0, 0, 0),
(363, '', 0, '', 0, '0', '', '', 0, 0, 0, 0, 1, 0, '', 0, 0, '', 0, 0, 0),
(364, 'hauteur_arbres_a_implantation_MIN', 1320, '', 0, '2', '', '', 0, 0, 0, 0, 0, 0, '', 0, 0, '', 0, 0, 0),
(365, 'nombre_arbre_MIN', 1404, '', 0, '0', 'ENT( X / 200 ) + 1', '', 0, 0, 0, 0, 0, 0, '', 0, 0, '', 0, 0, 0),
(366, '', 0, '', 0, '0', '', '', 0, 0, 0, 0, 1, 0, '', 0, 0, '', 0, 0, 0),
(367, '', 0, '', 0, '0', '', '', 0, 0, 0, 0, 1, 0, '', 0, 0, '', 0, 0, 0),
(368, '', 0, '', 0, '0', '', '', 0, 0, 0, 0, 1, 0, '', 0, 0, '', 0, 0, 0),
(369, 'marge_recul_arbre', 1412, '', 0, '5', '', '', 0, 0, 0, 0, 0, 0, '', 0, 0, '', 0, 0, 0),
(37, 'accessible_par_servitude_passage_OBL', 1010, 'TRUE', 0, '0', '', '', 0, 0, 0, 0, 0, 0, '', 0, 0, '', 0, 0, 0),
(370, '', 0, '', 0, '0', '', '', 0, 0, 0, 0, 0, 1, '', 0, 0, '', 0, 0, 0),
(371, '', 0, '', 0, '0', '', '', 0, 0, 1, 0, 0, 0, '', 0, 0, '', 0, 0, 0),
(372, '', 0, '', 0, '0', '', '', 0, 0, 0, 0, 1, 0, '', 0, 0, '', 0, 0, 0),
(373, '', 0, '', 0, '0', '', '', 0, 0, 0, 0, 1, 0, '', 0, 0, '', 0, 0, 0),
(374, 'connexion_reseau_haut_debit_OBL', 1142, 'TRUE', 0, '0', '', '', 0, 0, 0, 0, 0, 0, '', 0, 0, '', 0, 0, 0),
(375, 'connexion_reseau_haut_debit_OBL', 1142, 'TRUE', 0, '0', '', '', 0, 0, 0, 0, 0, 0, '', 0, 0, '', 0, 0, 0),
(376, 'connexion_reseau_haut_debit_OBL', 1142, 'TRUE', 0, '0', '', '', 0, 0, 0, 0, 0, 0, '', 0, 0, '', 0, 0, 0),
(38, '', 0, '', 0, '0', '', '', 0, 0, 0, 0, 1, 0, '', 0, 0, '', 0, 0, 0),
(39, '', 0, '', 0, '0', '', '', 0, 0, 0, 0, 0, 1, '', 0, 0, '', 0, 0, 0),
(4, '', 0, '', 0, '0', '', '', 0, 0, 0, 0, 1, 0, '', 0, 0, '', 0, 0, 0),
(40, '', 0, '', 0, '0', '', '', 0, 0, 0, 0, 1, 0, '', 0, 0, '', 0, 0, 0),
(41, '', 0, '', 0, '0', '', '', 0, 0, 0, 0, 0, 1, '', 0, 0, '', 0, 0, 0),
(42, '', 0, '', 0, '0', '', '', 0, 0, 0, 0, 1, 0, '', 0, 0, '', 0, 0, 0),
(43, '', 0, '', 0, '0', '', '', 0, 0, 0, 0, 1, 0, '', 0, 0, '', 0, 0, 0),
(44, 'hauteur_libre_sous_porche_MIN', 1155, '', 0, '5', '', '', 0, 0, 0, 0, 0, 0, '', 0, 0, '', 0, 0, 0),
(45, 'emprise_voie_acces_terrain_MIN', 1152, '', 0, '3', '', '', 0, 0, 0, 0, 0, 0, '', 0, 0, '', 0, 0, 0),
(46, 'emprise_voie_acces_terrain_MIN', 1152, '', 0, '4', '', '', 0, 0, 0, 0, 0, 0, '', 0, 0, '', 0, 0, 0),
(47, '', 0, '', 0, '0', '', '', 0, 0, 0, 0, 0, 1, '', 0, 0, '', 0, 0, 0),
(48, 'emprise_voie_acces_terrain_MIN', 1152, '', 0, '4', '', '', 0, 0, 0, 0, 0, 0, '', 0, 0, '', 0, 0, 0),
(49, 'emprise_voie_acces_terrain_MIN', 1152, '', 0, '4', '', '', 0, 0, 0, 0, 0, 0, '', 0, 0, '', 0, 0, 0),
(5, '', 0, '', 0, '0', '', '', 0, 0, 0, 0, 0, 1, '', 0, 0, '', 0, 0, 0),
(50, 'emprise_voie_acces_terrain_MIN', 1152, '', 0, '4', '', '', 0, 0, 0, 0, 0, 0, '', 0, 0, '', 0, 0, 0),
(51, 'emprise_voie_acces_terrain_MIN', 1152, '', 0, '4', '', '', 0, 0, 0, 0, 0, 0, '', 0, 0, '', 0, 0, 0),
(52, 'emprise_voie_acces_terrain_MIN', 1152, '', 0, '4', '', '', 0, 0, 0, 0, 0, 0, '', 0, 0, '', 0, 0, 0),
(53, 'emprise_voie_acces_terrain_MIN', 1152, '', 0, '4', '', '', 0, 0, 0, 0, 0, 0, '', 0, 0, '', 0, 0, 0),
(54, 'emprise_voie_acces_terrain_MIN', 1152, '', 0, '4', '', '', 0, 0, 0, 0, 0, 0, '', 0, 0, '', 0, 0, 0),
(55, 'emprise_voie_acces_terrain_MIN', 1152, '', 0, '4', '', '', 0, 0, 0, 0, 0, 0, '', 0, 0, '', 0, 0, 0),
(56, '', 0, '', 0, '0', '', '', 0, 0, 0, 0, 0, 1, '', 0, 0, '', 0, 0, 0),
(57, '', 0, '', 0, '0', '', '', 0, 0, 0, 0, 0, 1, '', 0, 0, '', 0, 0, 0),
(58, '', 0, '', 0, '0', '', '', 0, 0, 0, 0, 0, 1, '', 0, 0, '', 0, 0, 0),
(59, '', 0, '', 0, '0', '', '', 0, 0, 0, 0, 0, 1, '', 0, 0, '', 0, 0, 0),
(6, '', 0, '', 0, '0', '', '', 1, 0, 0, 0, 0, 0, '', 0, 0, '', 0, 0, 0),
(60, '', 0, '', 0, '0', '', '', 0, 0, 0, 0, 0, 1, '', 0, 0, '', 0, 0, 0),
(61, '', 0, '', 0, '0', '', '', 0, 0, 0, 0, 0, 1, '', 0, 0, '', 0, 0, 0),
(62, '', 0, '', 0, '0', '', '', 0, 0, 0, 0, 0, 1, '', 0, 0, '', 0, 0, 0),
(63, '', 0, '', 0, '0', '', '', 0, 0, 0, 0, 0, 1, '', 0, 0, '', 0, 0, 0),
(64, '', 0, '', 0, '0', '', '', 0, 0, 0, 0, 1, 0, '', 0, 0, '', 0, 0, 0),
(65, '', 0, '', 0, '0', '', '', 0, 0, 0, 0, 1, 0, '', 0, 0, '', 0, 0, 0),
(66, '', 0, '', 0, '0', '', '', 0, 0, 0, 0, 1, 0, '', 0, 0, '', 0, 0, 0),
(67, '', 0, '', 0, '0', '', '', 0, 0, 0, 0, 1, 0, '', 0, 0, '', 0, 0, 0),
(68, '', 0, '', 0, '0', '', '', 0, 0, 0, 0, 1, 0, '', 0, 0, '', 0, 0, 0),
(69, '', 0, '', 0, '0', '', '', 0, 0, 0, 0, 1, 0, '', 0, 0, '', 0, 0, 0),
(7, '', 0, '', 0, '0', '', '', 1, 0, 0, 0, 0, 0, '', 0, 0, '', 0, 0, 0),
(70, '', 0, '', 0, '0', '', '', 0, 0, 0, 0, 1, 0, '', 0, 0, '', 0, 0, 0),
(71, '', 0, '', 0, '0', '', '', 0, 0, 0, 0, 1, 0, '', 0, 0, '', 0, 0, 0),
(72, '', 0, '', 0, '0', '', '', 0, 0, 0, 0, 1, 0, '', 0, 0, '', 0, 0, 0),
(73, 'raccordement_reseau_eau_potable_OBL', 1036, 'TRUE', 0, '0', '', '', 0, 0, 0, 0, 0, 0, '', 0, 0, '', 0, 0, 0),
(74, 'raccordement_reseau_electricite_OBL', 1042, 'TRUE', 0, '0', '', '', 0, 0, 0, 0, 0, 0, '', 0, 0, '', 0, 0, 0),
(75, 'raccordement_reseau_assainissement_OBL', 1038, 'TRUE', 0, '0', '', '', 0, 0, 0, 0, 0, 0, '', 0, 0, '', 0, 0, 0),
(76, 'raccordement_reseau_eau_potable_OBL', 1036, 'TRUE', 0, '0', '', '', 0, 0, 0, 0, 0, 0, '', 0, 0, '', 0, 0, 0),
(77, '', 0, '', 0, '0', '', '', 0, 0, 0, 0, 0, 1, '', 0, 0, '', 0, 0, 0),
(78, '', 0, '', 0, '0', '', '', 0, 0, 0, 0, 1, 0, '', 0, 0, '', 0, 0, 0),
(79, '', 0, '', 0, '0', '', '', 0, 0, 0, 0, 0, 1, '', 0, 0, '', 0, 0, 0),
(8, '', 0, '', 0, '0', '', '', 1, 0, 0, 0, 0, 0, '', 0, 0, '', 0, 0, 0),
(80, '', 0, '', 0, '0', '', '', 0, 0, 0, 0, 1, 0, '', 0, 0, '', 0, 0, 0),
(81, '', 0, '', 0, '0', '', '', 0, 0, 0, 0, 1, 0, '', 0, 0, '', 0, 0, 0),
(82, '', 0, '', 0, '0', '', '', 0, 0, 0, 0, 0, 1, '', 0, 0, '', 0, 0, 0),
(83, '', 0, '', 0, '0', '', '', 0, 0, 0, 0, 1, 0, '', 0, 0, '', 0, 0, 0),
(84, '', 0, '', 0, '0', '', '', 0, 0, 0, 0, 1, 0, '', 0, 0, '', 0, 0, 0),
(85, 'debit_rejet_reseau_assainissement_MAX', 1205, '', 0, '2', '', '', 0, 0, 0, 0, 0, 0, '', 0, 0, '', 0, 0, 0),
(86, '', 0, '', 0, '0', '', '', 0, 0, 0, 0, 1, 0, '', 0, 0, '', 0, 0, 0),
(87, 'rejet_infiltration_pretraite_OBL', 1040, 'TRUE', 0, '0', '', '', 0, 0, 0, 0, 0, 0, '', 0, 0, '', 0, 0, 0),
(88, 'raccordement_reseau_electricite_methode_OBL_1', 1483, 'TRUE', 0, '0', '', '', 0, 0, 0, 0, 0, 0, '', 0, 0, '', 0, 0, 0),
(89, 'raccordement_reseau_electricite_methode_AUT_2', 1482, 'TRUE', 0, '0', '', '', 0, 0, 0, 0, 0, 0, '', 0, 0, '', 0, 0, 0),
(9, '', 0, '', 0, '0', '', '', 1, 0, 0, 0, 0, 0, '', 0, 0, '', 0, 0, 0),
(90, '', 0, '', 0, '0', '', '', 0, 0, 0, 0, 1, 0, '', 0, 0, '', 0, 0, 0),
(91, 'implantation_alignement_6_AUT', 1043, 'TRUE', 0, '0', '', '', 0, 0, 0, 0, 0, 0, '', 0, 0, '', 0, 0, 0),
(92, 'implantation_retrait_6_AUT', 1045, 'TRUE', 0, '0', '', '', 0, 0, 0, 0, 0, 0, '', 0, 0, '', 0, 0, 0),
(93, 'marge_retrait_6', 1505, '', 0, '3', '', '', 0, 0, 0, 0, 0, 0, '', 0, 0, '', 0, 0, 0),
(94, 'implantation_alignement_6_OBL', 1044, 'TRUE', 0, '0', '', '', 0, 0, 0, 0, 0, 0, '', 0, 0, '', 0, 0, 0),
(95, 'implantation_alignement_6_OBL', 1044, 'TRUE', 0, '0', '', '', 0, 0, 0, 0, 0, 0, '', 0, 0, '', 0, 0, 0),
(96, 'implantation_retrait_6_OBL', 1046, 'TRUE', 0, '0', '', '', 0, 0, 0, 0, 0, 0, '', 0, 0, '', 0, 0, 0),
(97, '', 0, '', 0, '0', '', '', 0, 1, 0, 0, 0, 0, '', 0, 0, '', 0, 0, 0),
(98, '', 0, '', 0, '0', '', '', 0, 1, 0, 0, 0, 0, '', 0, 0, '', 0, 0, 0),
(99, '', 0, '', 0, '0', '', '', 0, 0, 0, 0, 1, 0, '', 0, 0, '', 0, 0, 0);

-- --------------------------------------------------------

--
-- Structure de la table `REGLE_ALT`
--

CREATE TABLE `REGLE_ALT` (
  `id_regle` int(3) DEFAULT NULL,
  `id_alt` int(1) DEFAULT NULL,
  `niveau_alt` int(1) DEFAULT NULL
) ENGINE=InnoDB DEFAULT CHARSET=utf8;

--
-- Déchargement des données de la table `REGLE_ALT`
--

INSERT INTO `REGLE_ALT` (`id_regle`, `id_alt`, `niveau_alt`) VALUES
(175, 4, 1),
(176, 4, 2),
(177, 4, 2),
(206, 5, 1),
(207, 5, 1),
(208, 5, 1),
(209, 5, 1),
(210, 5, 1),
(211, 5, 1),
(212, 5, 1),
(213, 5, 1),
(214, 5, 1),
(215, 5, 2),
(216, 5, 2),
(217, 5, 2),
(218, 5, 2),
(219, 5, 2),
(220, 5, 2),
(221, 5, 2),
(222, 5, 2),
(223, 5, 2),
(36, 1, 1),
(37, 1, 2),
(83, 2, 1),
(84, 2, 1),
(85, 2, 2),
(86, 2, 2),
(88, 3, 1),
(89, 3, 2);

-- --------------------------------------------------------

--
-- Structure de la table `REGLE_CONDITION`
--

CREATE TABLE `REGLE_CONDITION` (
  `id_regle` int(3) DEFAULT NULL,
  `condition_bool` varchar(141) DEFAULT NULL,
  `id_condition_quali` int(1) DEFAULT NULL,
  `id_condition_entree_graphique` int(2) DEFAULT NULL,
  `condition_bande_constructible_min` int(2) DEFAULT NULL,
  `condition_bande_constructible_max` int(2) DEFAULT NULL
) ENGINE=InnoDB DEFAULT CHARSET=utf8;

--
-- Déchargement des données de la table `REGLE_CONDITION`
--

INSERT INTO `REGLE_CONDITION` (`id_regle`, `condition_bool`, `id_condition_quali`, `id_condition_entree_graphique`, `condition_bande_constructible_min`, `condition_bande_constructible_max`) VALUES
(1, '', 0, 1, 0, 0),
(100, 'B(1)ANDB(2)', 0, 0, 0, 0),
(101, 'B(3)', 0, 0, 0, 0),
(106, '', 0, 0, 14, 16),
(107, '', 0, 0, 16, 0),
(108, '', 0, 0, 16, 0),
(109, '', 0, 10, 0, 0),
(112, '', 0, 11, 0, 0),
(113, 'B(4)', 0, 0, 0, 0),
(114, 'B(5)', 0, 0, 0, 0),
(115, 'B(3)', 0, 0, 0, 0),
(153, '', 0, 12, 0, 0),
(154, '', 0, 12, 0, 0),
(155, 'hauteur_installations_techniques_en_terrasse<=3.ANDretrait_installations_techniques_en_terrasse>=hauteur_installations_techniques_en_terrasse', 0, 0, 0, 0),
(167, '', 0, 14, 0, 0),
(169, '', 1, 0, 0, 0),
(170, '', 1, 0, 0, 0),
(19, '', 0, 5, 0, 0),
(2, '', 0, 1, 0, 0),
(20, '', 0, 5, 0, 0),
(204, '', 0, 13, 0, 0),
(21, '', 0, 5, 0, 0),
(22, '', 0, 5, 0, 0),
(225, 'B(8)', 0, 0, 0, 0),
(226, 'B(9)', 0, 0, 0, 0),
(23, '', 0, 5, 0, 0),
(230, 'B(9)', 0, 0, 0, 0),
(231, 'B(9)', 0, 0, 0, 0),
(237, 'B(10)ANDB(11)', 0, 0, 0, 0),
(238, 'B(10)ANDB(11)', 0, 0, 0, 0),
(239, 'B(10)ANDB(11)', 0, 0, 0, 0),
(24, '', 0, 5, 0, 0),
(240, 'B(10)ANDB(11)', 0, 0, 0, 0),
(241, 'B(10)ANDB(11)', 0, 0, 0, 0),
(242, 'B(10)ANDB(11)', 0, 0, 0, 0),
(243, 'B(10)ANDB(11)', 0, 0, 0, 0),
(244, 'B(10)ANDB(11)', 0, 0, 0, 0),
(245, 'B(8)', 0, 0, 0, 0),
(246, 'B(9)', 0, 0, 0, 0),
(25, '', 0, 5, 0, 0),
(250, 'B(9)', 0, 0, 0, 0),
(251, 'B(9)', 0, 0, 0, 0),
(259, 'B(9)', 0, 0, 0, 0),
(26, '', 0, 5, 0, 0),
(260, 'B(9)', 0, 0, 0, 0),
(261, 'B(8)', 0, 0, 0, 0),
(262, 'B(9)', 0, 0, 0, 0),
(27, '', 0, 5, 0, 0),
(28, '', 0, 5, 0, 0),
(29, '', 0, 5, 0, 0),
(3, '', 0, 1, 0, 0),
(30, '', 0, 5, 0, 0),
(306, 'B(12)', 0, 0, 0, 0),
(307, 'B(12)', 0, 0, 0, 0),
(308, 'B(12)', 0, 0, 0, 0),
(309, 'B(12)', 0, 0, 0, 0),
(31, '', 0, 5, 0, 0),
(310, 'B(12)', 0, 0, 0, 0),
(311, 'B(12)', 0, 0, 0, 0),
(312, 'B(12)', 0, 0, 0, 0),
(313, 'B(12)', 0, 0, 0, 0),
(314, 'B(12)', 0, 0, 0, 0),
(315, 'B(13)ANDB(14)', 0, 0, 0, 0),
(316, 'B(13)ANDB(14)', 0, 0, 0, 0),
(317, 'B(13)ANDB(14)', 0, 0, 0, 0),
(318, 'B(13)ANDB(14)', 0, 0, 0, 0),
(319, 'B(13)ANDB(14)', 0, 0, 0, 0),
(32, '', 0, 5, 0, 0),
(320, 'B(13)ANDB(14)', 0, 0, 0, 0),
(321, 'B(13)ANDB(14)', 0, 0, 0, 0),
(322, 'B(13)ANDB(14)', 0, 0, 0, 0),
(323, 'B(13)ANDB(14)', 0, 0, 0, 0),
(324, 'B(13)ANDB(15)', 0, 0, 0, 0),
(325, 'B(13)ANDB(15)', 0, 0, 0, 0),
(326, 'B(13)ANDB(15)', 0, 0, 0, 0),
(327, 'B(13)ANDB(15)', 0, 0, 0, 0),
(328, 'B(13)ANDB(15)', 0, 0, 0, 0),
(329, 'B(13)ANDB(15)', 0, 0, 0, 0),
(33, '', 0, 5, 0, 0),
(330, 'B(13)ANDB(15)', 0, 0, 0, 0),
(331, 'B(13)ANDB(15)', 0, 0, 0, 0),
(332, 'B(13)ANDB(15)', 0, 0, 0, 0),
(34, 'B(16)', 0, 0, 0, 0),
(342, 'B(12)', 0, 0, 0, 0),
(343, 'B(12)', 0, 0, 0, 0),
(344, 'B(12)', 0, 0, 0, 0),
(345, 'B(12)', 0, 0, 0, 0),
(346, 'B(12)', 0, 0, 0, 0),
(347, 'B(12)', 0, 0, 0, 0),
(348, 'B(12)', 0, 0, 0, 0),
(349, 'B(12)', 0, 0, 0, 0),
(35, '', 0, 6, 0, 0),
(350, 'B(12)', 0, 0, 0, 0),
(367, '', 0, 3, 0, 0),
(368, '', 0, 3, 0, 0),
(369, '', 0, 3, 0, 0),
(370, '', 0, 4, 0, 0),
(4, '', 0, 1, 0, 0),
(43, 'B(17)', 0, 0, 0, 0),
(45, 'B(18)', 0, 0, 0, 0),
(5, '', 0, 1, 0, 0),
(6, '', 0, 2, 0, 0),
(64, 'B(19)', 0, 0, 0, 0),
(65, 'B(19)', 0, 0, 0, 0),
(66, 'B(19)', 0, 0, 0, 0),
(67, 'B(19)', 0, 0, 0, 0),
(68, 'B(19)', 0, 0, 0, 0),
(69, 'B(19)', 0, 0, 0, 0),
(7, '', 0, 2, 0, 0),
(70, 'B(19)', 0, 0, 0, 0),
(71, 'B(19)', 0, 0, 0, 0),
(72, 'B(19)', 0, 0, 0, 0),
(8, '', 0, 2, 0, 0),
(84, '', 0, 7, 0, 0),
(9, '', 0, 2, 0, 0),
(94, '', 0, 8, 0, 0),
(95, '', 0, 8, 0, 0),
(96, '', 0, 9, 0, 0),
(97, 'B(20)ANDB(21)ANDB(22)', 0, 0, 0, 0),
(98, 'B(3)', 0, 0, 0, 0);

-- --------------------------------------------------------

--
-- Structure de la table `REGLE_CONTEXTE`
--

CREATE TABLE `REGLE_CONTEXTE` (
  `id_regle` int(3) DEFAULT NULL,
  `is_exception` int(1) DEFAULT NULL,
  `is_exception_mb` int(1) DEFAULT NULL,
  `id_zonage` int(1) DEFAULT NULL,
  `id_sujet` int(2) DEFAULT NULL,
  `_is_` varchar(32) DEFAULT NULL,
  `id__is_` int(2) DEFAULT NULL,
  `_from_` varchar(9) DEFAULT NULL,
  `id__from_` int(1) DEFAULT NULL,
  `_to_` varchar(32) DEFAULT NULL,
  `id__to_` int(1) DEFAULT NULL,
  `descriptif_booleen` varchar(21) DEFAULT NULL,
  `id_descriptif_quali` int(1) DEFAULT NULL
) ENGINE=InnoDB DEFAULT CHARSET=utf8;

--
-- Déchargement des données de la table `REGLE_CONTEXTE`
--

INSERT INTO `REGLE_CONTEXTE` (`id_regle`, `is_exception`, `is_exception_mb`, `id_zonage`, `id_sujet`, `_is_`, `id__is_`, `_from_`, `id__from_`, `_to_`, `id__to_`, `descriptif_booleen`, `id_descriptif_quali`) VALUES
(1, 0, 0, 0, 1, 'cinaspic', 9, '', 0, '', 0, 'B(23)', 0),
(10, 0, 0, 1, 0, '', 0, '', 0, '', 0, '', 0),
(100, 0, 0, 1, 1, '', 0, '', 0, '', 0, 'B(24)', 0),
(101, 0, 0, 1, 17, '', 0, '', 0, '', 0, 'B(25)', 0),
(102, 0, 0, 1, 1, '', 0, '', 0, '', 0, 'B(26)', 0),
(103, 0, 0, 1, 1, 'cinaspic', 9, '', 0, '', 0, '', 0),
(104, 0, 0, 1, 1, 'cinaspic', 9, '', 0, '', 0, '', 0),
(105, 0, 0, 1, 1, 'cinaspic', 9, '', 0, '', 0, '', 0),
(106, 0, 0, 5, 1, '', 0, '', 0, '', 0, 'B(27)', 0),
(107, 0, 0, 5, 1, '', 0, '', 0, '', 0, '', 0),
(108, 0, 0, 5, 1, '', 0, '', 0, '', 0, '', 0),
(109, 0, 0, 5, 1, '', 0, '', 0, '', 0, '', 0),
(11, 0, 0, 1, 1, 'exploitation_agricole_forestiere', 7, '', 0, '', 0, '', 0),
(110, 0, 0, 6, 1, '', 0, '', 0, '', 0, '', 0),
(111, 0, 0, 6, 1, '', 0, '', 0, '', 0, '', 0),
(112, 0, 0, 6, 1, '', 0, '', 0, '', 0, '', 0),
(112, 1, 0, 9, 0, '', 0, '', 0, '', 0, '', 0),
(113, 0, 0, 1, 0, '', 0, '', 0, '', 0, '', 0),
(114, 0, 0, 1, 0, '', 0, '', 0, '', 0, '', 0),
(115, 0, 0, 1, 17, '', 0, '', 0, '', 0, 'B(28)', 0),
(116, 0, 0, 1, 1, '', 0, '', 0, '', 0, '', 0),
(117, 0, 0, 1, 31, '', 0, '', 0, '', 0, 'B(29)ANDB(30)', 0),
(118, 0, 0, 1, 1, 'cinaspic', 9, '', 0, '', 0, '', 0),
(119, 0, 0, 1, 1, 'cinaspic', 9, '', 0, '', 0, '', 0),
(12, 0, 0, 1, 30, '', 0, '', 0, '', 0, '', 0),
(120, 0, 0, 1, 1, 'cinaspic', 9, '', 0, '', 0, '', 0),
(121, 0, 0, 1, 1, '', 0, '', 0, '', 0, '', 0),
(121, 1, 0, 0, 1, 'cinaspic', 9, '', 0, '', 0, '', 0),
(122, 0, 0, 1, 1, '', 0, '', 0, '', 0, '', 0),
(122, 1, 0, 0, 1, 'cinaspic', 9, '', 0, '', 0, '', 0),
(123, 0, 0, 1, 0, '', 0, '', 0, '', 0, '', 0),
(123, 1, 0, 0, 1, 'cinaspic', 9, '', 0, '', 0, '', 0),
(124, 0, 0, 1, 0, '', 0, '', 0, '', 0, '', 0),
(124, 1, 0, 0, 1, 'cinaspic', 9, '', 0, '', 0, '', 0),
(126, 0, 0, 1, 1, '', 0, '', 0, '', 0, '', 0),
(126, 1, 0, 0, 1, 'cinaspic', 9, '', 0, '', 0, '', 0),
(127, 0, 0, 5, 1, '', 0, '', 0, '', 0, '', 0),
(127, 1, 0, 0, 1, 'cinaspic', 9, '', 0, '', 0, '', 0),
(128, 0, 0, 6, 1, '', 0, '', 0, '', 0, '', 0),
(129, 0, 0, 5, 1, '', 0, '', 0, '', 0, 'B(27)', 0),
(13, 0, 0, 1, 27, '', 0, '', 0, '', 0, '', 0),
(130, 0, 0, 6, 1, '', 0, '', 0, '', 0, 'B(27)', 0),
(131, 0, 0, 5, 1, '', 0, '', 0, '', 0, 'B(27)', 0),
(132, 0, 0, 6, 1, '', 0, '', 0, '', 0, 'B(27)', 0),
(133, 0, 0, 5, 1, '', 0, '', 0, '', 0, 'B(27)', 0),
(134, 0, 0, 6, 1, '', 0, '', 0, '', 0, 'B(27)', 0),
(135, 0, 0, 5, 1, '', 0, '', 0, '', 0, 'B(32)', 0),
(136, 0, 0, 6, 1, '', 0, '', 0, '', 0, 'B(32)', 0),
(137, 0, 0, 5, 1, '', 0, '', 0, '', 0, 'B(32)', 0),
(138, 0, 0, 6, 1, '', 0, '', 0, '', 0, 'B(32)', 0),
(139, 0, 0, 5, 1, '', 0, '', 0, '', 0, 'B(32)', 0),
(14, 0, 0, 1, 28, '', 0, '', 0, '', 0, '', 0),
(140, 0, 0, 6, 1, '', 0, '', 0, '', 0, 'B(32)', 0),
(141, 0, 0, 5, 1, '', 0, '', 0, '', 0, 'B(32)', 0),
(142, 0, 0, 6, 1, '', 0, '', 0, '', 0, 'B(32)', 0),
(143, 0, 0, 9, 0, '', 0, '', 0, '', 0, '', 0),
(144, 0, 0, 9, 0, '', 0, '', 0, '', 0, '', 0),
(145, 0, 0, 9, 1, '', 0, '', 0, '', 0, '', 0),
(146, 0, 0, 9, 1, '', 0, '', 0, '', 0, '', 0),
(147, 0, 0, 9, 1, '', 0, '', 0, '', 0, '', 0),
(148, 0, 0, 9, 1, '', 0, '', 0, '', 0, 'B(32)', 0),
(149, 0, 0, 9, 1, '', 0, '', 0, '', 0, 'B(32)', 0),
(15, 0, 0, 1, 29, '', 0, '', 0, '', 0, 'B(33)', 0),
(150, 0, 0, 9, 1, '', 0, '', 0, '', 0, 'B(32)', 0),
(151, 0, 0, 9, 1, '', 0, '', 0, '', 0, 'B(32)', 0),
(152, 0, 0, 9, 1, '', 0, '', 0, '', 0, 'B(32)', 0),
(153, 0, 0, 1, 0, '', 0, '', 0, '', 0, '', 0),
(154, 0, 0, 1, 1, '', 0, '', 0, '', 0, 'B(34)', 0),
(155, 0, 0, 1, 1, '', 0, '', 0, '', 0, 'B(35)', 0),
(156, 0, 0, 1, 1, '', 0, '', 0, '', 0, 'B(36)', 0),
(157, 0, 0, 1, 18, '', 0, '', 0, '', 0, '', 0),
(158, 0, 0, 1, 18, '', 0, '', 0, '', 0, '', 0),
(159, 0, 0, 1, 6, '', 0, '', 0, '', 0, '', 0),
(16, 0, 0, 1, 26, '', 0, '', 0, '', 0, 'B(37)', 0),
(160, 0, 0, 1, 6, '', 0, '', 0, '', 0, '', 0),
(161, 0, 0, 1, 1, '', 0, '', 0, '', 0, 'B(38)', 0),
(162, 0, 0, 5, 1, 'cinaspic', 9, '', 0, '', 0, '', 0),
(163, 0, 0, 6, 1, 'cinaspic', 9, '', 0, '', 0, '', 0),
(164, 0, 0, 9, 1, 'cinaspic', 9, '', 0, '', 0, '', 0),
(165, 0, 0, 1, 0, '', 0, '', 0, '', 0, '', 0),
(166, 0, 0, 1, 1, '', 0, '', 0, '', 0, '', 0),
(167, 0, 0, 1, 1, '', 0, '', 0, '', 0, '', 0),
(168, 0, 0, 1, 1, '', 0, '', 0, '', 0, 'B(39)', 0),
(169, 0, 0, 1, 1, '', 0, '', 0, '', 0, 'B(40)', 0),
(17, 0, 0, 1, 1, 'industrie', 6, '', 0, '', 0, '', 0),
(170, 0, 0, 1, 1, '', 0, '', 0, '', 0, 'B(41)', 0),
(171, 0, 0, 1, 1, '', 0, '', 0, '', 0, 'B(27)', 0),
(172, 0, 0, 1, 1, '', 0, '', 0, '', 0, '', 0),
(173, 0, 0, 1, 1, '', 0, '', 0, '', 0, 'B(38)', 0),
(174, 0, 0, 1, 1, '', 0, '', 0, '', 0, 'B(42)', 0),
(175, 0, 0, 1, 1, '', 0, '', 0, '', 0, 'B(43)', 0),
(176, 0, 0, 1, 1, '', 0, '', 0, '', 0, 'B(43)', 0),
(177, 0, 0, 1, 1, '', 0, '', 0, '', 0, 'B(43)', 0),
(178, 0, 0, 1, 1, 'commerce', 4, '', 0, '', 0, '', 0),
(179, 0, 0, 1, 1, 'commerce', 4, '', 0, '', 0, '', 0),
(18, 0, 0, 1, 1, 'entrepot', 8, '', 0, '', 0, '', 0),
(180, 0, 0, 1, 1, 'commerce', 4, '', 0, '', 0, 'B(44)', 0),
(181, 0, 0, 1, 1, 'commerce', 4, '', 0, '', 0, '', 0),
(182, 0, 0, 1, 0, '', 0, '', 0, '', 0, '', 0),
(183, 0, 0, 1, 0, '', 0, '', 0, '', 0, 'B(45)', 0),
(184, 0, 0, 1, 0, '', 0, '', 0, '', 0, '', 0),
(185, 0, 0, 1, 1, '', 0, '', 0, '', 0, 'B(46)', 0),
(186, 0, 0, 1, 1, '', 0, '', 0, '', 0, 'B(47)', 0),
(187, 0, 0, 1, 1, '', 0, '', 0, '', 0, 'B(48)', 0),
(188, 0, 0, 1, 1, '', 0, '', 0, '', 0, 'B(49)ANDB(50)', 0),
(189, 0, 0, 1, 1, '', 0, '', 0, '', 0, 'B(51)', 0),
(19, 0, 0, 1, 0, '', 0, '', 0, '', 0, '', 0),
(190, 0, 0, 1, 1, '', 0, '', 0, '', 0, 'B(52)', 0),
(191, 0, 0, 1, 1, '', 0, '', 0, '', 0, 'B(42)', 0),
(191, 0, 1, 0, 1, 'cinaspic', 9, '', 0, '', 0, '', 3),
(191, 0, 1, 0, 0, '', 0, '', 0, '', 0, '', 4),
(192, 0, 0, 1, 1, '', 0, '', 0, '', 0, 'B(42)', 0),
(192, 0, 1, 0, 1, 'cinaspic', 9, '', 0, '', 0, '', 3),
(192, 0, 1, 0, 0, '', 0, '', 0, '', 0, '', 4),
(193, 0, 0, 1, 1, '', 0, '', 0, '', 0, 'B(42)', 0),
(193, 0, 1, 0, 1, 'cinaspic', 9, '', 0, '', 0, '', 3),
(193, 0, 1, 0, 0, '', 0, '', 0, '', 0, '', 4),
(194, 0, 0, 1, 1, '', 0, '', 0, '', 0, 'B(42)ANDB(53)', 0),
(194, 0, 1, 0, 0, '', 0, '', 0, '', 0, 'B(54)', 0),
(194, 0, 1, 0, 1, 'cinaspic', 9, '', 0, '', 0, '', 3),
(194, 0, 1, 0, 0, '', 0, '', 0, '', 0, '', 4),
(195, 0, 0, 1, 1, '', 0, '', 0, '', 0, 'B(42)ANDB(53)', 0),
(195, 0, 1, 0, 0, '', 0, '', 0, '', 0, 'B(54)', 0),
(195, 0, 1, 0, 1, 'cinaspic', 9, '', 0, '', 0, '', 3),
(195, 0, 1, 0, 0, '', 0, '', 0, '', 0, '', 4),
(196, 0, 0, 1, 1, '', 0, '', 0, '', 0, 'B(55)', 0),
(196, 0, 1, 0, 0, '', 0, '', 0, '', 0, 'B(54)', 0),
(196, 0, 1, 0, 1, 'cinaspic', 9, '', 0, '', 0, '', 3),
(196, 0, 1, 0, 0, '', 0, '', 0, '', 0, '', 4),
(197, 0, 0, 1, 1, '', 0, '', 0, '', 0, 'B(56)', 0),
(197, 0, 1, 0, 0, '', 0, '', 0, '', 0, 'B(54)', 0),
(197, 0, 1, 0, 1, 'cinaspic', 9, '', 0, '', 0, '', 3),
(197, 0, 1, 0, 0, '', 0, '', 0, '', 0, '', 4),
(198, 0, 0, 1, 1, '', 0, '', 0, '', 0, 'B(57)', 0),
(198, 0, 1, 0, 0, '', 0, '', 0, '', 0, 'B(54)', 0),
(198, 0, 1, 0, 1, 'cinaspic', 9, '', 0, '', 0, '', 3),
(198, 0, 1, 0, 0, '', 0, '', 0, '', 0, '', 4),
(199, 0, 0, 1, 1, '', 0, '', 0, '', 0, 'B(55)', 0),
(199, 0, 1, 0, 0, '', 0, '', 0, '', 0, 'B(54)', 0),
(199, 0, 1, 0, 1, 'cinaspic', 9, '', 0, '', 0, '', 3),
(199, 0, 1, 0, 0, '', 0, '', 0, '', 0, '', 4),
(2, 0, 0, 0, 1, '', 0, '', 0, '', 0, '', 2),
(20, 0, 0, 1, 2, '', 0, 'artisanat', 5, 'habitation', 1, 'B(58)', 0),
(200, 0, 0, 1, 1, '', 0, '', 0, '', 0, 'B(56)', 0),
(200, 0, 1, 0, 0, '', 0, '', 0, '', 0, 'B(54)', 0),
(200, 0, 1, 0, 1, 'cinaspic', 9, '', 0, '', 0, '', 3),
(200, 0, 1, 0, 0, '', 0, '', 0, '', 0, '', 4),
(201, 0, 0, 1, 1, '', 0, '', 0, '', 0, 'B(57)', 0),
(201, 0, 1, 0, 0, '', 0, '', 0, '', 0, 'B(54)', 0),
(201, 0, 1, 0, 1, 'cinaspic', 9, '', 0, '', 0, '', 3),
(201, 0, 1, 0, 0, '', 0, '', 0, '', 0, '', 4),
(202, 0, 0, 1, 1, '', 0, '', 0, '', 0, 'B(42)ANDB(59)', 0),
(202, 0, 1, 0, 1, 'cinaspic', 9, '', 0, '', 0, '', 3),
(202, 0, 1, 0, 0, '', 0, '', 0, '', 0, '', 4),
(203, 0, 0, 5, 1, '', 0, '', 0, '', 0, '', 0),
(204, 0, 0, 1, 1, '', 0, '', 0, '', 0, '', 0),
(205, 0, 0, 1, 0, '', 0, '', 0, '', 0, '', 0),
(206, 0, 0, 1, 1, '', 0, '', 0, '', 0, 'B(84)', 0),
(207, 0, 0, 1, 1, 'bureau', 3, '', 0, '', 0, '', 0),
(208, 0, 0, 1, 1, 'commerce', 4, '', 0, '', 0, '', 0),
(209, 0, 0, 1, 1, 'artisanat', 5, '', 0, '', 0, '', 0),
(21, 0, 0, 1, 2, '', 0, 'artisanat', 5, 'hebergement_hotelier', 2, 'B(58)', 0),
(210, 0, 0, 1, 1, 'industrie', 6, '', 0, '', 0, '', 0),
(211, 0, 0, 1, 1, 'hebergement_hotelier', 2, '', 0, '', 0, '', 0),
(212, 0, 0, 1, 1, 'entrepot', 8, '', 0, '', 0, '', 0),
(213, 0, 0, 1, 1, 'exploitation_agricole_forestiere', 7, '', 0, '', 0, '', 0),
(214, 0, 0, 1, 1, 'cinaspic', 9, '', 0, '', 0, '', 0),
(215, 0, 0, 1, 1, '', 0, '', 0, '', 0, 'B(84)', 0),
(216, 0, 0, 1, 1, 'bureau', 3, '', 0, '', 0, '', 0),
(217, 0, 0, 1, 1, 'commerce', 4, '', 0, '', 0, '', 0),
(218, 0, 0, 1, 1, 'artisanat', 5, '', 0, '', 0, '', 0),
(219, 0, 0, 1, 1, 'industrie', 6, '', 0, '', 0, '', 0),
(22, 0, 0, 1, 2, '', 0, 'artisanat', 5, 'bureau', 3, 'B(58)', 0),
(220, 0, 0, 1, 1, 'hebergement_hotelier', 2, '', 0, '', 0, '', 0),
(221, 0, 0, 1, 1, 'entrepot', 8, '', 0, '', 0, '', 0),
(222, 0, 0, 1, 1, 'exploitation_agricole_forestiere', 7, '', 0, '', 0, '', 0),
(223, 0, 0, 1, 1, 'cinaspic', 9, '', 0, '', 0, '', 0),
(224, 0, 0, 1, 1, '', 0, '', 0, '', 0, 'B(60)', 0),
(225, 0, 0, 1, 1, 'bureau', 3, '', 0, '', 0, '', 0),
(226, 0, 0, 1, 1, 'bureau', 3, '', 0, '', 0, '', 0),
(227, 0, 0, 1, 1, 'habitation', 1, '', 0, '', 0, '', 0),
(228, 0, 0, 1, 1, 'habitation', 1, '', 0, '', 0, '', 0),
(229, 0, 0, 1, 1, 'habitation', 1, '', 0, '', 0, 'B(61)', 0),
(23, 0, 0, 1, 2, '', 0, 'artisanat', 5, 'industrie', 6, 'B(58)', 0),
(230, 0, 0, 1, 1, 'habitation', 1, '', 0, '', 0, 'B(61)', 0),
(231, 0, 0, 1, 1, 'habitation', 1, '', 0, '', 0, '', 0),
(232, 0, 0, 1, 1, 'commerce', 4, '', 0, '', 0, 'B(62)', 0),
(233, 0, 0, 1, 1, 'commerce', 4, '', 0, '', 0, 'B(62)', 0),
(234, 0, 0, 1, 1, 'artisanat', 5, '', 0, '', 0, 'B(63)', 0),
(235, 0, 0, 1, 1, 'hebergement_hotelier', 2, '', 0, '', 0, '', 0),
(236, 0, 0, 1, 1, 'cinaspic', 9, '', 0, '', 0, '', 0),
(237, 0, 0, 1, 15, '', 0, '', 0, 'habitation', 1, '', 0),
(238, 0, 0, 1, 15, '', 0, '', 0, 'habitation', 1, '', 0),
(239, 0, 0, 1, 18, '', 0, '', 0, 'habitation', 1, '', 0),
(24, 0, 0, 1, 2, '', 0, 'artisanat', 5, 'exploitation_agricole_forestiere', 7, 'B(58)', 0),
(240, 0, 0, 1, 18, '', 0, '', 0, 'habitation', 1, '', 0),
(241, 0, 0, 1, 8, '', 0, '', 0, 'habitation', 1, '', 0),
(242, 0, 0, 1, 8, '', 0, '', 0, 'habitation', 1, '', 0),
(243, 0, 0, 1, 4, '', 0, '', 0, 'habitation', 1, '', 0),
(244, 0, 0, 1, 4, '', 0, '', 0, 'habitation', 1, '', 0),
(245, 0, 0, 1, 4, 'bureau', 3, '', 0, '', 0, 'B(64)', 0),
(246, 0, 0, 1, 4, 'bureau', 3, '', 0, '', 0, 'B(64)', 0),
(247, 0, 0, 1, 4, 'habitation', 1, '', 0, '', 0, 'B(64)', 0),
(248, 0, 0, 1, 4, 'habitation', 1, '', 0, '', 0, 'B(64)', 0),
(249, 0, 0, 1, 4, 'habitation', 1, '', 0, '', 0, 'B(61)ANDB(64)', 0),
(25, 0, 0, 1, 2, '', 0, 'artisanat', 5, 'entrepot', 8, 'B(58)', 0),
(250, 0, 0, 1, 4, 'habitation', 1, '', 0, '', 0, 'B(61)ANDB(64)', 0),
(251, 0, 0, 1, 4, 'habitation', 1, '', 0, '', 0, 'B(64)', 0),
(252, 0, 0, 1, 4, 'commerce', 4, '', 0, '', 0, 'B(62)ANDB(64)', 0),
(253, 0, 0, 1, 4, 'commerce', 4, '', 0, '', 0, 'B(62)ANDB(64)', 0),
(254, 0, 0, 1, 4, 'artisanat', 5, '', 0, '', 0, 'B(63)ANDB(64)', 0),
(255, 0, 0, 1, 4, '', 0, '', 0, '', 0, '', 0),
(256, 0, 0, 1, 8, 'habitation', 1, '', 0, '', 0, 'B(64)ANDB(65)', 0),
(257, 0, 0, 1, 8, 'habitation', 1, '', 0, '', 0, 'B(64)ANDB(65)', 0),
(258, 0, 0, 1, 8, 'habitation', 1, '', 0, '', 0, 'B(64)ANDB(65)ANDB(61)', 0),
(259, 0, 0, 1, 8, 'habitation', 1, '', 0, '', 0, 'B(64)ANDB(65)ANDB(61)', 0),
(26, 0, 0, 1, 2, '', 0, 'artisanat', 5, 'cinaspic', 9, 'B(58)', 0),
(260, 0, 0, 1, 8, 'habitation', 1, '', 0, '', 0, 'B(64)ANDB(65)', 0),
(261, 0, 0, 1, 2, '', 0, '', 0, 'bureau', 3, '', 0),
(262, 0, 0, 1, 2, '', 0, '', 0, 'bureau', 3, '', 0),
(263, 0, 0, 1, 2, '', 0, '', 0, 'commerce', 4, 'B(62)', 0),
(264, 0, 0, 1, 2, '', 0, '', 0, 'artisanat', 5, '', 0),
(265, 0, 0, 1, 2, '', 0, '', 0, 'industrie', 6, '', 0),
(266, 0, 0, 1, 2, '', 0, '', 0, 'entrepot', 8, '', 0),
(267, 0, 0, 1, 2, '', 0, '', 0, 'exploitation_agricole_forestiere', 7, '', 0),
(268, 0, 0, 1, 2, '', 0, '', 0, 'cinaspic', 9, '', 0),
(269, 0, 0, 1, 2, '', 0, '', 0, 'hebergement_hotelier', 2, '', 0),
(27, 0, 0, 1, 2, '', 0, 'commerce', 4, 'habitation', 1, 'B(58)', 0),
(270, 0, 0, 1, 2, '', 0, '', 0, 'bureau', 3, '', 0),
(271, 0, 0, 1, 2, '', 0, '', 0, 'commerce', 4, '', 0),
(272, 0, 0, 1, 2, '', 0, '', 0, 'artisanat', 5, '', 0),
(273, 0, 0, 1, 2, '', 0, '', 0, 'industrie', 6, '', 0),
(274, 0, 0, 1, 2, '', 0, '', 0, 'entrepot', 8, '', 0),
(275, 0, 0, 1, 2, '', 0, '', 0, 'exploitation_agricole_forestiere', 7, '', 0),
(276, 0, 0, 1, 2, '', 0, '', 0, 'cinaspic', 9, '', 0),
(277, 0, 0, 1, 2, '', 0, '', 0, 'hebergement_hotelier', 2, '', 0),
(278, 0, 0, 1, 1, 'habitation', 1, '', 0, '', 0, 'B(66)', 0),
(279, 0, 0, 1, 1, 'habitation', 1, '', 0, '', 0, 'B(66)', 0),
(28, 0, 0, 1, 2, '', 0, 'commerce', 4, 'hebergement_hotelier', 2, 'B(58)', 0),
(280, 0, 0, 1, 1, 'bureau', 3, '', 0, '', 0, '', 0),
(281, 0, 0, 1, 1, 'bureau', 3, '', 0, '', 0, '', 0),
(282, 0, 0, 1, 1, 'habitation', 1, '', 0, '', 0, '', 0),
(283, 0, 0, 1, 1, 'bureau', 3, '', 0, '', 0, '', 0),
(284, 0, 0, 1, 1, 'bureau', 3, '', 0, '', 0, '', 0),
(285, 0, 0, 1, 1, 'commerce', 4, '', 0, '', 0, 'B(67)', 0),
(286, 0, 0, 1, 1, 'commerce', 4, '', 0, '', 0, 'B(67)', 0),
(287, 0, 0, 1, 1, 'artisanat', 5, '', 0, '', 0, 'B(67)', 0),
(288, 0, 0, 1, 1, 'artisanat', 5, '', 0, '', 0, 'B(67)', 0),
(289, 0, 0, 1, 1, 'hebergement_hotelier', 2, '', 0, '', 0, 'B(67)', 0),
(29, 0, 0, 1, 2, '', 0, 'commerce', 4, 'bureau', 3, 'B(58)', 0),
(290, 0, 0, 1, 1, 'hebergement_hotelier', 2, '', 0, '', 0, 'B(67)', 0),
(291, 0, 0, 1, 1, 'habitation', 1, '', 0, '', 0, '', 0),
(292, 0, 0, 1, 1, 'cinaspic', 9, '', 0, '', 0, '', 0),
(293, 0, 0, 1, 1, 'ecole', 10, '', 0, '', 0, '', 0),
(294, 0, 0, 1, 1, 'ecole', 10, '', 0, '', 0, '', 0),
(295, 0, 0, 1, 1, 'ecole', 10, '', 0, '', 0, '', 0),
(296, 0, 0, 1, 1, 'bureau', 3, '', 0, '', 0, '', 0),
(297, 0, 0, 1, 1, 'bureau', 3, '', 0, '', 0, '', 0),
(298, 0, 0, 1, 1, 'habitation', 1, '', 0, '', 0, 'B(66)', 0),
(299, 0, 0, 1, 1, 'habitation', 1, '', 0, '', 0, 'B(66)', 0),
(3, 0, 0, 0, 0, '', 0, '', 0, '', 0, '', 0),
(30, 0, 0, 1, 2, '', 0, 'commerce', 4, 'industrie', 6, 'B(58)', 0),
(300, 0, 0, 1, 1, '', 0, '', 0, '', 0, 'B(68)', 0),
(301, 0, 0, 1, 1, '', 0, '', 0, '', 0, 'B(68)', 0),
(302, 0, 0, 1, 1, '', 0, '', 0, '', 0, 'B(68)', 0),
(303, 0, 0, 1, 1, '', 0, '', 0, '', 0, 'B()ANDB()', 0),
(304, 0, 0, 1, 1, '', 0, '', 0, '', 0, 'B(69)', 0),
(305, 0, 0, 1, 1, '', 0, '', 0, '', 0, 'B(69)', 0),
(306, 0, 0, 1, 1, 'habitation', 1, '', 0, '', 0, 'B(70)', 0),
(307, 0, 0, 1, 1, 'bureau', 3, '', 0, '', 0, '', 0),
(308, 0, 0, 1, 1, 'commerce', 4, '', 0, '', 0, '', 0),
(309, 0, 0, 1, 1, 'artisanat', 5, '', 0, '', 0, '', 0),
(31, 0, 0, 1, 2, '', 0, 'commerce', 4, 'entrepot', 8, 'B(58)', 0),
(310, 0, 0, 1, 1, 'industrie', 6, '', 0, '', 0, '', 0),
(311, 0, 0, 1, 1, 'hebergement_hotelier', 2, '', 0, '', 0, '', 0),
(312, 0, 0, 1, 1, 'entrepot', 8, '', 0, '', 0, '', 0),
(313, 0, 0, 1, 1, 'exploitation_agricole_forestiere', 7, '', 0, '', 0, '', 0),
(314, 0, 0, 1, 1, 'cinaspic', 9, '', 0, '', 0, '', 0),
(315, 0, 0, 1, 1, 'habitation', 1, '', 0, '', 0, 'B(70)', 0),
(316, 0, 0, 1, 1, 'bureau', 3, '', 0, '', 0, '', 0),
(317, 0, 0, 1, 1, 'commerce', 4, '', 0, '', 0, '', 0),
(318, 0, 0, 1, 1, 'artisanat', 5, '', 0, '', 0, '', 0),
(319, 0, 0, 1, 1, 'industrie', 6, '', 0, '', 0, '', 0),
(32, 0, 0, 1, 2, '', 0, 'commerce', 4, 'exploitation_agricole_forestiere', 7, 'B(58)', 0),
(320, 0, 0, 1, 1, 'hebergement_hotelier', 2, '', 0, '', 0, '', 0),
(321, 0, 0, 1, 1, 'entrepot', 8, '', 0, '', 0, '', 0),
(322, 0, 0, 1, 1, 'exploitation_agricole_forestiere', 7, '', 0, '', 0, '', 0),
(323, 0, 0, 1, 1, 'cinaspic', 9, '', 0, '', 0, '', 0),
(324, 0, 0, 1, 1, 'habitation', 1, '', 0, '', 0, 'B(70)', 0),
(325, 0, 0, 1, 1, 'bureau', 3, '', 0, '', 0, '', 0),
(326, 0, 0, 1, 1, 'commerce', 4, '', 0, '', 0, '', 0),
(327, 0, 0, 1, 1, 'artisanat', 5, '', 0, '', 0, '', 0),
(328, 0, 0, 1, 1, 'industrie', 6, '', 0, '', 0, '', 0),
(329, 0, 0, 1, 1, 'hebergement_hotelier', 2, '', 0, '', 0, '', 0),
(33, 0, 0, 1, 2, '', 0, 'commerce', 4, 'cinaspic', 9, 'B(58)', 0),
(330, 0, 0, 1, 1, '', 0, '', 0, '', 0, '', 0),
(331, 0, 0, 1, 1, 'exploitation_agricole_forestiere', 7, '', 0, '', 0, '', 0),
(332, 0, 0, 1, 1, 'cinaspic', 9, '', 0, '', 0, '', 0),
(333, 0, 0, 1, 1, 'bureau', 3, '', 0, '', 0, '', 0),
(334, 0, 0, 1, 1, 'commerce', 4, '', 0, '', 0, '', 0),
(335, 0, 0, 1, 1, 'artisanat', 5, '', 0, '', 0, '', 0),
(336, 0, 0, 1, 1, 'industrie', 6, '', 0, '', 0, '', 0),
(337, 0, 0, 1, 1, 'hebergement_hotelier', 2, '', 0, '', 0, '', 0),
(338, 0, 0, 1, 1, 'entrepot', 8, '', 0, '', 0, '', 0),
(339, 0, 0, 1, 1, 'exploitation_agricole_forestiere', 7, '', 0, '', 0, '', 0),
(34, 0, 0, 1, 1, 'habitation', 1, '', 0, '', 0, 'B(71)ORB(84)', 0),
(340, 0, 0, 1, 1, 'cinaspic', 9, '', 0, '', 0, '', 0),
(341, 0, 0, 1, 1, 'habitation', 1, '', 0, '', 0, 'B(70)', 0),
(342, 0, 0, 1, 1, 'habitation', 1, '', 0, '', 0, 'B(70)', 0),
(343, 0, 0, 1, 1, 'bureau', 3, '', 0, '', 0, '', 0),
(344, 0, 0, 1, 1, 'commerce', 4, '', 0, '', 0, '', 0),
(345, 0, 0, 1, 1, 'artisanat', 5, '', 0, '', 0, '', 0),
(346, 0, 0, 1, 1, 'industrie', 6, '', 0, '', 0, '', 0),
(347, 0, 0, 1, 1, 'hebergement_hotelier', 2, '', 0, '', 0, '', 0),
(348, 0, 0, 1, 1, 'entrepot', 8, '', 0, '', 0, '', 0),
(349, 0, 0, 1, 1, 'exploitation_agricole_forestiere', 7, '', 0, '', 0, '', 0),
(35, 0, 0, 1, 1, '', 0, '', 0, '', 0, 'B(38)ANDB(72)ANDB(73)', 0),
(350, 0, 0, 1, 1, 'cinaspic', 9, '', 0, '', 0, '', 0),
(351, 0, 0, 1, 1, 'habitation', 1, '', 0, '', 0, 'B(70)', 0),
(352, 0, 0, 1, 1, 'bureau', 3, '', 0, '', 0, '', 0),
(353, 0, 0, 1, 1, 'commerce', 4, '', 0, '', 0, '', 0),
(354, 0, 0, 1, 1, 'artisanat', 5, '', 0, '', 0, '', 0),
(355, 0, 0, 1, 1, 'industrie', 6, '', 0, '', 0, '', 0),
(356, 0, 0, 1, 1, 'hebergement_hotelier', 2, '', 0, '', 0, '', 0),
(357, 0, 0, 1, 1, 'entrepot', 8, '', 0, '', 0, '', 0),
(358, 0, 0, 1, 1, 'exploitation_agricole_forestiere', 7, '', 0, '', 0, '', 0),
(359, 0, 0, 1, 1, 'cinaspic', 9, '', 0, '', 0, '', 0),
(36, 0, 0, 1, 0, '', 0, '', 0, '', 0, '', 0),
(360, 0, 0, 1, 1, '', 0, '', 0, '', 0, '', 0),
(361, 0, 0, 6, 1, '', 0, '', 0, '', 0, '', 0),
(362, 0, 0, 1, 1, '', 0, '', 0, '', 0, 'B(74)', 0),
(363, 0, 0, 1, 1, '', 0, '', 0, '', 0, 'B(74)', 0),
(364, 0, 0, 1, 0, '', 0, '', 0, '', 0, '', 0),
(365, 0, 0, 1, 0, '', 0, '', 0, '', 0, '', 0),
(366, 0, 0, 1, 0, '', 0, '', 0, '', 0, '', 0),
(367, 0, 0, 1, 0, '', 0, '', 0, '', 0, '', 0),
(368, 0, 0, 1, 0, '', 0, '', 0, '', 0, '', 0),
(369, 0, 0, 1, 1, '', 0, '', 0, '', 0, '', 0),
(37, 0, 0, 1, 0, '', 0, '', 0, '', 0, '', 0),
(370, 0, 0, 1, 0, '', 0, '', 0, '', 0, '', 0),
(371, 0, 0, 1, 0, '', 0, '', 0, '', 0, '', 0),
(372, 0, 0, 1, 0, '', 0, '', 0, '', 0, '', 0),
(373, 0, 0, 1, 0, '', 0, '', 0, '', 0, '', 0),
(374, 0, 0, 1, 1, 'habitation', 1, '', 0, '', 0, 'B(70)', 0),
(375, 0, 0, 1, 1, 'bureau', 3, '', 0, '', 0, '', 0),
(376, 0, 0, 1, 1, 'hebergement_hotelier', 2, '', 0, '', 0, '', 0),
(38, 0, 0, 1, 0, '', 0, '', 0, '', 0, 'B(75)', 0),
(39, 0, 0, 1, 0, '', 0, '', 0, '', 0, 'B(75)', 0),
(4, 0, 0, 0, 0, '', 0, '', 0, '', 0, '', 0),
(40, 0, 0, 1, 0, '', 0, '', 0, '', 0, 'B(76)', 0),
(41, 0, 0, 1, 0, '', 0, '', 0, '', 0, 'B(76)', 0),
(42, 0, 0, 1, 0, '', 0, '', 0, '', 0, 'B(76)', 0),
(43, 0, 0, 1, 0, '', 0, '', 0, '', 0, 'B(76)', 0),
(44, 0, 0, 1, 1, '', 0, '', 0, '', 0, 'B(76)ANDB(77)', 0),
(45, 0, 0, 1, 1, 'habitation', 1, '', 0, '', 0, 'B(75)', 0),
(46, 0, 0, 1, 1, 'habitation', 1, '', 0, '', 0, 'B(80)', 0),
(47, 0, 0, 1, 1, 'habitation', 1, '', 0, '', 0, 'B(80)', 0),
(48, 0, 0, 1, 1, 'bureau', 3, '', 0, '', 0, '', 0),
(49, 0, 0, 1, 1, 'commerce', 4, '', 0, '', 0, '', 0),
(5, 0, 0, 0, 0, '', 0, '', 0, '', 0, '', 0),
(50, 0, 0, 1, 1, 'artisanat', 5, '', 0, '', 0, '', 0),
(51, 0, 0, 1, 1, 'industrie', 6, '', 0, '', 0, '', 0),
(52, 0, 0, 1, 1, 'hebergement_hotelier', 2, '', 0, '', 0, '', 0),
(53, 0, 0, 1, 1, 'entrepot', 8, '', 0, '', 0, '', 0),
(54, 0, 0, 1, 1, 'exploitation_agricole_forestiere', 7, '', 0, '', 0, '', 0),
(55, 0, 0, 1, 1, 'cinaspic', 9, '', 0, '', 0, '', 0),
(56, 0, 0, 1, 1, 'bureau', 3, '', 0, '', 0, '', 0),
(57, 0, 0, 1, 1, 'commerce', 4, '', 0, '', 0, '', 0),
(58, 0, 0, 1, 1, 'artisanat', 5, '', 0, '', 0, '', 0),
(59, 0, 0, 1, 1, 'industrie', 6, '', 0, '', 0, '', 0),
(6, 0, 0, 0, 1, '', 0, '', 0, '', 0, '', 0),
(60, 0, 0, 1, 1, 'hebergement_hotelier', 2, '', 0, '', 0, '', 0),
(61, 0, 0, 1, 1, 'entrepot', 8, '', 0, '', 0, '', 0),
(62, 0, 0, 1, 1, 'exploitation_agricole_forestiere', 7, '', 0, '', 0, '', 0),
(63, 0, 0, 1, 1, 'cinaspic', 9, '', 0, '', 0, '', 0),
(64, 0, 0, 1, 1, 'habitation', 1, '', 0, '', 0, 'B(80)', 0),
(65, 0, 0, 1, 1, 'bureau', 3, '', 0, '', 0, '', 0),
(66, 0, 0, 1, 1, 'commerce', 4, '', 0, '', 0, '', 0),
(67, 0, 0, 1, 1, 'artisanat', 5, '', 0, '', 0, '', 0),
(68, 0, 0, 1, 1, 'industrie', 6, '', 0, '', 0, '', 0),
(69, 0, 0, 1, 1, 'hebergement_hotelier', 2, '', 0, '', 0, '', 0),
(7, 0, 0, 0, 1, '', 0, '', 0, '', 0, 'B(42)', 0),
(70, 0, 0, 1, 1, 'entrepot', 8, '', 0, '', 0, '', 0),
(71, 0, 0, 1, 1, 'exploitation_agricole_forestiere', 7, '', 0, '', 0, '', 0),
(72, 0, 0, 1, 1, 'cinaspic', 9, '', 0, '', 0, '', 0),
(73, 0, 0, 1, 1, '', 0, '', 0, '', 0, '', 0),
(74, 0, 0, 1, 1, '', 0, '', 0, '', 0, '', 0),
(75, 0, 0, 1, 1, '', 0, '', 0, '', 0, '', 0),
(76, 0, 0, 1, 1, '', 0, '', 0, '', 0, '', 0),
(77, 0, 0, 1, 1, '', 0, '', 0, '', 0, 'B(78)', 0),
(78, 0, 0, 1, 1, '', 0, '', 0, '', 0, 'B(79)', 0),
(79, 0, 0, 1, 1, '', 0, '', 0, '', 0, 'B(79)', 0),
(8, 0, 0, 0, 1, '', 0, '', 0, '', 0, 'B(55)', 0),
(80, 0, 0, 1, 1, '', 0, '', 0, '', 0, 'B(79)', 0),
(81, 0, 0, 1, 1, '', 0, '', 0, '', 0, 'B(79)', 0),
(82, 0, 0, 1, 1, '', 0, '', 0, '', 0, 'B(79)', 0),
(83, 0, 0, 1, 1, '', 0, '', 0, '', 0, 'B(79)', 0),
(84, 0, 0, 1, 1, '', 0, '', 0, '', 0, 'B(79)', 0),
(85, 0, 0, 1, 1, '', 0, '', 0, '', 0, 'B(79)', 0),
(86, 0, 0, 1, 1, '', 0, '', 0, '', 0, 'B(79)', 0),
(87, 0, 0, 1, 1, '', 0, '', 0, '', 0, 'B(79)', 0),
(88, 0, 0, 1, 1, '', 0, '', 0, '', 0, 'B(81)', 0),
(89, 0, 0, 1, 1, '', 0, '', 0, '', 0, 'B(81)', 0),
(9, 0, 0, 0, 1, '', 0, '', 0, '', 0, 'B(56)', 0),
(90, 0, 0, 1, 1, '', 0, '', 0, '', 0, '', 0),
(91, 0, 0, 1, 1, '', 0, '', 0, '', 0, '', 0),
(92, 0, 0, 1, 1, '', 0, '', 0, '', 0, '', 0),
(93, 0, 0, 1, 1, '', 0, '', 0, '', 0, '', 0),
(94, 0, 0, 5, 1, '', 0, '', 0, '', 0, '', 0),
(95, 0, 0, 6, 1, '', 0, '', 0, '', 0, '', 0),
(96, 0, 0, 6, 1, '', 0, '', 0, '', 0, '', 0),
(97, 0, 0, 1, 1, '', 0, '', 0, '', 0, 'B(82)', 0),
(98, 0, 0, 1, 17, '', 0, '', 0, '', 0, 'B(83)', 0),
(99, 0, 0, 1, 1, '', 0, '', 0, '', 0, 'B(87)', 0);

-- --------------------------------------------------------

--
-- Structure de la table `REGLE_DEF`
--

CREATE TABLE `REGLE_DEF` (
  `id_regle` int(3) DEFAULT NULL,
  `objet_def` varchar(44) DEFAULT NULL,
  `id_objet_def` varchar(10) DEFAULT NULL,
  `option_def` int(1) DEFAULT NULL
) ENGINE=InnoDB DEFAULT CHARSET=utf8;

--
-- Déchargement des données de la table `REGLE_DEF`
--

INSERT INTO `REGLE_DEF` (`id_regle`, `objet_def`, `id_objet_def`, `option_def`) VALUES
(1, '', '', 0),
(10, '', '', 0),
(100, '', '', 0),
(101, '', '', 0),
(102, '', '', 0),
(103, '', '', 0),
(104, '', '', 0),
(105, '', '', 0),
(106, '', '', 0),
(107, '', '', 0),
(108, '', '', 0),
(109, 'marge_retrait_7', '', 1),
(11, '', '', 0),
(110, 'marge_retrait_7', '', 1),
(111, 'marge_retrait_7', '', 1),
(112, '', '', 0),
(113, 'marge_retrait_7', '', 1),
(113, 'hauteur_construction', '', 2),
(114, 'distance_limite_separative', '', 1),
(114, 'marge_retrait_7', '', 2),
(115, '', '', 0),
(116, '', '', 0),
(117, '', '', 0),
(118, '', '', 0),
(119, '', '', 0),
(12, '', '', 0),
(120, '', '', 0),
(121, 'distance_construction_meme_propriete', '', 1),
(122, 'distance_construction_meme_propriete', '', 1),
(123, 'distance_construction_meme_propriete', '', 1),
(124, 'distance_construction_meme_propriete', '', 1),
(126, '', '', 0),
(127, '', '', 0),
(128, '', '', 0),
(129, '', '', 0),
(13, '', '', 0),
(130, '', '', 0),
(131, '', '', 0),
(132, '', '', 0),
(133, '', '', 0),
(134, '', '', 0),
(135, '', '', 0),
(136, '', '', 0),
(137, '', '', 0),
(138, '', '', 0),
(139, '', '', 0),
(14, '', '', 0),
(140, '', '', 0),
(141, '', '', 0),
(142, '', '', 0),
(143, '', '', 0),
(144, '', '', 0),
(145, '', '', 0),
(146, '', '', 0),
(147, '', '', 0),
(148, '', '', 0),
(149, '', '', 0),
(15, '', '', 0),
(150, '', '', 0),
(151, '', '', 0),
(152, '', '', 0),
(153, '', '', 0),
(154, '', '', 0),
(155, 'retrait_installations_techniques_en_terrasse', '', 2),
(156, '', '', 0),
(157, '', '', 0),
(158, '', '', 0),
(159, '', '', 0),
(16, '', '', 0),
(160, '', '', 0),
(161, 'hauteur_construction', '', 1),
(162, '', '', 0),
(163, '', '', 0),
(164, '', '', 0),
(165, '', '', 0),
(166, '', '', 0),
(167, '', '', 0),
(168, '', '', 0),
(169, '', '', 0),
(17, '', '', 0),
(170, '', '', 0),
(171, '', '', 0),
(172, '', '', 0),
(173, '', '', 0),
(174, '', '', 0),
(175, '', '', 0),
(176, '', '', 0),
(177, '', '', 0),
(178, '', '', 0),
(179, '', '', 0),
(18, '', '', 0),
(180, '', '', 0),
(181, '', '', 0),
(182, '', '', 0),
(183, '', '', 0),
(184, '', '', 0),
(185, '', '', 0),
(186, '', '', 0),
(187, '', '', 0),
(188, '', '', 0),
(189, '', '', 0),
(19, '', '', 0),
(190, '', '', 0),
(191, '', '', 0),
(192, '', '', 0),
(193, 'etalon_hauteur_cloture', '', 1),
(194, '', '', 0),
(195, '', '', 0),
(196, '', '', 0),
(197, '', '', 0),
(198, '', '', 0),
(199, '', '', 0),
(2, '', '', 0),
(20, '', '', 0),
(200, '', '', 0),
(201, '', '', 0),
(202, 'etalon_hauteur_cloture', '', 2),
(203, '', '', 0),
(204, '', '', 0),
(205, '', '', 0),
(206, '', '', 0),
(207, '', '', 0),
(208, '', '', 0),
(209, '', '', 0),
(21, '', '', 0),
(210, '', '', 0),
(211, '', '', 0),
(212, '', '', 0),
(213, '', '', 0),
(214, '', '', 0),
(215, '', '', 0),
(216, '', '', 0),
(217, '', '', 0),
(218, '', '', 0),
(219, '', '', 0),
(22, '', '', 0),
(220, '', '', 0),
(221, '', '', 0),
(222, '', '', 0),
(223, '', '', 0),
(224, '', '', 0),
(225, '', '', 0),
(226, '', '', 0),
(227, '', '', 0),
(228, '', '', 0),
(229, '', '', 0),
(23, '', '', 0),
(230, '', '', 0),
(231, '', '', 0),
(232, '', '', 0),
(233, '', '', 0),
(234, '', '', 0),
(235, '', '', 0),
(236, '', '', 0),
(237, '', '', 0),
(238, '', '', 0),
(239, '', '', 0),
(24, '', '', 0),
(240, '', '', 0),
(241, '', '', 0),
(242, '', '', 0),
(243, '', '', 0),
(244, '', '', 0),
(245, '', '', 0),
(246, '', '', 0),
(247, '', '', 0),
(248, '', '', 0),
(249, '', '', 0),
(25, '', '', 0),
(250, '', '', 0),
(251, '', '', 0),
(252, '', '', 0),
(253, '', '', 0),
(254, '', '', 0),
(255, '', '', 0),
(256, '', '', 0),
(257, '', '', 0),
(258, '', '', 0),
(259, '', '', 0),
(26, '', '', 0),
(260, '', '', 0),
(261, '', '', 0),
(262, '', '', 0),
(263, '', '', 0),
(264, '', '', 0),
(265, '', '', 0),
(266, '', '', 0),
(267, '', '', 0),
(268, '', '', 0),
(269, '', '', 0),
(27, '', '', 0),
(270, '', '', 0),
(271, '', '', 0),
(272, '', '', 0),
(273, '', '', 0),
(274, '', '', 0),
(275, '', '', 0),
(276, '', '', 0),
(277, '', '', 0),
(278, '', '', 0),
(279, '', '', 0),
(28, '', '', 0),
(280, '', '', 0),
(281, '', '', 0),
(282, '', '', 0),
(283, '', '', 0),
(284, '', '', 0),
(285, '', '', 0),
(286, '', '', 0),
(287, '', '', 0),
(288, '', '', 0),
(289, '', '', 0),
(29, '', '', 0),
(290, '', '', 0),
(291, '', '', 0),
(292, '', '', 0),
(293, '', '', 0),
(294, '', '', 0),
(295, '', '', 0),
(296, '', '', 0),
(297, '', '', 0),
(298, '', '', 0),
(299, '', '', 0),
(3, '', '', 0),
(30, '', '', 0),
(300, '', '', 0),
(301, '', '', 0),
(302, '', '', 0),
(303, '', '', 0),
(304, '', '', 0),
(305, '', '', 0),
(306, '', '', 0),
(307, '', '', 0),
(308, '', '', 0),
(309, '', '', 0),
(31, '', '', 0),
(310, '', '', 0),
(311, '', '', 0),
(312, '', '', 0),
(313, '', '', 0),
(314, '', '', 0),
(315, '', '', 0),
(316, '', '', 0),
(317, '', '', 0),
(318, '', '', 0),
(319, '', '', 0),
(32, '', '', 0),
(320, '', '', 0),
(321, '', '', 0),
(322, '', '', 0),
(323, '', '', 0),
(324, '', '', 0),
(325, '', '', 0),
(326, '', '', 0),
(327, '', '', 0),
(328, '', '', 0),
(329, '', '', 0),
(33, '', '', 0),
(330, '', '', 0),
(331, '', '', 0),
(332, '', '', 0),
(333, '', '', 0),
(334, '', '', 0),
(335, '', '', 0),
(336, '', '', 0),
(337, '', '', 0),
(338, '', '', 0),
(339, '', '', 0),
(34, '', '', 0),
(340, '', '', 0),
(341, '', '', 0),
(342, '', '', 0),
(343, '', '', 0),
(344, '', '', 0),
(345, '', '', 0),
(346, '', '', 0),
(347, '', '', 0),
(348, '', '', 0),
(349, '', '', 0),
(35, 'hauteur_construction', '', 1),
(350, '', '', 0),
(351, '', '', 0),
(352, '', '', 0),
(353, '', '', 0),
(354, '', '', 0),
(355, '', '', 0),
(356, '', '', 0),
(357, '', '', 0),
(358, '', '', 0),
(359, '', '', 0),
(36, '', '', 0),
(360, '', '', 0),
(361, '', '', 0),
(362, '', '', 0),
(363, '', '', 0),
(364, '', '', 0),
(365, '', '', 0),
(366, '', '', 0),
(367, '', '', 0),
(368, '', '', 0),
(369, '', '', 0),
(37, '', '', 0),
(370, '', '', 0),
(371, '', '', 0),
(372, '', '', 0),
(373, '', '', 0),
(374, '', '', 0),
(375, '', '', 0),
(376, '', '', 0),
(38, '', '', 0),
(39, '', '', 0),
(4, '', '', 0),
(40, '', '', 0),
(41, '', '', 0),
(42, '', '', 0),
(43, '', '', 0),
(44, '', '', 0),
(45, '', '', 0),
(46, '', '', 0),
(47, '', '', 0),
(48, '', '', 0),
(49, '', '', 0),
(5, '', '', 0),
(50, '', '', 0),
(51, '', '', 0),
(52, '', '', 0),
(53, '', '', 0),
(54, '', '', 0),
(55, '', '', 0),
(56, '', '', 0),
(57, '', '', 0),
(58, '', '', 0),
(59, '', '', 0),
(6, '', '', 0),
(60, '', '', 0),
(61, '', '', 0),
(62, '', '', 0),
(63, '', '', 0),
(64, '', '', 0),
(65, '', '', 0),
(66, '', '', 0),
(67, '', '', 0),
(68, '', '', 0),
(69, '', '', 0),
(7, '', '', 0),
(70, '', '', 0),
(71, '', '', 0),
(72, '', '', 0),
(73, '', '', 0),
(74, '', '', 0),
(75, '', '', 0),
(76, '', '', 0),
(77, '', '', 0),
(78, '', '', 0),
(79, '', '', 0),
(8, '', '', 0),
(80, '', '', 0),
(81, '', '', 0),
(82, '', '', 0),
(83, '', '', 0),
(84, '', '', 0),
(85, '', '', 0),
(86, '', '', 0),
(87, '', '', 0),
(88, '', '', 0),
(89, '', '', 0),
(9, '', '', 0),
(90, '', '', 0),
(91, '', '', 0),
(92, '', '', 0),
(93, '', '', 0),
(94, '', '', 0),
(95, '', '', 0),
(96, '', '', 0),
(97, '', '', 0),
(98, '', '', 0),
(99, '', '', 0);

-- --------------------------------------------------------

--
-- Structure de la table `REGLE_PACKAGE`
--

CREATE TABLE `REGLE_PACKAGE` (
  `id_regle` int(3) DEFAULT NULL,
  `id_package` int(2) DEFAULT NULL
) ENGINE=InnoDB DEFAULT CHARSET=utf8;

--
-- Déchargement des données de la table `REGLE_PACKAGE`
--

INSERT INTO `REGLE_PACKAGE` (`id_regle`, `id_package`) VALUES
(296, 27),
(296, 28),
(298, 27),
(298, 28),
(370, 29),
(39, 25),
(41, 25),
(47, 25),
(56, 25),
(57, 25),
(58, 25),
(59, 25),
(60, 25),
(61, 25),
(62, 25),
(63, 25),
(5, 2),
(77, 26),
(79, 26),
(82, 26);

-- --------------------------------------------------------

--
-- Structure de la table `REGLE_RUN`
--

CREATE TABLE `REGLE_RUN` (
  `id_regle` int(3) DEFAULT NULL,
  `run_true` int(1) DEFAULT NULL,
  `run_mb` int(1) DEFAULT NULL,
  `run_except` int(1) DEFAULT NULL,
  `run_alt` int(1) DEFAULT NULL
) ENGINE=InnoDB DEFAULT CHARSET=utf8;

--
-- Déchargement des données de la table `REGLE_RUN`
--

INSERT INTO `REGLE_RUN` (`id_regle`, `run_true`, `run_mb`, `run_except`, `run_alt`) VALUES
(1, 1, 0, 0, 0),
(10, 1, 0, 0, 0),
(100, 1, 0, 0, 0),
(101, 1, 0, 0, 0),
(102, 1, 0, 0, 0),
(103, 1, 0, 0, 0),
(104, 1, 0, 0, 0),
(105, 1, 0, 0, 0),
(106, 1, 0, 0, 0),
(107, 1, 0, 0, 0),
(108, 1, 0, 0, 0),
(109, 1, 0, 0, 0),
(11, 1, 0, 0, 0),
(110, 1, 0, 0, 0),
(111, 1, 0, 0, 0),
(112, 0, 0, 1, 0),
(113, 1, 0, 0, 0),
(114, 1, 0, 0, 0),
(115, 1, 0, 0, 0),
(116, 1, 0, 0, 0),
(117, 1, 0, 0, 0),
(118, 1, 0, 0, 0),
(119, 1, 0, 0, 0),
(12, 1, 0, 0, 0),
(120, 1, 0, 0, 0),
(121, 0, 0, 1, 0),
(122, 0, 0, 1, 0),
(123, 0, 0, 1, 0),
(124, 0, 0, 1, 0),
(126, 0, 0, 1, 0),
(127, 1, 0, 0, 0),
(128, 1, 0, 0, 0),
(129, 1, 0, 0, 0),
(13, 1, 0, 0, 0),
(130, 1, 0, 0, 0),
(131, 1, 0, 0, 0),
(132, 1, 0, 0, 0),
(133, 1, 0, 0, 0),
(134, 1, 0, 0, 0),
(135, 1, 0, 0, 0),
(136, 1, 0, 0, 0),
(137, 1, 0, 0, 0),
(138, 1, 0, 0, 0),
(139, 1, 0, 0, 0),
(14, 1, 0, 0, 0),
(140, 1, 0, 0, 0),
(141, 1, 0, 0, 0),
(142, 1, 0, 0, 0),
(143, 1, 0, 0, 0),
(144, 1, 0, 0, 0),
(145, 1, 0, 0, 0),
(146, 1, 0, 0, 0),
(147, 1, 0, 0, 0),
(148, 1, 0, 0, 0),
(149, 1, 0, 0, 0),
(15, 1, 0, 0, 0),
(150, 1, 0, 0, 0),
(151, 1, 0, 0, 0),
(152, 1, 0, 0, 0),
(153, 1, 0, 0, 0),
(154, 1, 0, 0, 0),
(155, 1, 0, 0, 0),
(156, 1, 0, 0, 0),
(157, 0, 1, 0, 0),
(158, 1, 0, 0, 0),
(159, 0, 1, 0, 0),
(16, 1, 0, 0, 0),
(160, 1, 0, 0, 0),
(161, 1, 0, 0, 0),
(162, 1, 0, 0, 0),
(163, 1, 0, 0, 0),
(164, 1, 0, 0, 0),
(165, 1, 0, 0, 0),
(166, 1, 0, 0, 0),
(167, 1, 0, 0, 0),
(168, 1, 0, 0, 0),
(169, 0, 1, 0, 0),
(17, 1, 0, 0, 0),
(170, 0, 1, 0, 0),
(171, 1, 0, 0, 0),
(172, 1, 0, 0, 0),
(173, 1, 0, 0, 0),
(174, 1, 0, 0, 0),
(175, 0, 0, 0, 1),
(176, 0, 0, 0, 1),
(177, 0, 0, 0, 1),
(178, 1, 0, 0, 0),
(179, 1, 0, 0, 0),
(18, 1, 0, 0, 0),
(180, 1, 0, 0, 0),
(181, 1, 0, 0, 0),
(182, 1, 0, 0, 0),
(183, 1, 0, 0, 0),
(184, 1, 0, 0, 0),
(185, 1, 0, 0, 0),
(186, 1, 0, 0, 0),
(187, 1, 0, 0, 0),
(188, 1, 0, 0, 0),
(189, 1, 0, 0, 0),
(19, 1, 0, 0, 0),
(190, 1, 0, 0, 0),
(191, 0, 0, 1, 0),
(192, 0, 0, 1, 0),
(193, 0, 0, 1, 0),
(194, 0, 0, 1, 0),
(195, 0, 0, 1, 0),
(196, 0, 0, 1, 0),
(197, 0, 0, 1, 0),
(198, 0, 0, 1, 0),
(199, 0, 0, 1, 0),
(2, 1, 0, 0, 0),
(20, 1, 0, 0, 0),
(200, 0, 0, 1, 0),
(201, 0, 0, 1, 0),
(202, 0, 0, 1, 0),
(203, 1, 0, 0, 0),
(204, 1, 0, 0, 0),
(205, 1, 0, 0, 0),
(206, 0, 0, 0, 1),
(207, 0, 0, 0, 1),
(208, 0, 0, 0, 1),
(209, 0, 0, 0, 1),
(21, 1, 0, 0, 0),
(210, 0, 0, 0, 1),
(211, 0, 0, 0, 1),
(212, 0, 0, 0, 1),
(213, 0, 0, 0, 1),
(214, 0, 0, 0, 1),
(215, 0, 0, 0, 1),
(216, 0, 0, 0, 1),
(217, 0, 0, 0, 1),
(218, 0, 0, 0, 1),
(219, 0, 0, 0, 1),
(22, 1, 0, 0, 0),
(220, 0, 0, 0, 1),
(221, 0, 0, 0, 1),
(222, 0, 0, 0, 1),
(223, 0, 0, 0, 1),
(224, 1, 0, 0, 0),
(225, 1, 0, 0, 0),
(226, 1, 0, 0, 0),
(227, 1, 0, 0, 0),
(228, 1, 0, 0, 0),
(229, 1, 0, 0, 0),
(23, 1, 0, 0, 0),
(230, 1, 0, 0, 0),
(231, 1, 0, 0, 0),
(232, 1, 0, 0, 0),
(233, 1, 0, 0, 0),
(234, 1, 0, 0, 0),
(235, 1, 0, 0, 0),
(236, 1, 0, 0, 0),
(237, 1, 0, 0, 0),
(238, 1, 0, 0, 0),
(239, 1, 0, 0, 0),
(24, 1, 0, 0, 0),
(240, 1, 0, 0, 0),
(241, 1, 0, 0, 0),
(242, 1, 0, 0, 0),
(243, 1, 0, 0, 0),
(244, 1, 0, 0, 0),
(245, 1, 0, 0, 0),
(246, 1, 0, 0, 0),
(247, 1, 0, 0, 0),
(248, 1, 0, 0, 0),
(249, 1, 0, 0, 0),
(25, 1, 0, 0, 0),
(250, 1, 0, 0, 0),
(251, 1, 0, 0, 0),
(252, 1, 0, 0, 0),
(253, 1, 0, 0, 0),
(254, 1, 0, 0, 0),
(255, 1, 0, 0, 0),
(256, 1, 0, 0, 0),
(257, 1, 0, 0, 0),
(258, 1, 0, 0, 0),
(259, 1, 0, 0, 0),
(26, 1, 0, 0, 0),
(260, 1, 0, 0, 0),
(261, 1, 0, 0, 0),
(262, 1, 0, 0, 0),
(263, 1, 0, 0, 0),
(264, 1, 0, 0, 0),
(265, 1, 0, 0, 0),
(266, 1, 0, 0, 0),
(267, 1, 0, 0, 0),
(268, 1, 0, 0, 0),
(269, 1, 0, 0, 0),
(27, 1, 0, 0, 0),
(270, 1, 0, 0, 0),
(271, 1, 0, 0, 0),
(272, 1, 0, 0, 0),
(273, 1, 0, 0, 0),
(274, 1, 0, 0, 0),
(275, 1, 0, 0, 0),
(276, 1, 0, 0, 0),
(277, 1, 0, 0, 0),
(278, 1, 0, 0, 0),
(279, 1, 0, 0, 0),
(28, 1, 0, 0, 0),
(280, 1, 0, 0, 0),
(281, 1, 0, 0, 0),
(282, 1, 0, 0, 0),
(283, 1, 0, 0, 0),
(284, 1, 0, 0, 0),
(285, 1, 0, 0, 0),
(286, 1, 0, 0, 0),
(287, 1, 0, 0, 0),
(288, 1, 0, 0, 0),
(289, 1, 0, 0, 0),
(29, 1, 0, 0, 0),
(290, 1, 0, 0, 0),
(291, 1, 0, 0, 0),
(292, 1, 0, 0, 0),
(293, 1, 0, 0, 0),
(294, 1, 0, 0, 0),
(295, 1, 0, 0, 0),
(296, 1, 0, 0, 0),
(297, 1, 0, 0, 0),
(298, 1, 0, 0, 0),
(299, 1, 0, 0, 0),
(3, 1, 0, 0, 0),
(30, 1, 0, 0, 0),
(300, 1, 0, 0, 0),
(301, 1, 0, 0, 0),
(302, 1, 0, 0, 0),
(303, 1, 0, 0, 0),
(304, 1, 0, 0, 0),
(305, 1, 0, 0, 0),
(306, 1, 0, 0, 0),
(307, 1, 0, 0, 0),
(308, 1, 0, 0, 0),
(309, 1, 0, 0, 0),
(31, 1, 0, 0, 0),
(310, 1, 0, 0, 0),
(311, 1, 0, 0, 0),
(312, 1, 0, 0, 0),
(313, 1, 0, 0, 0),
(314, 1, 0, 0, 0),
(315, 1, 0, 0, 0),
(316, 1, 0, 0, 0),
(317, 1, 0, 0, 0),
(318, 1, 0, 0, 0),
(319, 1, 0, 0, 0),
(32, 1, 0, 0, 0),
(320, 1, 0, 0, 0),
(321, 1, 0, 0, 0),
(322, 1, 0, 0, 0),
(323, 1, 0, 0, 0),
(324, 1, 0, 0, 0),
(325, 1, 0, 0, 0),
(326, 1, 0, 0, 0),
(327, 1, 0, 0, 0),
(328, 1, 0, 0, 0),
(329, 1, 0, 0, 0),
(33, 1, 0, 0, 0),
(330, 1, 0, 0, 0),
(331, 1, 0, 0, 0),
(332, 1, 0, 0, 0),
(333, 1, 0, 0, 0),
(334, 1, 0, 0, 0),
(335, 1, 0, 0, 0),
(336, 1, 0, 0, 0),
(337, 1, 0, 0, 0),
(338, 1, 0, 0, 0),
(339, 1, 0, 0, 0),
(34, 1, 0, 0, 0),
(340, 1, 0, 0, 0),
(341, 1, 0, 0, 0),
(342, 1, 0, 0, 0),
(343, 1, 0, 0, 0),
(344, 1, 0, 0, 0),
(345, 1, 0, 0, 0),
(346, 1, 0, 0, 0),
(347, 1, 0, 0, 0),
(348, 1, 0, 0, 0),
(349, 1, 0, 0, 0),
(35, 1, 0, 0, 0),
(350, 1, 0, 0, 0),
(351, 1, 0, 0, 0),
(352, 1, 0, 0, 0),
(353, 1, 0, 0, 0),
(354, 1, 0, 0, 0),
(355, 1, 0, 0, 0),
(356, 1, 0, 0, 0),
(357, 1, 0, 0, 0),
(358, 1, 0, 0, 0),
(359, 1, 0, 0, 0),
(36, 0, 0, 0, 1),
(360, 1, 0, 0, 0),
(361, 1, 0, 0, 0),
(362, 1, 0, 0, 0),
(363, 1, 0, 0, 0),
(364, 1, 0, 0, 0),
(365, 1, 0, 0, 0),
(366, 1, 0, 0, 0),
(367, 1, 0, 0, 0),
(368, 1, 0, 0, 0),
(369, 1, 0, 0, 0),
(37, 0, 0, 0, 1),
(370, 1, 0, 0, 0),
(371, 1, 0, 0, 0),
(372, 1, 0, 0, 0),
(373, 1, 0, 0, 0),
(374, 1, 0, 0, 0),
(375, 1, 0, 0, 0),
(376, 1, 0, 0, 0),
(38, 1, 0, 0, 0),
(39, 1, 0, 0, 0),
(4, 1, 0, 0, 0),
(40, 1, 0, 0, 0),
(41, 1, 0, 0, 0),
(42, 1, 0, 0, 0),
(43, 1, 0, 0, 0),
(44, 1, 0, 0, 0),
(45, 1, 0, 0, 0),
(46, 1, 0, 0, 0),
(47, 1, 0, 0, 0),
(48, 1, 0, 0, 0),
(49, 1, 0, 0, 0),
(5, 1, 0, 0, 0),
(50, 1, 0, 0, 0),
(51, 1, 0, 0, 0),
(52, 1, 0, 0, 0),
(53, 1, 0, 0, 0),
(54, 1, 0, 0, 0),
(55, 1, 0, 0, 0),
(56, 1, 0, 0, 0),
(57, 1, 0, 0, 0),
(58, 1, 0, 0, 0),
(59, 1, 0, 0, 0),
(6, 1, 0, 0, 0),
(60, 1, 0, 0, 0),
(61, 1, 0, 0, 0),
(62, 1, 0, 0, 0),
(63, 1, 0, 0, 0),
(64, 1, 0, 0, 0),
(65, 1, 0, 0, 0),
(66, 1, 0, 0, 0),
(67, 1, 0, 0, 0),
(68, 1, 0, 0, 0),
(69, 1, 0, 0, 0),
(7, 1, 0, 0, 0),
(70, 1, 0, 0, 0),
(71, 1, 0, 0, 0),
(72, 1, 0, 0, 0),
(73, 1, 0, 0, 0),
(74, 1, 0, 0, 0),
(75, 1, 0, 0, 0),
(76, 1, 0, 0, 0),
(77, 1, 0, 0, 0),
(78, 1, 0, 0, 0),
(79, 1, 0, 0, 0),
(8, 1, 0, 0, 0),
(80, 1, 0, 0, 0),
(81, 0, 1, 0, 0),
(82, 1, 0, 0, 0),
(83, 0, 0, 0, 1),
(84, 0, 0, 0, 1),
(85, 0, 0, 0, 1),
(86, 0, 0, 0, 1),
(87, 0, 1, 0, 0),
(88, 0, 0, 0, 1),
(89, 0, 0, 0, 1),
(9, 1, 0, 0, 0),
(90, 1, 0, 0, 0),
(91, 1, 0, 0, 0),
(92, 1, 0, 0, 0),
(93, 1, 0, 0, 0),
(94, 1, 0, 0, 0),
(95, 1, 0, 0, 0),
(96, 1, 0, 0, 0),
(97, 1, 0, 0, 0),
(98, 1, 0, 0, 0),
(99, 1, 0, 0, 0);

-- --------------------------------------------------------

--
-- Structure de la table `REGLE_TEXTE`
--

CREATE TABLE `REGLE_TEXTE` (
  `id_regle` int(3) DEFAULT NULL,
  `id_txt` int(3) DEFAULT NULL
) ENGINE=InnoDB DEFAULT CHARSET=utf8;

--
-- Déchargement des données de la table `REGLE_TEXTE`
--

INSERT INTO `REGLE_TEXTE` (`id_regle`, `id_txt`) VALUES
(1, 3),
(10, 25),
(100, 54),
(101, 54),
(102, 54),
(103, 56),
(104, 56),
(105, 56),
(106, 57),
(107, 57),
(108, 57),
(109, 57),
(11, 27),
(110, 58),
(111, 58),
(112, 58),
(113, 59),
(114, 59),
(115, 61),
(116, 61),
(117, 62),
(118, 63),
(119, 63),
(12, 27),
(120, 63),
(121, 65),
(122, 65),
(123, 66),
(124, 66),
(126, 68),
(127, 71),
(128, 71),
(129, 71),
(13, 27),
(130, 71),
(131, 71),
(132, 71),
(133, 71),
(134, 71),
(135, 71),
(136, 71),
(137, 71),
(138, 71),
(139, 71),
(14, 27),
(140, 71),
(141, 71),
(142, 71),
(143, 72),
(144, 72),
(145, 72),
(146, 72),
(147, 72),
(148, 72),
(149, 72),
(15, 27),
(150, 72),
(151, 72),
(152, 72),
(153, 73),
(154, 73),
(155, 74),
(156, 74),
(157, 75),
(158, 75),
(159, 75),
(16, 27),
(160, 75),
(161, 77),
(162, 78),
(163, 78),
(164, 78),
(165, 79),
(166, 80),
(167, 80),
(168, 80),
(169, 80),
(17, 27),
(170, 80),
(171, 81),
(172, 81),
(173, 81),
(174, 81),
(175, 81),
(176, 81),
(177, 81),
(178, 82),
(179, 82),
(18, 27),
(180, 82),
(181, 82),
(182, 82),
(183, 82),
(184, 82),
(185, 83),
(186, 84),
(187, 85),
(188, 86),
(189, 87),
(19, 28),
(190, 88),
(191, 89),
(192, 90),
(193, 91),
(194, 91),
(195, 91),
(196, 92),
(197, 92),
(198, 92),
(199, 92),
(2, 3),
(20, 28),
(200, 92),
(201, 92),
(202, 94),
(203, 96),
(203, 97),
(203, 98),
(203, 99),
(203, 100),
(204, 101),
(204, 102),
(204, 103),
(205, 104),
(206, 105),
(207, 105),
(208, 105),
(209, 105),
(21, 28),
(210, 105),
(211, 105),
(212, 105),
(213, 105),
(214, 105),
(215, 105),
(216, 105),
(217, 105),
(218, 105),
(219, 105),
(22, 28),
(220, 105),
(221, 105),
(222, 105),
(223, 105),
(224, 107),
(225, 108),
(226, 108),
(227, 109),
(227, 110),
(228, 109),
(228, 110),
(229, 109),
(229, 110),
(23, 28),
(230, 109),
(230, 110),
(231, 109),
(231, 110),
(232, 109),
(232, 111),
(233, 109),
(233, 111),
(234, 109),
(234, 112),
(235, 109),
(235, 113),
(236, 109),
(236, 114),
(237, 115),
(238, 115),
(239, 115),
(24, 28),
(240, 115),
(241, 115),
(242, 115),
(243, 115),
(244, 115),
(245, 116),
(246, 116),
(247, 116),
(248, 116),
(249, 116),
(25, 28),
(250, 116),
(251, 116),
(252, 116),
(253, 116),
(254, 116),
(255, 116),
(256, 116),
(257, 116),
(258, 116),
(259, 116),
(26, 28),
(260, 116),
(261, 117),
(262, 117),
(263, 117),
(264, 117),
(265, 117),
(266, 117),
(267, 117),
(268, 117),
(269, 117),
(27, 28),
(270, 117),
(271, 117),
(272, 117),
(273, 117),
(274, 117),
(275, 117),
(276, 117),
(277, 117),
(278, 118),
(279, 118),
(28, 28),
(280, 118),
(281, 118),
(282, 119),
(283, 119),
(284, 119),
(285, 119),
(286, 119),
(287, 119),
(288, 119),
(289, 119),
(29, 28),
(290, 119),
(291, 119),
(292, 119),
(293, 119),
(294, 119),
(295, 119),
(296, 120),
(296, 121),
(297, 120),
(297, 121),
(298, 120),
(298, 121),
(299, 120),
(299, 121),
(3, 4),
(30, 28),
(300, 122),
(301, 122),
(302, 122),
(303, 123),
(304, 124),
(304, 125),
(305, 124),
(305, 125),
(306, 126),
(307, 126),
(308, 126),
(309, 126),
(31, 28),
(310, 126),
(311, 126),
(312, 126),
(313, 126),
(314, 126),
(315, 126),
(316, 126),
(317, 126),
(318, 126),
(319, 126),
(32, 28),
(320, 126),
(321, 126),
(322, 126),
(323, 126),
(324, 126),
(325, 126),
(326, 126),
(327, 126),
(328, 126),
(329, 126),
(33, 28),
(330, 126),
(331, 126),
(332, 126),
(333, 126),
(334, 126),
(335, 126),
(336, 126),
(337, 126),
(338, 126),
(339, 126),
(34, 29),
(340, 126),
(341, 126),
(342, 126),
(343, 126),
(344, 126),
(345, 126),
(346, 126),
(347, 126),
(348, 126),
(349, 126),
(35, 29),
(350, 126),
(351, 126),
(352, 126),
(353, 126),
(354, 126),
(355, 126),
(356, 126),
(357, 126),
(358, 126),
(359, 126),
(36, 30),
(360, 127),
(360, 128),
(361, 129),
(362, 130),
(363, 130),
(364, 131),
(365, 131),
(366, 132),
(367, 133),
(368, 134),
(369, 135),
(37, 30),
(370, 136),
(371, 138),
(372, 139),
(373, 140),
(374, 141),
(375, 141),
(376, 141),
(38, 31),
(39, 32),
(4, 4),
(40, 34),
(41, 34),
(42, 35),
(43, 35),
(44, 36),
(45, 37),
(46, 38),
(47, 38),
(48, 38),
(49, 38),
(5, 5),
(50, 38),
(51, 38),
(52, 38),
(53, 38),
(54, 38),
(55, 38),
(56, 38),
(57, 38),
(58, 38),
(59, 38),
(6, 6),
(60, 38),
(61, 38),
(62, 38),
(63, 38),
(64, 38),
(65, 38),
(66, 38),
(67, 38),
(68, 38),
(69, 38),
(7, 6),
(70, 38),
(71, 38),
(72, 38),
(73, 39),
(74, 39),
(75, 39),
(76, 40),
(77, 40),
(78, 41),
(79, 42),
(8, 6),
(80, 43),
(81, 44),
(82, 44),
(83, 45),
(84, 45),
(85, 45),
(86, 45),
(87, 46),
(88, 47),
(89, 47),
(9, 6),
(90, 48),
(91, 50),
(92, 50),
(93, 50),
(94, 51),
(95, 51),
(96, 52),
(97, 53),
(98, 53),
(99, 53);

-- --------------------------------------------------------

--
-- Structure de la table `VARIABLE_BOOLEEN`
--

CREATE TABLE `VARIABLE_BOOLEEN` (
  `id_booleen` int(2) DEFAULT NULL,
  `lettre` varchar(1) DEFAULT NULL,
  `variable_bool` varchar(47) DEFAULT NULL,
  `id_variable_bool` int(3) DEFAULT NULL
) ENGINE=InnoDB DEFAULT CHARSET=utf8;

--
-- Déchargement des données de la table `VARIABLE_BOOLEEN`
--

INSERT INTO `VARIABLE_BOOLEEN` (`id_booleen`, `lettre`, `variable_bool`, `id_variable_bool`) VALUES
(1, 'X', 'taille_saillie_marge_retrait_6', 189),
(2, 'X', 'hauteur_saillie_marge_retrait_6', 190),
(3, 'X', 'date_construction', 147),
(3, 'Y', 'date_approbation_PLU', 299),
(4, 'B', 'implantation_retrait_7_avec_vue', 197),
(5, 'B', 'implantation_retrait_7_sans_vue', 196),
(6, 'X', 'hauteur_installations_techniques_en_terrasse', 234),
(7, 'X', 'retrait_installations_techniques_en_terrasse', 235),
(7, 'Y', 'hauteur_installations_techniques_en_terrasse', 234),
(8, 'X', 'distance_desserte_transport_en_commun', 116),
(9, 'X', 'distance_desserte_transport_en_commun', 116),
(10, 'X', 'surface_plancher_construite', 142),
(11, 'X', 'construction_existante_regulierement_edifiee', 143),
(12, 'E', 'type_rampe_acces', 278),
(13, 'E', 'type_rampe_acces', 278),
(14, 'X', 'nombre_places_desservies_rampe_acces', 279),
(15, 'X', 'nombre_places_desservies_rampe_acces', 279),
(16, 'X', 'taux_logement_locatifs_sociaux', 158),
(17, 'X', 'nombre_voie_acces_terrain', 105),
(18, 'X', 'nombre_logement_desservi', 109),
(19, 'B', 'voie_acces_terrain_en_impasse', 108),
(20, 'X', 'largeur_voie_publique_pour_saillie_alignement_6', 185),
(21, 'X', 'taille_saillie_alignement_6', 186),
(22, 'X', 'hauteur_saillie_alignement_6', 187),
(23, 'X', 'nombre_personnes_recues', 159),
(24, 'B', 'saillie_marge_retrait_6', 188),
(25, 'B', 'isolation_dans_marge_retrait_6', 191),
(26, 'B', 'acces_batiment_dans_marge_retrait_6', 164),
(27, 'B', 'facade_sur_rue', 251),
(28, 'B', 'isolation_dans_marge_retrait_7', 199),
(29, 'B', 'piscine_est_couverte', 201),
(30, 'B', 'piscine_necessite_permis_construire', 203),
(31, 'B', 'facade_sur_rue', 251),
(32, 'E', 'type_toiture', 218),
(33, 'B', 'indispensable_construction_utilisation', 131),
(34, 'B', 'implantation_alignement_6', 173),
(35, 'B', 'installations_techniques_en_terrasse', 233),
(36, 'B', 'installations_techniques', 232),
(37, 'B', 'necessite_autorisation', 132),
(38, 'B', 'est_annexe', 144),
(39, 'B', 'cheminee', 236),
(40, 'B', 'toiture_vegetalisee', 237),
(41, 'B', 'systeme_production_energie_renouvelable', 238),
(42, 'B', 'cloture', 119),
(43, 'B', 'volet_roulant', 245),
(44, 'B', 'commerce_sur_plusieurs_immeubles_contigus', 253),
(45, 'B', '', 0),
(46, 'B', 'descente_eaux_pluviales', 240),
(47, 'B', 'rampe_parking', 247),
(48, 'B', 'edicule_gaine_technique', 241),
(49, 'B', 'conduit_cheminee', 242),
(50, 'B', 'devoiement_conduit_cheminee', 243),
(51, 'B', 'antenne', 244),
(52, 'B', 'panneau_solaire', 239),
(53, 'B', 'cloture_sur_rue', 121),
(54, 'B', 'mur_soutenement_sur_rue', 118),
(55, 'B', 'portail', 124),
(56, 'B', 'portillon', 126),
(57, 'B', 'pillier', 128),
(58, 'B', 'rez_chaussee', 297),
(59, 'B', 'cloture_sur_autre_limite_separative', 122),
(60, 'B', 'place_stationnement_commandee', 259),
(61, 'B', 'pret_etat', 296),
(62, 'X', 'surface_plancher', 135),
(63, 'X', 'surface_plancher', 135),
(64, 'X', 'surface_plancher_construite', 142),
(65, 'X', 'nombre_logement_cree', 157),
(66, 'X', 'nombre_logement', 150),
(67, 'X', 'surface_plancher', 135),
(68, 'B', 'emplacement_stationnement', 269),
(69, 'B', 'rampe_acces_sous_sol', 273),
(70, 'X', 'nombre_logement', 150),
(71, 'X', 'surface_plancher', 135),
(72, 'X', 'hauteur_construction', 138),
(73, 'X', 'emprise_au_sol', 136),
(74, 'B', 'espace_vegetalise_sur_dalle', 285),
(75, 'B', 'voie_acces_terrain', 106),
(76, 'B', 'acces_terrain', 110),
(77, 'B', 'acces_terrain_sous_porche', 111),
(78, 'B', 'raccordement_reseau_eau_potable', 166),
(79, 'B', 'raccordement_reseau_assainissement', 167),
(80, 'X', 'nombre_logement_desservi', 109),
(81, 'B', 'raccordement_reseau_electricite', 170),
(82, 'B', 'saillie_alignement_6', 184),
(83, 'B', 'isolation_en_saillie_alignement_6', 192),
(84, 'X', 'nombre_logement', 150),
(85, 'B', 'aire_stationnement', 266),
(86, 'X', 'nombre_emplacement', 267),
(87, 'B', 'acces_batiment', 163);

-- --------------------------------------------------------

--
-- Structure de la table `VARIABLE_FORMULE`
--

CREATE TABLE `VARIABLE_FORMULE` (
  `id_regle` int(3) DEFAULT NULL,
  `lettre` varchar(1) DEFAULT NULL,
  `variable` varchar(37) DEFAULT NULL,
  `id_variable` int(3) DEFAULT NULL
) ENGINE=InnoDB DEFAULT CHARSET=utf8;

--
-- Déchargement des données de la table `VARIABLE_FORMULE`
--

INSERT INTO `VARIABLE_FORMULE` (`id_regle`, `lettre`, `variable`, `id_variable`) VALUES
(113, 'X', 'hauteur_construction', 138),
(114, 'X', 'hauteur_construction', 138),
(121, 'X', 'hauteur_construction_max_vis_a_vis', 141),
(122, 'X', 'hauteur_construction_max_vis_a_vis', 141),
(126, 'X', 'superficie_terrain', 103),
(154, 'X', 'heberge_voisine_plus_haute', 231),
(225, 'X', 'surface_plancher', 135),
(226, 'X', 'surface_plancher', 135),
(227, 'X', 'surface_plancher', 135),
(228, 'X', 'nombre_logement', 150),
(229, 'X', 'nombre_logement', 150),
(230, 'X', 'nombre_logement', 150),
(231, 'X', 'nombre_logement', 150),
(232, 'X', 'surface_plancher', 135),
(235, 'X', 'nombre_chambre', 160),
(237, 'X', 'nombre_place_stationnement_construite', 260),
(239, 'X', 'nombre_place_stationnement_construite', 260),
(241, 'X', 'nombre_place_stationnement_construite', 260),
(243, 'X', 'nombre_place_stationnement_construite', 260),
(245, 'X', 'surface_plancher', 135),
(246, 'X', 'surface_plancher', 135),
(247, 'X', 'surface_plancher', 135),
(248, 'X', 'nombre_logement', 150),
(249, 'X', 'nombre_logement', 150),
(250, 'X', 'nombre_logement', 150),
(251, 'X', 'nombre_logement', 150),
(252, 'X', 'surface_plancher', 135),
(255, 'X', 'nombre_chambre', 160),
(256, 'X', 'surface_plancher', 135),
(257, 'X', 'nombre_logement', 150),
(258, 'X', 'nombre_logement', 150),
(259, 'X', 'nombre_logement', 150),
(260, 'X', 'nombre_logement', 150),
(270, 'X', 'nombre_place_stationnement_detruite', 261),
(271, 'X', 'nombre_place_stationnement_detruite', 261),
(272, 'X', 'nombre_place_stationnement_detruite', 261),
(273, 'X', 'nombre_place_stationnement_detruite', 261),
(274, 'X', 'nombre_place_stationnement_detruite', 261),
(275, 'X', 'nombre_place_stationnement_detruite', 261),
(276, 'X', 'nombre_place_stationnement_detruite', 261),
(277, 'X', 'nombre_place_stationnement_detruite', 261),
(282, 'X', 'nombre_logement_1_piece', 151),
(282, 'Y', 'nombre_logement_2_piece', 152),
(282, 'Z', 'nombre_logement', 150),
(283, 'X', 'surface_plancher', 135),
(286, 'X', 'nombre_employe', 161),
(288, 'X', 'nombre_employe', 161),
(290, 'X', 'nombre_employe', 161),
(291, 'X', 'nombre_employe', 161),
(294, 'X', 'nombre_eleve', 162),
(295, 'X', 'nombre_eleve', 162),
(342, 'X', 'rayon_interieur_rampe_acces', 281),
(343, 'X', 'rayon_interieur_rampe_acces', 281),
(344, 'X', 'rayon_interieur_rampe_acces', 281),
(345, 'X', 'rayon_interieur_rampe_acces', 281),
(346, 'X', 'rayon_interieur_rampe_acces', 281),
(347, 'X', 'rayon_interieur_rampe_acces', 281),
(348, 'X', 'rayon_interieur_rampe_acces', 281),
(349, 'X', 'rayon_interieur_rampe_acces', 281),
(350, 'X', 'rayon_interieur_rampe_acces', 281),
(351, 'X', 'rayon_interieur_rampe_acces', 281),
(352, 'X', 'rayon_interieur_rampe_acces', 281),
(353, 'X', 'rayon_interieur_rampe_acces', 281),
(354, 'X', 'rayon_interieur_rampe_acces', 281),
(355, 'X', 'rayon_interieur_rampe_acces', 281),
(356, 'X', 'rayon_interieur_rampe_acces', 281),
(357, 'X', 'rayon_interieur_rampe_acces', 281),
(358, 'X', 'rayon_interieur_rampe_acces', 281),
(359, 'X', 'rayon_interieur_rampe_acces', 281),
(365, 'X', 'surface_espace_libre', 287),
(261, 'X', 'surface_plancher_construite', 142),
(261, 'Y', 'surface_plancher_construite', 142),
(262, 'X', 'surface_plancher_construite', 142),
(262, 'Y', 'surface_plancher', 135),
(263, 'X', 'surface_plancher_construite', 142),
(263, 'Y', 'surface_plancher', 135),
(264, 'X', 'surface_plancher_construite', 142),
(265, 'X', 'surface_plancher_construite', 142),
(266, 'X', 'surface_plancher_construite', 142),
(267, 'X', 'surface_plancher_construite', 142),
(268, 'X', 'surface_plancher_construite', 142),
(269, 'X', 'surface_plancher_construite', 142),
(269, 'Y', 'nombre_chambre', 160);
COMMIT;

/*!40101 SET CHARACTER_SET_CLIENT=@OLD_CHARACTER_SET_CLIENT */;
/*!40101 SET CHARACTER_SET_RESULTS=@OLD_CHARACTER_SET_RESULTS */;
/*!40101 SET COLLATION_CONNECTION=@OLD_COLLATION_CONNECTION */;
