-- phpMyAdmin SQL Dump
-- version 4.7.3
-- https://www.phpmyadmin.net/
--
-- Hôte : aloadecotp47.mysql.db
-- Généré le :  sam. 11 août 2018 à 21:39
-- Version du serveur :  5.6.39-log
-- Version de PHP :  5.6.36

SET SQL_MODE = "NO_AUTO_VALUE_ON_ZERO";
SET AUTOCOMMIT = 0;
START TRANSACTION;
SET time_zone = "+00:00";


/*!40101 SET @OLD_CHARACTER_SET_CLIENT=@@CHARACTER_SET_CLIENT */;
/*!40101 SET @OLD_CHARACTER_SET_RESULTS=@@CHARACTER_SET_RESULTS */;
/*!40101 SET @OLD_COLLATION_CONNECTION=@@COLLATION_CONNECTION */;
/*!40101 SET NAMES utf8mb4 */;

--
-- Base de données :  `aloadecotp47`
--

-- --------------------------------------------------------

--
-- Structure de la table `DESTINATION_2`
--

CREATE TABLE `Destination2` (
  `id_destination` int(2) PRIMARY KEY,
  `id_parent_destination` int(2) DEFAULT NULL,
  `nom_destination` varchar(33) DEFAULT NULL
) ENGINE=InnoDB DEFAULT CHARSET=utf8;

--
-- Déchargement des données de la table `DESTINATION_2`
--

INSERT INTO `Destination2` (`id_destination`, `id_parent_destination`, `nom_destination`) VALUES
(1, 0, 'habitation\r'),
(2, 0, 'hebergement_hotelier\r'),
(3, 0, 'bureau\r'),
(4, 0, 'commerce\r'),
(5, 0, 'artisanat\r'),
(6, 0, 'industrie\r'),
(7, 0, 'exploitation_agricole_forestiere\r'),
(8, 0, 'entrepot\r'),
(9, 0, 'cinaspic\r'),
(10, 9, 'ecole\r'),
(11, 9, 'cinaspic_sncf\r'),
(12, 9, 'cinaspic_grand_paris');

-- --------------------------------------------------------

--
-- Structure de la table `DESTINATION_3`
--

CREATE TABLE `Destination3` (
  `id_destination` int(2) PRIMARY KEY,
  `id_parent_destination` int(3) DEFAULT NULL,
  `nom_destination` varchar(251) DEFAULT NULL
) ENGINE=InnoDB DEFAULT CHARSET=utf8;

--
-- Déchargement des données de la table `DESTINATION_3`
--

INSERT INTO `Destination3` (`id_destination`, `id_parent_destination`, `nom_destination`) VALUES
(1, 0, 'exploitation_agricole_forestiere\r'),
(2, 0, 'habitation\r'),
(3, 0, 'commerce_et_activite_service\r'),
(4, 0, 'equipement_interet_collectif_et_services_publics\r'),
(5, 0, 'autre_activite_secteur_secondaire_tertiaire\r'),
(6, 1, 'exploitation_agricole\r'),
(7, 1, 'exploitation_forestiere\r'),
(8, 2, 'logement\r'),
(9, 2, 'hebergement\r'),
(10, 3, 'artisanat_et_commerce_detail\r'),
(11, 3, 'restauration\r'),
(12, 3, 'commerce_gros\r'),
(13, 3, 'activite_service_accueil_clientele\r'),
(14, 3, 'hebergement_hotelier_touristique\r'),
(15, 3, 'cinema\r'),
(16, 4, 'locaux et bureaux accueillant du public des administrations publiques et assimilés\r'),
(17, 4, 'locaux techniques et industriels des administrations publiques et assimilés\r'),
(18, 4, 'établissements d\'enseignement, de santé et d\'action sociale\r'),
(19,4,'salles d\'art et de spectables\r'),
(20,4,'équipements sportifs\r'),
(21,4,'autres équipements recevant du public\r'),
(22,5,'industrie\r'),
(23,5,'entrepôt\r'),
(24,5,'bureau\r'),
(25,5,'centre de congrès et d\'exposition');

-- --------------------------------------------------------

--
-- Structure de la table `LOI`
--

CREATE TABLE `Loi` (
  `id_loi` int(2) PRIMARY KEY,
  `reference_article` varchar(39) DEFAULT NULL,
  `branche` varchar(19) DEFAULT NULL,
  `sujet_loi` varchar(109) DEFAULT NULL,
  `lien` varchar(113) DEFAULT NULL
) ENGINE=InnoDB DEFAULT CHARSET=utf8;

--
-- Déchargement des données de la table `LOI`
--

INSERT INTO `Loi` (`id_loi`, `reference_article`, `branche`, `sujet_loi`, `lien`) VALUES
(1, '4 août 2006', 'Arrêté ministériel', 'Transport de gaz', 'https://www.legifrance.gouv.fr\r'),
(2, '(modifié) n°2011-1241 du 5 octobre 2011', 'Décret', 'Procédure DT/DICT', 'https://www.legifrance.gouv.fr\r'),
(3, 'L.123-1-5 IV 1°', 'Code de l\'urbanisme', 'Sentes et itinéraires', 'https://www.legifrance.gouv.fr\r'),
(4, 'R. 111-2', 'Code de l\'urbanisme', '', 'https://www.legifrance.gouv.fr\r'),
(5, 'R. 111-4', 'Code de l\'urbanisme', '', 'https://www.legifrance.gouv.fr\r'),
(6, 'R. 111-5', 'Code de l\'urbanisme', '', 'https://www.legifrance.gouv.fr\r'),
(7, 'R. 111-21', 'Code de l\'urbanisme', '', 'https://www.legifrance.gouv.fr\r'),
(8, 'L. 111-10', 'Code de l\'urbanisme', 'Périmètre des travaux publics', 'https://www.legifrance.gouv.fr\r'),
(9, 'L. 111-9', 'Code de l\'urbanisme', 'Pérmètres de déclaration d\'utilité publique', 'https://www.legifrance.gouv.fr\r'),
(10, 'L. 421-4', 'Code de l\'urbanisme', 'Pérmètres de déclaration d\'utilité publique', 'https://www.legifrance.gouv.fr\r'),
(11, 'L. 421-5', 'Code de l\'urbanisme', 'Réalisation des réseaux', 'https://www.legifrance.gouv.fr\r'),
(12, 'L. 111-1-4', 'Code de l\'urbanisme', 'Routes à grande circulation', 'https://www.legifrance.gouv.fr\r'),
(13, '21 août 2008', 'Arrêté', 'Récupération des eaux de pluie et leur usage à l’intérieur et à l’extérieur des bâtiments', 'https://www.legifrance.gouv.fr\r'),
(14, 'L. 123-1-5 V', 'Code de l\'urbanisme', 'Emplacements réservés aux voies et ouvrages publics, aux installations d\'intérêt général et aux espaces verts', 'https://www.legifrance.gouv.fr\r'),
(15, 'L.123-1-5 III 2°', 'Code de l\'urbanisme', 'Protection des alignements d\'arbre et d\'arbres remarquables', 'https://www.legifrance.gouv.fr\r'),
(16, 'R. 421-19', 'Code de l\'urbanisme', 'Exploitation de carrières nécessitant des autorisations', 'https://www.legifrance.gouv.fr\r'),
(17, 'R. 421-23', 'Code de l\'urbanisme', 'Exploitation de carrières nécessitant des autorisations', 'https://www.legifrance.gouv.fr\r'),
(18, 'L.123-1-5 II 5°', 'Code de l\'urbanisme', 'Protection de la diversité commerciale et artisanale', 'https://www.legifrance.gouv.fr\r'),
(19, 'L.123-1-5 II 4°', 'Code de l\'urbanisme', 'Obligation de logements sociaux', 'https://www.legifrance.gouv.fr\r'),
(20, 'Article 682', 'Code civil', 'Obtention de servitudes sur fond voisin', 'https://www.legifrance.gouv.fr/affichCodeArticle.do?idArticle=LEGIARTI000006430276&cidTexte=LEGITEXT000006070721\r'),
(21, 'L.130-1', 'Code de l\'urbanisme', 'Dispositions relatives aux espaces boisés classés', 'https://www.legifrance.gouv.fr\r'),
(22, 'R.123-10-1', 'Code de l\'urbanisme', 'Regroupement ou divisions de parcelles, lotissements', 'https://www.legifrance.gouv.fr\r'),
(23, 'R. 442-1-a', 'Code de l\'urbanisme', 'Division primaire', 'https://www.legifrance.gouv.fr\r'),
(24, 'R. 431-24', 'Code de l\'urbanisme', 'Permis de construire valant division', 'https://www.legifrance.gouv.fr\r'),
(25, '', '', 'Normes de dessertes et sécurité des véhicules et des services publics', 'https://www.legifrance.gouv.fr\r'),
(26, '', '', 'Prescriptions pour le raccordement aux réseaux collectifs', 'https://www.legifrance.gouv.fr\r'),
(27, 'R.111-14-2', 'CCH', '', 'https://www.legifrance.gouv.fr\r'),
(28, 'R.111-14-3', 'CCH', '', 'https://www.legifrance.gouv.fr\r'),
(29, 'L. 130-1', 'Code de l\'urbanisme', '', 'https://www.legifrance.gouv.fr');

-- --------------------------------------------------------

--
-- Structure de la table `OUTCOME_ENUM`
--

CREATE TABLE `OutcomeEnum` (
  `id_variable` int(3) DEFAULT NULL,
  `id_outcome` int(2) DEFAULT NULL,
  `nom_outcome` varchar(22) DEFAULT NULL
) ENGINE=InnoDB DEFAULT CHARSET=utf8;

--
-- Déchargement des données de la table `OUTCOME_ENUM`
--

INSERT INTO `OutcomeEnum` (`id_variable`, `id_outcome`, `nom_outcome`) VALUES
(102, 1, 'type_1\r'),
(102, 2, 'type_2\r'),
(102, 3, 'type_3\r'),
(102, 4, 'type_4\r'),
(130, 1, 'logement\r'),
(130, 2, 'bureau\r'),
(130, 3, 'commerce\r'),
(130, 4, 'artisanat\r'),
(130, 5, 'hebergement_hotelier\r'),
(130, 6, 'industrie\r'),
(130, 7, 'entrepot\r'),
(130, 8, 'construction_agricole\r'),
(130, 9, 'cinaspic\r'),
(130, 10, 'ecole\r'),
(145, 1, 'logement\r'),
(145, 2, 'bureau\r'),
(145, 3, 'commerce\r'),
(145, 4, 'artisanat\r'),
(145, 5, 'hebergement_hotelier\r'),
(145, 6, 'industrie\r'),
(145, 7, 'entrepot\r'),
(145, 8, 'construction_agricole\r'),
(145, 9, 'cinaspic\r'),
(145, 10, 'ecole\r'),
(146, 1, 'logement\r'),
(146, 2, 'bureau\r'),
(146, 3, 'commerce\r'),
(146, 4, 'artisanat\r'),
(146, 5, 'hebergement_hotelier\r'),
(146, 6, 'industrie\r'),
(146, 7, 'entrepot\r'),
(146, 8, 'construction_agricole\r'),
(146, 9, 'cinaspic\r'),
(146, 10, 'ecole\r'),
(171, 1, 'souterrain\r'),
(171, 2, 'facade\r'),
(200, 1, 'type_1\r'),
(200, 2, 'type_2\r'),
(200, 3, 'type_3\r'),
(200, 4, 'type_4\r'),
(218, 1, 'classique\r'),
(218, 2, 'terrasse\r'),
(218, 3, 'mansart\r'),
(218, 4, 'plate\r'),
(278, 1, 'sens_unique\r'),
(278, 2, 'double_sens');

-- --------------------------------------------------------

--
-- Structure de la table `SUJET`
--

CREATE TABLE `Sujet` (
  `id_sujet` int(2) PRIMARY KEY,
  `id_parent_sujet` int(2) DEFAULT NULL,
  `nom_sujet` varchar(30) DEFAULT NULL
) ENGINE=InnoDB DEFAULT CHARSET=utf8;

--
-- Déchargement des données de la table `SUJET`
--

INSERT INTO `Sujet` (`id_sujet`, `id_parent_sujet`, `nom_sujet`) VALUES
(1, 0, 'construction\r'),
(2, 0, 'travaux_sur_existant\r'),
(3, 0, 'utilisation_brute_sols\r'),
(4, 2, 'extension\r'),
(5, 2, 'rehabilitation_renovation\r'),
(6, 2, 'isolation\r'),
(7, 4, 'extension_verticale\r'),
(8, 4, 'amenagement\r'),
(9, 4, 'veranda\r'),
(15, 5, 'rehabilitation\r'),
(16, 5, 'renovation\r'),
(17, 6, 'isolation_par_exterieur\r'),
(18, 7, 'surelevation\r'),
(19, 7, 'excavation\r'),
(20, 8, 'amenagement_comble\r'),
(26, 3, 'exploitation_carriere\r'),
(27, 3, 'depot\r'),
(28, 3, 'entreprise_cassage_voiture\r'),
(29, 3, 'exhaussement_affouillement\r'),
(30, 3, 'terrain_camping_ou_caravaning\r'),
(31, 3, 'piscine\r'),
(32, 27, 'depot_ferailles\r'),
(33, 27, 'depot_materiaux\r'),
(34, 27, 'depot_vehicules\r'),
(35, 27, 'depot_combustibles\r'),
(36, 27, 'depot_dechets');

-- --------------------------------------------------------

--
-- Structure de la table `VALEUR_CONTROLE`
--

CREATE TABLE `ValeurControle` (
  `id_valeur_controle` int(4) PRIMARY KEY,
  `id_variable` int(3) DEFAULT NULL,
  `nom_valeur_controle` varchar(53) DEFAULT NULL,
  `est_minimum` tinyint(1) DEFAULT NULL,
  `est_identite` tinyint(1) DEFAULT NULL,
  `est_maximum` tinyint(1) DEFAULT NULL,
  `est_autorisation` tinyint(1) DEFAULT NULL,
  `est_obligation` tinyint(1) DEFAULT NULL,
  `est_autre` tinyint(1) DEFAULT NULL
) ENGINE=InnoDB DEFAULT CHARSET=utf8;

--
-- Déchargement des données de la table `VALEUR_CONTROLE`
--

INSERT INTO `ValeurControle` (`id_valeur_controle`, `id_variable`, `nom_valeur_controle`, `est_minimum`, `est_identite`, `est_maximum`, `est_autorisation`, `est_obligation`, `est_autre`) VALUES
(1001, 106, 'voie_acces_terrain_AUT', 0, 0, 0, 1, 0, 0),
(1002, 106, 'voie_acces_terrain_OBL', 0, 0, 0, 0, 1, 0),
(1003, 108, 'voie_acces_terrain_en_impasse_AUT', 0, 0, 0, 1, 0, 0),
(1004, 108, 'voie_acces_terrain_en_impasse_OBL', 0, 0, 0, 0, 1, 0),
(1005, 111, 'acces_terrain_sous_porche_AUT', 0, 0, 0, 1, 0, 0),
(1006, 111, 'acces_terrain_sous_porche_OBL', 0, 0, 0, 0, 1, 0),
(1007, 113, 'accessible_par_voie_carossable_AUT', 0, 0, 0, 1, 0, 0),
(1008, 113, 'accessible_par_voie_carossable_OBL', 0, 0, 0, 0, 1, 0),
(1009, 114, 'accessible_par_servitude_passage_AUT', 0, 0, 0, 1, 0, 0),
(1010, 114, 'accessible_par_servitude_passage_OBL', 0, 0, 0, 0, 1, 0),
(1011, 118, 'mur_soutenement_sur_rue_AUT', 0, 0, 0, 1, 0, 0),
(1012, 118, 'mur_soutenement_sur_rue_OBL', 0, 0, 0, 0, 1, 0),
(1013, 119, 'cloture_AUT', 0, 0, 0, 1, 0, 0),
(1014, 119, 'cloture_OBL', 0, 0, 0, 0, 1, 0),
(1015, 121, 'cloture_sur_rue_AUT', 0, 0, 0, 1, 0, 0),
(1016, 121, 'cloture_sur_rue_OBL', 0, 0, 0, 0, 1, 0),
(1017, 122, 'cloture_sur_autre_limite_separative_AUT', 0, 0, 0, 1, 0, 0),
(1018, 122, 'cloture_sur_autre_limite_separative_OBL', 0, 0, 0, 0, 1, 0),
(1019, 124, 'portail_AUT', 0, 0, 0, 1, 0, 0),
(1020, 124, 'portail_OBL', 0, 0, 0, 0, 1, 0),
(1021, 126, 'portillon_AUT', 0, 0, 0, 1, 0, 0),
(1022, 126, 'portillon_OBL', 0, 0, 0, 0, 1, 0),
(1023, 128, 'pillier_AUT', 0, 0, 0, 1, 0, 0),
(1024, 128, 'pillier_OBL', 0, 0, 0, 0, 1, 0),
(1025, 131, 'indispensable_construction_utilisation_AUT', 0, 0, 0, 1, 0, 0),
(1026, 131, 'indispensable_construction_utilisation_OBL', 0, 0, 0, 0, 1, 0),
(1027, 132, 'necessite_autorisation_AUT', 0, 0, 0, 1, 0, 0),
(1028, 132, 'necessite_autorisation_OBL', 0, 0, 0, 0, 1, 0),
(1029, 143, 'construction_existante_regulierement_edifiee_AUT', 0, 0, 0, 1, 0, 0),
(1030, 143, 'construction_existante_regulierement_edifiee_OBL', 0, 0, 0, 0, 1, 0),
(1031, 144, 'est_annexe_AUT', 0, 0, 0, 1, 0, 0),
(1032, 144, 'est_annexe_OBL', 0, 0, 0, 0, 1, 0),
(1033, 164, 'acces_batiment_dans_marge_retrait_AUT', 0, 0, 0, 1, 0, 0),
(1034, 164, 'acces_batiment_dans_marge_retrait_OBL', 0, 0, 0, 0, 1, 0),
(1035, 166, 'raccordement_reseau_eau_potable_AUT', 0, 0, 0, 1, 0, 0),
(1036, 166, 'raccordement_reseau_eau_potable_OBL', 0, 0, 0, 0, 1, 0),
(1037, 167, 'raccordement_reseau_assainissement_AUT', 0, 0, 0, 1, 0, 0),
(1038, 167, 'raccordement_reseau_assainissement_OBL', 0, 0, 0, 0, 1, 0),
(1039, 169, 'rejet_infiltration_pretraite_AUT', 0, 0, 0, 1, 0, 0),
(1040, 169, 'rejet_infiltration_pretraite_OBL', 0, 0, 0, 0, 1, 0),
(1041, 170, 'raccordement_reseau_electricite_AUT', 0, 0, 0, 1, 0, 0),
(1042, 170, 'raccordement_reseau_electricite_OBL', 0, 0, 0, 0, 1, 0),
(1043, 173, 'implantation_alignement_6_AUT', 0, 0, 0, 1, 0, 0),
(1044, 173, 'implantation_alignement_6_OBL', 0, 0, 0, 0, 1, 0),
(1045, 174, 'implantation_retrait_6_AUT', 0, 0, 0, 1, 0, 0),
(1046, 174, 'implantation_retrait_6_OBL', 0, 0, 0, 0, 1, 0),
(1047, 180, 'voie_publique_AUT', 0, 0, 0, 1, 0, 0),
(1048, 180, 'voie_publique_OBL', 0, 0, 0, 0, 1, 0),
(1049, 183, 'saillie_AUT', 0, 0, 0, 1, 0, 0),
(1050, 183, 'saillie_OBL', 0, 0, 0, 0, 1, 0),
(1051, 184, 'saillie_alignement_6_AUT', 0, 0, 0, 1, 0, 0),
(1052, 184, 'saillie_alignement_6_OBL', 0, 0, 0, 0, 1, 0),
(1053, 188, 'saillie_marge_retrait_6_AUT', 0, 0, 0, 1, 0, 0),
(1054, 188, 'saillie_marge_retrait_6_OBL', 0, 0, 0, 0, 1, 0),
(1055, 191, 'isolation_dans_marge_retrait_6_AUT', 0, 0, 0, 1, 0, 0),
(1056, 191, 'isolation_dans_marge_retrait_6_OBL', 0, 0, 0, 0, 1, 0),
(1057, 192, 'isolation_en_saillie_alignement_6_AUT', 0, 0, 0, 1, 0, 0),
(1058, 192, 'isolation_en_saillie_alignement_6_OBL', 0, 0, 0, 0, 1, 0),
(1059, 194, 'implantation_sur_limite_7_AUT', 0, 0, 0, 1, 0, 0),
(1060, 194, 'implantation_sur_limite_7_OBL', 0, 0, 0, 0, 1, 0),
(1061, 195, 'implantation_retrait_7_AUT', 0, 0, 0, 1, 0, 0),
(1062, 195, 'implantation_retrait_7_OBL', 0, 0, 0, 0, 1, 0),
(1063, 196, 'implantation_retrait_7_sans_vue_AUT', 0, 0, 0, 1, 0, 0),
(1064, 196, 'implantation_retrait_7_sans_vue_OBL', 0, 0, 0, 0, 1, 0),
(1065, 197, 'implantation_retrait_7_avec_vue_AUT', 0, 0, 0, 1, 0, 0),
(1066, 197, 'implantation_retrait_7_avec_vue_OBL', 0, 0, 0, 0, 1, 0),
(1067, 199, 'isolation_dans_marge_retrait_7_AUT', 0, 0, 0, 1, 0, 0),
(1068, 199, 'isolation_dans_marge_retrait_7_OBL', 0, 0, 0, 0, 1, 0),
(1069, 201, 'piscine_est_couverte_AUT', 0, 0, 0, 1, 0, 0),
(1070, 201, 'piscine_est_couverte_OBL', 0, 0, 0, 0, 1, 0),
(1071, 202, 'autorisation_necessaire_piscine_AUT', 0, 0, 0, 1, 0, 0),
(1072, 202, 'autorisation_necessaire_piscine_OBL', 0, 0, 0, 0, 1, 0),
(1073, 203, 'piscine_necessite_permis_construire_AUT', 0, 0, 0, 1, 0, 0),
(1074, 203, 'piscine_necessite_permis_construire_OBL', 0, 0, 0, 0, 1, 0),
(1075, 204, 'piscine_necessite_autorisation_ABF_AUT', 0, 0, 0, 1, 0, 0),
(1076, 204, 'piscine_necessite_autorisation_ABF_OBL', 0, 0, 0, 0, 1, 0),
(1077, 205, 'piscine_necessite_declaration_prealable_AUT', 0, 0, 0, 1, 0, 0),
(1078, 205, 'piscine_necessite_declaration_prealable_OBL', 0, 0, 0, 0, 1, 0),
(1079, 212, 'plusieurs_construction_meme_propriete_AUT', 0, 0, 0, 1, 0, 0),
(1080, 212, 'plusieurs_construction_meme_propriete_OBL', 0, 0, 0, 0, 1, 0),
(1081, 216, 'toiture_plate_AUT', 0, 0, 0, 1, 0, 0),
(1082, 216, 'toiture_plate_OBL', 0, 0, 0, 0, 1, 0),
(1083, 217, 'toiture_a_pente_AUT', 0, 0, 0, 1, 0, 0),
(1084, 217, 'toiture_a_pente_OBL', 0, 0, 0, 0, 1, 0),
(1085, 232, 'installation_technique_AUT', 0, 0, 0, 1, 0, 0),
(1086, 232, 'installation_technique_OBL', 0, 0, 0, 0, 1, 0),
(1087, 233, 'installation_technique_en_terrasse_AUT', 0, 0, 0, 1, 0, 0),
(1088, 233, 'installation_technique_en_terrasse_OBL', 0, 0, 0, 0, 1, 0),
(1089, 236, 'cheminee_AUT', 0, 0, 0, 1, 0, 0),
(1090, 236, 'cheminee_OBL', 0, 0, 0, 0, 1, 0),
(1091, 237, 'toiture_vegetalisee_AUT', 0, 0, 0, 1, 0, 0),
(1092, 237, 'toiture_vegetalisee_OBL', 0, 0, 0, 0, 1, 0),
(1093, 238, 'systeme_production_energie_renouvelable_AUT', 0, 0, 0, 1, 0, 0),
(1094, 238, 'systeme_production_energie_renouvelable_OBL', 0, 0, 0, 0, 1, 0),
(1095, 239, 'panneau_solaire_AUT', 0, 0, 0, 1, 0, 0),
(1096, 239, 'panneau_solaire_OBL', 0, 0, 0, 0, 1, 0),
(1097, 240, 'descente_eaux_pluviales_AUT', 0, 0, 0, 1, 0, 0),
(1098, 240, 'descente_eaux_pluviales_OBL', 0, 0, 0, 0, 1, 0),
(1099, 241, 'edicule_gaine_technique_AUT', 0, 0, 0, 1, 0, 0),
(1100, 241, 'edicule_gaine_technique_OBL', 0, 0, 0, 0, 1, 0),
(1101, 242, 'conduit_cheminee_AUT', 0, 0, 0, 1, 0, 0),
(1102, 242, 'conduit_cheminee_OBL', 0, 0, 0, 0, 1, 0),
(1103, 243, 'devoiement_conduit_cheminee_AUT', 0, 0, 0, 1, 0, 0),
(1104, 243, 'devoiement_conduit_cheminee_OBL', 0, 0, 0, 0, 1, 0),
(1105, 244, 'antenne_AUT', 0, 0, 0, 1, 0, 0),
(1106, 244, 'antenne_OBL', 0, 0, 0, 0, 1, 0),
(1107, 245, 'volet_roulant_AUT', 0, 0, 0, 1, 0, 0),
(1108, 245, 'volet_roulant_OBL', 0, 0, 0, 0, 1, 0),
(1109, 246, 'caisson_volet_roulant_interieur_AUT', 0, 0, 0, 1, 0, 0),
(1110, 246, 'caisson_volet_roulant_interieur_OBL', 0, 0, 0, 0, 1, 0),
(1111, 247, 'rampe_parking_AUT', 0, 0, 0, 1, 0, 0),
(1112, 247, 'rampe_parking_OBL', 0, 0, 0, 0, 1, 0),
(1113, 248, 'facade_AUT', 0, 0, 0, 1, 0, 0),
(1114, 248, 'facade_OBL', 0, 0, 0, 0, 1, 0),
(1115, 250, 'au_moins_une_facade_sur_rue_AUT', 0, 0, 0, 1, 0, 0),
(1116, 250, 'au_moins_une_facade_sur_rue_OBL', 0, 0, 0, 0, 1, 0),
(1117, 251, 'facade_sur_rue_AUT', 0, 0, 0, 1, 0, 0),
(1118, 251, 'facade_sur_rue_OBL', 0, 0, 0, 0, 1, 0),
(1119, 253, 'commerce_sur_plusieurs_immeubles_contigus_AUT', 0, 0, 0, 1, 0, 0),
(1120, 253, 'commerce_sur_plusieurs_immeubles_contigus_OBL', 0, 0, 0, 0, 1, 0),
(1121, 255, 'places_stationnement_AUT', 0, 0, 0, 1, 0, 0),
(1122, 255, 'places_stationnement_OBL', 0, 0, 0, 0, 1, 0),
(1123, 259, 'place_stationnement_commandee_AUT', 0, 0, 0, 1, 0, 0),
(1124, 259, 'place_stationnement_commandee_OBL', 0, 0, 0, 0, 1, 0),
(1125, 262, 'espace_velo_AUT', 0, 0, 0, 1, 0, 0),
(1126, 262, 'espace_velo_OBL', 0, 0, 0, 0, 1, 0),
(1127, 264, 'espace_velo_unifie_AUT', 0, 0, 0, 1, 0, 0),
(1128, 264, 'espace_velo_unifie_OBL', 0, 0, 0, 0, 1, 0),
(1129, 266, 'aire_stationnement_AUT', 0, 0, 0, 1, 0, 0),
(1130, 266, 'aire_stationnement_OBL', 0, 0, 0, 0, 1, 0),
(1131, 268, 'aire_materialisee_au_sol_AUT', 0, 0, 0, 1, 0, 0),
(1132, 268, 'aire_materialisee_au_sol_OBL', 0, 0, 0, 0, 1, 0),
(1133, 269, 'emplacement_stationnement_AUT', 0, 0, 0, 1, 0, 0),
(1134, 269, 'emplacement_stationnement_OBL', 0, 0, 0, 0, 1, 0),
(1135, 273, 'rampe_acces_sous_sol_AUT', 0, 0, 0, 1, 0, 0),
(1136, 273, 'rampe_acces_sous_sol_OBL', 0, 0, 0, 0, 1, 0),
(1137, 285, 'espace_vegetalise_sur_dalle_AUT', 0, 0, 0, 1, 0, 0),
(1138, 285, 'espace_vegetalise_sur_dalle_OBL', 0, 0, 0, 0, 1, 0),
(1139, 292, 'connexion_reseau_internet_AUT', 0, 0, 0, 1, 0, 0),
(1140, 292, 'connexion_reseau_internet_OBL', 0, 0, 0, 0, 1, 0),
(1141, 293, 'connexion_reseau_haut_debit_AUT', 0, 0, 0, 1, 0, 0),
(1142, 293, 'connexion_reseau_haut_debit_OBL', 0, 0, 0, 0, 1, 0),
(1143, 294, 'connexion_reseau_adsl_AUT', 0, 0, 0, 1, 0, 0),
(1144, 294, 'connexion_reseau_adsl_OBL', 0, 0, 0, 0, 1, 0),
(1145, 295, 'connexion_reseau_fibre_AUT', 0, 0, 0, 1, 0, 0),
(1146, 295, 'connexion_reseau_fibre_OBL', 0, 0, 0, 0, 1, 0),
(1147, 231, 'heberge_voisine_plus_haute_AUT', 0, 0, 0, 1, 0, 0),
(1148, 231, 'heberge_voisine_plus_haute_OBL', 0, 0, 0, 0, 1, 0),
(1149, 103, 'superficie_terrain_MIN', 1, 0, 0, 0, 0, 0),
(1150, 103, 'superficie_terrain_IDE', 0, 1, 0, 0, 0, 0),
(1151, 103, 'superficie_terrain_MAX', 0, 0, 1, 0, 0, 0),
(1152, 107, 'emprise_voie_acces_terrain_MIN', 1, 0, 0, 0, 0, 0),
(1153, 107, 'emprise_voie_acces_terrain_IDE', 0, 1, 0, 0, 0, 0),
(1154, 107, 'emprise_voie_acces_terrain_MAX', 0, 0, 1, 0, 0, 0),
(1155, 112, 'hauteur_libre_sous_porche_MIN', 1, 0, 0, 0, 0, 0),
(1156, 112, 'hauteur_libre_sous_porche_IDE', 0, 1, 0, 0, 0, 0),
(1157, 112, 'hauteur_libre_sous_porche_MAX', 0, 0, 1, 0, 0, 0),
(1158, 116, 'distance_desserte_transport_en_commun_MIN', 1, 0, 0, 0, 0, 0),
(1159, 116, 'distance_desserte_transport_en_commun_IDE', 0, 1, 0, 0, 0, 0),
(1160, 116, 'distance_desserte_transport_en_commun_MAX', 0, 0, 1, 0, 0, 0),
(1161, 120, 'hauteur_cloture_MIN', 1, 0, 0, 0, 0, 0),
(1162, 120, 'hauteur_cloture_IDE', 0, 1, 0, 0, 0, 0),
(1163, 120, 'hauteur_cloture_MAX', 0, 0, 1, 0, 0, 0),
(1164, 123, 'hauteur_mur_bahut_MIN', 1, 0, 0, 0, 0, 0),
(1165, 123, 'hauteur_mur_bahut_IDE', 0, 1, 0, 0, 0, 0),
(1166, 123, 'hauteur_mur_bahut_MAX', 0, 0, 1, 0, 0, 0),
(1167, 125, 'hauteur_portail_MIN', 1, 0, 0, 0, 0, 0),
(1168, 125, 'hauteur_portail_IDE', 0, 1, 0, 0, 0, 0),
(1169, 125, 'hauteur_portail_MAX', 0, 0, 1, 0, 0, 0),
(1170, 127, 'hauteur_portillon_MIN', 1, 0, 0, 0, 0, 0),
(1171, 127, 'hauteur_portillon_IDE', 0, 1, 0, 0, 0, 0),
(1172, 127, 'hauteur_portillon_MAX', 0, 0, 1, 0, 0, 0),
(1173, 129, 'hauteur_pillier_MIN', 1, 0, 0, 0, 0, 0),
(1174, 129, 'hauteur_pillier_IDE', 0, 1, 0, 0, 0, 0),
(1175, 129, 'hauteur_pillier_MAX', 0, 0, 1, 0, 0, 0),
(1176, 135, 'surface_plancher_MIN', 1, 0, 0, 0, 0, 0),
(1177, 135, 'surface_plancher_IDE', 0, 1, 0, 0, 0, 0),
(1178, 135, 'surface_plancher_MAX', 0, 0, 1, 0, 0, 0),
(1179, 136, 'emprise_au_sol_MIN', 1, 0, 0, 0, 0, 0),
(1180, 136, 'emprise_au_sol_IDE', 0, 1, 0, 0, 0, 0),
(1181, 136, 'emprise_au_sol_MAX', 0, 0, 1, 0, 0, 0),
(1182, 137, 'hauteur_rez_chausee_MIN', 1, 0, 0, 0, 0, 0),
(1183, 137, 'hauteur_rez_chausee_IDE', 0, 1, 0, 0, 0, 0),
(1184, 137, 'hauteur_rez_chausee_MAX', 0, 0, 1, 0, 0, 0),
(1185, 138, 'hauteur_construction_MIN', 1, 0, 0, 0, 0, 0),
(1186, 138, 'hauteur_construction_IDE', 0, 1, 0, 0, 0, 0),
(1187, 138, 'hauteur_construction_MAX', 0, 0, 1, 0, 0, 0),
(1188, 139, 'hauteur_construction_plus_haut_MIN', 1, 0, 0, 0, 0, 0),
(1189, 139, 'hauteur_construction_plus_haut_IDE', 0, 1, 0, 0, 0, 0),
(1190, 139, 'hauteur_construction_plus_haut_MAX', 0, 0, 1, 0, 0, 0),
(1191, 140, 'hauteur_construction_egout_MIN', 1, 0, 0, 0, 0, 0),
(1192, 140, 'hauteur_construction_egout_IDE', 0, 1, 0, 0, 0, 0),
(1193, 140, 'hauteur_construction_egout_MAX', 0, 0, 1, 0, 0, 0),
(1194, 141, 'hauteur_construction_max_vis_a_vis_MIN', 1, 0, 0, 0, 0, 0),
(1195, 141, 'hauteur_construction_max_vis_a_vis_IDE', 0, 1, 0, 0, 0, 0),
(1196, 141, 'hauteur_construction_max_vis_a_vis_MAX', 0, 0, 1, 0, 0, 0),
(1197, 142, 'surface_plancher_construite_MIN', 1, 0, 0, 0, 0, 0),
(1198, 142, 'surface_plancher_construite_IDE', 0, 1, 0, 0, 0, 0),
(1199, 142, 'surface_plancher_construite_MAX', 0, 0, 1, 0, 0, 0),
(1200, 158, 'taux_logement_locatifs_sociaux_MIN', 1, 0, 0, 0, 0, 0),
(1201, 158, 'taux_logement_locatifs_sociaux_IDE', 0, 1, 0, 0, 0, 0),
(1202, 158, 'taux_logement_locatifs_sociaux_MAX', 0, 0, 1, 0, 0, 0),
(1203, 168, 'debit_rejet_reseau_assainissement_MIN', 1, 0, 0, 0, 0, 0),
(1204, 168, 'debit_rejet_reseau_assainissement_IDE', 0, 1, 0, 0, 0, 0),
(1205, 168, 'debit_rejet_reseau_assainissement_MAX', 0, 0, 1, 0, 0, 0),
(1206, 181, 'largeur_voie_publique_MIN', 1, 0, 0, 0, 0, 0),
(1207, 181, 'largeur_voie_publique_IDE', 0, 1, 0, 0, 0, 0),
(1208, 181, 'largeur_voie_publique_MAX', 0, 0, 1, 0, 0, 0),
(1209, 185, 'largeur_voie_publique_pour_saillie_alignement_6_MIN', 1, 0, 0, 0, 0, 0),
(1210, 185, 'largeur_voie_publique_pour_saillie_alignement_6_IDE', 0, 1, 0, 0, 0, 0),
(1211, 185, 'largeur_voie_publique_pour_saillie_alignement_6_MAX', 0, 0, 1, 0, 0, 0),
(1212, 186, 'taille_saillie_alignement_6_MIN', 1, 0, 0, 0, 0, 0),
(1213, 186, 'taille_saillie_alignement_6_IDE', 0, 1, 0, 0, 0, 0),
(1214, 186, 'taille_saillie_alignement_6_MAX', 0, 0, 1, 0, 0, 0),
(1215, 187, 'hauteur_saillie_alignement_6_MIN', 1, 0, 0, 0, 0, 0),
(1216, 187, 'hauteur_saillie_alignement_6_IDE', 0, 1, 0, 0, 0, 0),
(1217, 187, 'hauteur_saillie_alignement_6_MAX', 0, 0, 1, 0, 0, 0),
(1218, 189, 'taille_saillie_marge_retrait_6_MIN', 1, 0, 0, 0, 0, 0),
(1219, 189, 'taille_saillie_marge_retrait_6_IDE', 0, 1, 0, 0, 0, 0),
(1220, 189, 'taille_saillie_marge_retrait_6_MAX', 0, 0, 1, 0, 0, 0),
(1221, 190, 'hauteur_saillie_marge_retrait_6_MIN', 1, 0, 0, 0, 0, 0),
(1222, 190, 'hauteur_saillie_marge_retrait_6_IDE', 0, 1, 0, 0, 0, 0),
(1223, 190, 'hauteur_saillie_marge_retrait_6_MAX', 0, 0, 1, 0, 0, 0),
(1224, 207, 'surface_piscine_MIN', 1, 0, 0, 0, 0, 0),
(1225, 207, 'surface_piscine_IDE', 0, 1, 0, 0, 0, 0),
(1226, 207, 'surface_piscine_MAX', 0, 0, 1, 0, 0, 0),
(1227, 208, 'longueur_piscine_1_MIN', 1, 0, 0, 0, 0, 0),
(1228, 208, 'longueur_piscine_1_IDE', 0, 1, 0, 0, 0, 0),
(1229, 208, 'longueur_piscine_1_MAX', 0, 0, 1, 0, 0, 0),
(1230, 209, 'largeur_piscine_1_MIN', 1, 0, 0, 0, 0, 0),
(1231, 209, 'largeur_piscine_1_IDE', 0, 1, 0, 0, 0, 0),
(1232, 209, 'largeur_piscine_1_MAX', 0, 0, 1, 0, 0, 0),
(1233, 213, 'distance_construction_meme_propriete_avec_vue_MIN', 1, 0, 0, 0, 0, 0),
(1234, 213, 'distance_construction_meme_propriete_avec_vue_IDE', 0, 1, 0, 0, 0, 0),
(1235, 213, 'distance_construction_meme_propriete_avec_vue_MAX', 0, 0, 1, 0, 0, 0),
(1236, 214, 'distance_construction_meme_propriete_sans_vue_MIN', 1, 0, 0, 0, 0, 0),
(1237, 214, 'distance_construction_meme_propriete_sans_vue_IDE', 0, 1, 0, 0, 0, 0),
(1238, 214, 'distance_construction_meme_propriete_sans_vue_MAX', 0, 0, 1, 0, 0, 0),
(1239, 220, 'hauteur_point_accroche_MIN', 1, 0, 0, 0, 0, 0),
(1240, 220, 'hauteur_point_accroche_IDE', 0, 1, 0, 0, 0, 0),
(1241, 220, 'hauteur_point_accroche_MAX', 0, 0, 1, 0, 0, 0),
(1242, 221, 'hauteur_principale_MIN', 1, 0, 0, 0, 0, 0),
(1243, 221, 'hauteur_principale_IDE', 0, 1, 0, 0, 0, 0),
(1244, 221, 'hauteur_principale_MAX', 0, 0, 1, 0, 0, 0),
(1245, 222, 'hauteur_secondaire_MIN', 1, 0, 0, 0, 0, 0),
(1246, 222, 'hauteur_secondaire_IDE', 0, 1, 0, 0, 0, 0),
(1247, 222, 'hauteur_secondaire_MAX', 0, 0, 1, 0, 0, 0),
(1248, 223, 'hauteur_tertiaire_MIN', 1, 0, 0, 0, 0, 0),
(1249, 223, 'hauteur_tertiaire_IDE', 0, 1, 0, 0, 0, 0),
(1250, 223, 'hauteur_tertiaire_MAX', 0, 0, 1, 0, 0, 0),
(1251, 224, 'angle_principal_MIN', 1, 0, 0, 0, 0, 0),
(1252, 224, 'angle_principal_IDE', 0, 1, 0, 0, 0, 0),
(1253, 224, 'angle_principal_MAX', 0, 0, 1, 0, 0, 0),
(1254, 225, 'angle_secondaire_MIN', 1, 0, 0, 0, 0, 0),
(1255, 225, 'angle_secondaire_IDE', 0, 1, 0, 0, 0, 0),
(1256, 225, 'angle_secondaire_MAX', 0, 0, 1, 0, 0, 0),
(1257, 226, 'angle_tertiaire_MIN', 1, 0, 0, 0, 0, 0),
(1258, 226, 'angle_tertiaire_IDE', 0, 1, 0, 0, 0, 0),
(1259, 226, 'angle_tertiaire_MAX', 0, 0, 1, 0, 0, 0),
(1260, 227, 'profondeur_principale_MIN', 1, 0, 0, 0, 0, 0),
(1261, 227, 'profondeur_principale_IDE', 0, 1, 0, 0, 0, 0),
(1262, 227, 'profondeur_principale_MAX', 0, 0, 1, 0, 0, 0),
(1263, 228, 'profondeur_secondaire_MIN', 1, 0, 0, 0, 0, 0),
(1264, 228, 'profondeur_secondaire_IDE', 0, 1, 0, 0, 0, 0),
(1265, 228, 'profondeur_secondaire_MAX', 0, 0, 1, 0, 0, 0),
(1266, 229, 'profondeur_tertiaire_MIN', 1, 0, 0, 0, 0, 0),
(1267, 229, 'profondeur_tertiaire_IDE', 0, 1, 0, 0, 0, 0),
(1268, 229, 'profondeur_tertiaire_MAX', 0, 0, 1, 0, 0, 0),
(1269, 234, 'hauteur_installations_techniques_en_terrasse_MIN', 1, 0, 0, 0, 0, 0),
(1270, 234, 'hauteur_installations_techniques_en_terrasse_IDE', 0, 1, 0, 0, 0, 0),
(1271, 234, 'hauteur_installations_techniques_en_terrasse_MAX', 0, 0, 1, 0, 0, 0),
(1272, 235, 'retrait_installations_techniques_en_terrasse_MIN', 1, 0, 0, 0, 0, 0),
(1273, 235, 'retrait_installations_techniques_en_terrasse_IDE', 0, 1, 0, 0, 0, 0),
(1274, 235, 'retrait_installations_techniques_en_terrasse_MAX', 0, 0, 1, 0, 0, 0),
(1275, 258, 'proportion_places_stationnement_dans_construction_MIN', 1, 0, 0, 0, 0, 0),
(1276, 258, 'proportion_places_stationnement_dans_construction_IDE', 0, 1, 0, 0, 0, 0),
(1277, 258, 'proportion_places_stationnement_dans_construction_MAX', 0, 0, 1, 0, 0, 0),
(1278, 263, 'superficie_espace_velo_MIN', 1, 0, 0, 0, 0, 0),
(1279, 263, 'superficie_espace_velo_IDE', 0, 1, 0, 0, 0, 0),
(1280, 263, 'superficie_espace_velo_MAX', 0, 0, 1, 0, 0, 0),
(1281, 270, 'longueur_emplacement_stationnement_MIN', 1, 0, 0, 0, 0, 0),
(1282, 270, 'longueur_emplacement_stationnement_IDE', 0, 1, 0, 0, 0, 0),
(1283, 270, 'longueur_emplacement_stationnement_MAX', 0, 0, 1, 0, 0, 0),
(1284, 271, 'largeur_emplacement_stationnement_MIN', 1, 0, 0, 0, 0, 0),
(1285, 271, 'largeur_emplacement_stationnement_IDE', 0, 1, 0, 0, 0, 0),
(1286, 271, 'largeur_emplacement_stationnement_MAX', 0, 0, 1, 0, 0, 0),
(1287, 272, 'longueur_degagement_emplacement_stationnement_MIN', 1, 0, 0, 0, 0, 0),
(1288, 272, 'longueur_degagement_emplacement_stationnement_IDE', 0, 1, 0, 0, 0, 0),
(1289, 272, 'longueur_degagement_emplacement_stationnement_MAX', 0, 0, 1, 0, 0, 0),
(1290, 274, 'pente_rampe_acces_m1_MIN', 1, 0, 0, 0, 0, 0),
(1291, 274, 'pente_rampe_acces_m1_IDE', 0, 1, 0, 0, 0, 0),
(1292, 274, 'pente_rampe_acces_m1_MAX', 0, 0, 1, 0, 0, 0),
(1293, 275, 'pente_rampe_acces_m2_MIN', 1, 0, 0, 0, 0, 0),
(1294, 275, 'pente_rampe_acces_m2_IDE', 0, 1, 0, 0, 0, 0),
(1295, 275, 'pente_rampe_acces_m2_MAX', 0, 0, 1, 0, 0, 0),
(1296, 276, 'pente_rampe_acces_m5_MIN', 1, 0, 0, 0, 0, 0),
(1297, 276, 'pente_rampe_acces_m5_IDE', 0, 1, 0, 0, 0, 0),
(1298, 276, 'pente_rampe_acces_m5_MAX', 0, 0, 1, 0, 0, 0),
(1299, 277, 'pente_rampe_acces_m10_MIN', 1, 0, 0, 0, 0, 0),
(1300, 277, 'pente_rampe_acces_m10_IDE', 0, 1, 0, 0, 0, 0),
(1301, 277, 'pente_rampe_acces_m10_MAX', 0, 0, 1, 0, 0, 0),
(1302, 280, 'largeur_rampe_acces_MIN', 1, 0, 0, 0, 0, 0),
(1303, 280, 'largeur_rampe_acces_IDE', 0, 1, 0, 0, 0, 0),
(1304, 280, 'largeur_rampe_acces_MAX', 0, 0, 1, 0, 0, 0),
(1305, 281, 'rayon_interieur_rampe_acces_MIN', 1, 0, 0, 0, 0, 0),
(1306, 281, 'rayon_interieur_rampe_acces_IDE', 0, 1, 0, 0, 0, 0),
(1307, 281, 'rayon_interieur_rampe_acces_MAX', 0, 0, 1, 0, 0, 0),
(1308, 282, 'rayon_exterieur_rampe_acces_MIN', 1, 0, 0, 0, 0, 0),
(1309, 282, 'rayon_exterieur_rampe_acces_IDE', 0, 1, 0, 0, 0, 0),
(1310, 282, 'rayon_exterieur_rampe_acces_MAX', 0, 0, 1, 0, 0, 0),
(1311, 284, 'proportion_espace_vert_amenage_MIN', 1, 0, 0, 0, 0, 0),
(1312, 284, 'proportion_espace_vert_amenage_IDE', 0, 1, 0, 0, 0, 0),
(1313, 284, 'proportion_espace_vert_amenage_MAX', 0, 0, 1, 0, 0, 0),
(1314, 286, 'epaisseur_terre_vegetale_espace_vert_MIN', 1, 0, 0, 0, 0, 0),
(1315, 286, 'epaisseur_terre_vegetale_espace_vert_IDE', 0, 1, 0, 0, 0, 0),
(1316, 286, 'epaisseur_terre_vegetale_espace_vert_MAX', 0, 0, 1, 0, 0, 0),
(1317, 287, 'surface_espace_libre_MIN', 1, 0, 0, 0, 0, 0),
(1318, 287, 'surface_espace_libre_IDE', 0, 1, 0, 0, 0, 0),
(1319, 287, 'surface_espace_libre_MAX', 0, 0, 1, 0, 0, 0),
(1320, 290, 'hauteur_arbres_a_implantation_MIN', 1, 0, 0, 0, 0, 0),
(1321, 290, 'hauteur_arbres_a_implantation_IDE', 0, 1, 0, 0, 0, 0),
(1322, 290, 'hauteur_arbres_a_implantation_MAX', 0, 0, 1, 0, 0, 0),
(1323, 105, 'nombre_voie_acces_terrain_MIN', 1, 0, 0, 0, 0, 0),
(1324, 105, 'nombre_voie_acces_terrain_IDE', 0, 1, 0, 0, 0, 0),
(1325, 105, 'nombre_voie_acces_terrain_MAX', 0, 0, 1, 0, 0, 0),
(1326, 109, 'nombre_logement_desservi_MIN', 1, 0, 0, 0, 0, 0),
(1327, 109, 'nombre_logement_desservi_IDE', 0, 1, 0, 0, 0, 0),
(1328, 109, 'nombre_logement_desservi_MAX', 0, 0, 1, 0, 0, 0),
(1329, 134, 'nombre_etage_MIN', 1, 0, 0, 0, 0, 0),
(1330, 134, 'nombre_etage_IDE', 0, 1, 0, 0, 0, 0),
(1331, 134, 'nombre_etage_MAX', 0, 0, 1, 0, 0, 0),
(1332, 147, 'date_construction_MIN', 1, 0, 0, 0, 0, 0),
(1333, 147, 'date_construction_IDE', 0, 1, 0, 0, 0, 0),
(1334, 147, 'date_construction_MAX', 0, 0, 1, 0, 0, 0),
(1335, 150, 'nombre_logement_MIN', 1, 0, 0, 0, 0, 0),
(1336, 150, 'nombre_logement_IDE', 0, 1, 0, 0, 0, 0),
(1337, 150, 'nombre_logement_MAX', 0, 0, 1, 0, 0, 0),
(1338, 151, 'nombre_logement_1_piece_MIN', 1, 0, 0, 0, 0, 0),
(1339, 151, 'nombre_logement_1_piece_IDE', 0, 1, 0, 0, 0, 0),
(1340, 151, 'nombre_logement_1_piece_MAX', 0, 0, 1, 0, 0, 0),
(1341, 152, 'nombre_logement_2_piece_MIN', 1, 0, 0, 0, 0, 0),
(1342, 152, 'nombre_logement_2_piece_IDE', 0, 1, 0, 0, 0, 0),
(1343, 152, 'nombre_logement_2_piece_MAX', 0, 0, 1, 0, 0, 0),
(1344, 153, 'nombre_logement_3_piece_MIN', 1, 0, 0, 0, 0, 0),
(1345, 153, 'nombre_logement_3_piece_IDE', 0, 1, 0, 0, 0, 0),
(1346, 153, 'nombre_logement_3_piece_MAX', 0, 0, 1, 0, 0, 0),
(1347, 154, 'nombre_logement_4_piece_MIN', 1, 0, 0, 0, 0, 0),
(1348, 154, 'nombre_logement_4_piece_IDE', 0, 1, 0, 0, 0, 0),
(1349, 154, 'nombre_logement_4_piece_MAX', 0, 0, 1, 0, 0, 0),
(1350, 155, 'nombre_logement_5_piece_MIN', 1, 0, 0, 0, 0, 0),
(1351, 155, 'nombre_logement_5_piece_IDE', 0, 1, 0, 0, 0, 0),
(1352, 155, 'nombre_logement_5_piece_MAX', 0, 0, 1, 0, 0, 0),
(1353, 156, 'nombre_logement_cree_MIN', 1, 0, 0, 0, 0, 0),
(1354, 156, 'nombre_logement_cree_IDE', 0, 1, 0, 0, 0, 0),
(1355, 156, 'nombre_logement_cree_MAX', 0, 0, 1, 0, 0, 0),
(1356, 157, 'nombre_logement_cree_MIN', 1, 0, 0, 0, 0, 0),
(1357, 157, 'nombre_logement_cree_IDE', 0, 1, 0, 0, 0, 0),
(1358, 157, 'nombre_logement_cree_MAX', 0, 0, 1, 0, 0, 0),
(1359, 159, 'nombre_personnes_recues_MIN', 1, 0, 0, 0, 0, 0),
(1360, 159, 'nombre_personnes_recues_IDE', 0, 1, 0, 0, 0, 0),
(1361, 159, 'nombre_personnes_recues_MAX', 0, 0, 1, 0, 0, 0),
(1362, 160, 'nombre_chambre_MIN', 1, 0, 0, 0, 0, 0),
(1363, 160, 'nombre_chambre_IDE', 0, 1, 0, 0, 0, 0),
(1364, 160, 'nombre_chambre_MAX', 0, 0, 1, 0, 0, 0),
(1365, 161, 'nombre_employe_bureau_MIN', 1, 0, 0, 0, 0, 0),
(1366, 161, 'nombre_employe_bureau_IDE', 0, 1, 0, 0, 0, 0),
(1367, 161, 'nombre_employe_bureau_MAX', 0, 0, 1, 0, 0, 0),
(1368, 162, 'nombre_eleve_MIN', 1, 0, 0, 0, 0, 0),
(1369, 162, 'nombre_eleve_IDE', 0, 1, 0, 0, 0, 0),
(1370, 162, 'nombre_eleve_MAX', 0, 0, 1, 0, 0, 0),
(1371, 178, 'nombre_voies_publiques_MIN', 1, 0, 0, 0, 0, 0),
(1372, 178, 'nombre_voies_publiques_IDE', 0, 1, 0, 0, 0, 0),
(1373, 178, 'nombre_voies_publiques_MAX', 0, 0, 1, 0, 0, 0),
(1374, 179, 'nombre_emprises_publiques_MIN', 1, 0, 0, 0, 0, 0),
(1375, 179, 'nombre_emprises_publiques_IDE', 0, 1, 0, 0, 0, 0),
(1376, 179, 'nombre_emprises_publiques_MAX', 0, 0, 1, 0, 0, 0),
(1377, 249, 'nombre_baies_facade_MIN', 1, 0, 0, 0, 0, 0),
(1378, 249, 'nombre_baies_facade_IDE', 0, 1, 0, 0, 0, 0),
(1379, 249, 'nombre_baies_facade_MAX', 0, 0, 1, 0, 0, 0),
(1380, 252, 'nombre_baies_facade_sur_rue_MIN', 1, 0, 0, 0, 0, 0),
(1381, 252, 'nombre_baies_facade_sur_rue_IDE', 0, 1, 0, 0, 0, 0),
(1382, 252, 'nombre_baies_facade_sur_rue_MAX', 0, 0, 1, 0, 0, 0),
(1383, 256, 'nombre_place_stationnement_MIN', 1, 0, 0, 0, 0, 0),
(1384, 256, 'nombre_place_stationnement_IDE', 0, 1, 0, 0, 0, 0),
(1385, 256, 'nombre_place_stationnement_MAX', 0, 0, 1, 0, 0, 0),
(1386, 257, 'nombre_place_stationnement_livraison_MIN', 1, 0, 0, 0, 0, 0),
(1387, 257, 'nombre_place_stationnement_livraison_IDE', 0, 1, 0, 0, 0, 0),
(1388, 257, 'nombre_place_stationnement_livraison_MAX', 0, 0, 1, 0, 0, 0),
(1389, 260, 'nombre_place_stationnement_construite_MIN', 1, 0, 0, 0, 0, 0),
(1390, 260, 'nombre_place_stationnement_construite_IDE', 0, 1, 0, 0, 0, 0),
(1391, 260, 'nombre_place_stationnement_construite_MAX', 0, 0, 1, 0, 0, 0),
(1392, 261, 'nombre_place_stationnement_detruite_MIN', 1, 0, 0, 0, 0, 0),
(1393, 261, 'nombre_place_stationnement_detruite_IDE', 0, 1, 0, 0, 0, 0),
(1394, 261, 'nombre_place_stationnement_detruite_MAX', 0, 0, 1, 0, 0, 0),
(1395, 265, 'nombre_place_stationnement_velo_MIN', 1, 0, 0, 0, 0, 0),
(1396, 265, 'nombre_place_stationnement_velo_IDE', 0, 1, 0, 0, 0, 0),
(1397, 265, 'nombre_place_stationnement_velo_MAX', 0, 0, 1, 0, 0, 0),
(1398, 267, 'nombre_emplacement_MIN', 1, 0, 0, 0, 0, 0),
(1399, 267, 'nombre_emplacement_IDE', 0, 1, 0, 0, 0, 0),
(1400, 267, 'nombre_emplacement_MAX', 0, 0, 1, 0, 0, 0),
(1401, 279, 'nombre_places_desservies_rampe_acces_MIN', 1, 0, 0, 0, 0, 0),
(1402, 279, 'nombre_places_desservies_rampe_acces_IDE', 0, 1, 0, 0, 0, 0),
(1403, 279, 'nombre_places_desservies_rampe_acces_MAX', 0, 0, 1, 0, 0, 0),
(1404, 289, 'nombre_arbre_MIN', 1, 0, 0, 0, 0, 0),
(1405, 289, 'nombre_arbre_IDE', 0, 1, 0, 0, 0, 0),
(1406, 289, 'nombre_arbre_MAX', 0, 0, 1, 0, 0, 0),
(1407, 175, 'marge_retrait_6_axe_voie', 0, 0, 0, 0, 0, 1),
(1408, 176, 'marge_retrait_6_alignement', 0, 0, 0, 0, 0, 1),
(1409, 198, 'marge_retrait_7', 0, 0, 0, 0, 0, 1),
(1410, 210, 'marge_recul_6_piscine', 0, 0, 0, 0, 0, 1),
(1411, 211, 'marge_recul_7_piscine', 0, 0, 0, 0, 0, 1),
(1412, 291, 'marge_recul_arbre', 0, 0, 0, 0, 0, 1),
(1413, 102, 'type_terrain_AUT_1', 0, 0, 0, 1, 0, 0),
(1414, 102, 'type_terrain_AUT_2', 0, 0, 0, 1, 0, 0),
(1415, 102, 'type_terrain_AUT_3', 0, 0, 0, 1, 0, 0),
(1416, 102, 'type_terrain_AUT_4', 0, 0, 0, 1, 0, 0),
(1417, 102, 'type_terrain_OBL_1', 0, 0, 0, 0, 1, 0),
(1418, 102, 'type_terrain_OBL_2', 0, 0, 0, 0, 1, 0),
(1419, 102, 'type_terrain_OBL_3', 0, 0, 0, 0, 1, 0),
(1420, 102, 'type_terrain_OBL_4', 0, 0, 0, 0, 1, 0),
(1421, 130, 'destination_construction_AUT_1', 0, 0, 0, 1, 0, 0),
(1422, 130, 'destination_construction_AUT_2', 0, 0, 0, 1, 0, 0),
(1423, 130, 'destination_construction_AUT_3', 0, 0, 0, 1, 0, 0),
(1424, 130, 'destination_construction_AUT_4', 0, 0, 0, 1, 0, 0),
(1425, 130, 'destination_construction_AUT_5', 0, 0, 0, 1, 0, 0),
(1426, 130, 'destination_construction_AUT_6', 0, 0, 0, 1, 0, 0),
(1427, 130, 'destination_construction_AUT_7', 0, 0, 0, 1, 0, 0),
(1428, 130, 'destination_construction_AUT_8', 0, 0, 0, 1, 0, 0),
(1429, 130, 'destination_construction_AUT_9', 0, 0, 0, 1, 0, 0),
(1430, 130, 'destination_construction_AUT_10', 0, 0, 0, 1, 0, 0),
(1431, 130, 'destination_construction_OBL_1', 0, 0, 0, 0, 1, 0),
(1432, 130, 'destination_construction_OBL_2', 0, 0, 0, 0, 1, 0),
(1433, 130, 'destination_construction_OBL_3', 0, 0, 0, 0, 1, 0),
(1434, 130, 'destination_construction_OBL_4', 0, 0, 0, 0, 1, 0),
(1435, 130, 'destination_construction_OBL_5', 0, 0, 0, 0, 1, 0),
(1436, 130, 'destination_construction_OBL_6', 0, 0, 0, 0, 1, 0),
(1437, 130, 'destination_construction_OBL_7', 0, 0, 0, 0, 1, 0),
(1438, 130, 'destination_construction_OBL_8', 0, 0, 0, 0, 1, 0),
(1439, 130, 'destination_construction_OBL_9', 0, 0, 0, 0, 1, 0),
(1440, 130, 'destination_construction_OBL_10', 0, 0, 0, 0, 1, 0),
(1441, 145, 'ancienne_destination_AUT_1', 0, 0, 0, 1, 0, 0),
(1442, 145, 'ancienne_destination_AUT_2', 0, 0, 0, 1, 0, 0),
(1443, 145, 'ancienne_destination_AUT_3', 0, 0, 0, 1, 0, 0),
(1444, 145, 'ancienne_destination_AUT_4', 0, 0, 0, 1, 0, 0),
(1445, 145, 'ancienne_destination_AUT_5', 0, 0, 0, 1, 0, 0),
(1446, 145, 'ancienne_destination_AUT_6', 0, 0, 0, 1, 0, 0),
(1447, 145, 'ancienne_destination_AUT_7', 0, 0, 0, 1, 0, 0),
(1448, 145, 'ancienne_destination_AUT_8', 0, 0, 0, 1, 0, 0),
(1449, 145, 'ancienne_destination_AUT_9', 0, 0, 0, 1, 0, 0),
(1450, 145, 'ancienne_destination_AUT_10', 0, 0, 0, 1, 0, 0),
(1451, 145, 'ancienne_destination_OBL_1', 0, 0, 0, 0, 1, 0),
(1452, 145, 'ancienne_destination_OBL_2', 0, 0, 0, 0, 1, 0),
(1453, 145, 'ancienne_destination_OBL_3', 0, 0, 0, 0, 1, 0),
(1454, 145, 'ancienne_destination_OBL_4', 0, 0, 0, 0, 1, 0),
(1455, 145, 'ancienne_destination_OBL_5', 0, 0, 0, 0, 1, 0),
(1456, 145, 'ancienne_destination_OBL_6', 0, 0, 0, 0, 1, 0),
(1457, 145, 'ancienne_destination_OBL_7', 0, 0, 0, 0, 1, 0),
(1458, 145, 'ancienne_destination_OBL_8', 0, 0, 0, 0, 1, 0),
(1459, 145, 'ancienne_destination_OBL_9', 0, 0, 0, 0, 1, 0),
(1460, 145, 'ancienne_destination_OBL_10', 0, 0, 0, 0, 1, 0),
(1461, 146, 'nouvelle_destination_AUT_1', 0, 0, 0, 1, 0, 0),
(1462, 146, 'nouvelle_destination_AUT_2', 0, 0, 0, 1, 0, 0),
(1463, 146, 'nouvelle_destination_AUT_3', 0, 0, 0, 1, 0, 0),
(1464, 146, 'nouvelle_destination_AUT_4', 0, 0, 0, 1, 0, 0),
(1465, 146, 'nouvelle_destination_AUT_5', 0, 0, 0, 1, 0, 0),
(1466, 146, 'nouvelle_destination_AUT_6', 0, 0, 0, 1, 0, 0),
(1467, 146, 'nouvelle_destination_AUT_7', 0, 0, 0, 1, 0, 0),
(1468, 146, 'nouvelle_destination_AUT_8', 0, 0, 0, 1, 0, 0),
(1469, 146, 'nouvelle_destination_AUT_9', 0, 0, 0, 1, 0, 0),
(1470, 146, 'nouvelle_destination_AUT_10', 0, 0, 0, 1, 0, 0),
(1471, 146, 'nouvelle_destination_OBL_1', 0, 0, 0, 0, 1, 0),
(1472, 146, 'nouvelle_destination_OBL_2', 0, 0, 0, 0, 1, 0),
(1473, 146, 'nouvelle_destination_OBL_3', 0, 0, 0, 0, 1, 0),
(1474, 146, 'nouvelle_destination_OBL_4', 0, 0, 0, 0, 1, 0),
(1475, 146, 'nouvelle_destination_OBL_5', 0, 0, 0, 0, 1, 0),
(1476, 146, 'nouvelle_destination_OBL_6', 0, 0, 0, 0, 1, 0),
(1477, 146, 'nouvelle_destination_OBL_7', 0, 0, 0, 0, 1, 0),
(1478, 146, 'nouvelle_destination_OBL_8', 0, 0, 0, 0, 1, 0),
(1479, 146, 'nouvelle_destination_OBL_9', 0, 0, 0, 0, 1, 0),
(1480, 146, 'nouvelle_destination_OBL_10', 0, 0, 0, 0, 1, 0),
(1481, 171, 'raccordement_reseau_electricite_methode_AUT_1', 0, 0, 0, 1, 0, 0),
(1482, 171, 'raccordement_reseau_electricite_methode_AUT_2', 0, 0, 0, 1, 0, 0),
(1483, 171, 'raccordement_reseau_electricite_methode_OBL_1', 0, 0, 0, 0, 1, 0),
(1484, 171, 'raccordement_reseau_electricite_methode_OBL_2', 0, 0, 0, 0, 1, 0),
(1485, 200, 'type_piscine_AUT_1', 0, 0, 0, 1, 0, 0),
(1486, 200, 'type_piscine_AUT_2', 0, 0, 0, 1, 0, 0),
(1487, 200, 'type_piscine_AUT_3', 0, 0, 0, 1, 0, 0),
(1488, 200, 'type_piscine_AUT_4', 0, 0, 0, 1, 0, 0),
(1489, 200, 'type_piscine_OBL_1', 0, 0, 0, 0, 1, 0),
(1490, 200, 'type_piscine_OBL_2', 0, 0, 0, 0, 1, 0),
(1491, 200, 'type_piscine_OBL_3', 0, 0, 0, 0, 1, 0),
(1492, 200, 'type_piscine_OBL_4', 0, 0, 0, 0, 1, 0),
(1493, 218, 'type_toiture_AUT_1', 0, 0, 0, 1, 0, 0),
(1494, 218, 'type_toiture_AUT_2', 0, 0, 0, 1, 0, 0),
(1495, 218, 'type_toiture_AUT_3', 0, 0, 0, 1, 0, 0),
(1496, 218, 'type_toiture_AUT_4', 0, 0, 0, 1, 0, 0),
(1497, 218, 'type_toiture_OBL_1', 0, 0, 0, 0, 1, 0),
(1498, 218, 'type_toiture_OBL_2', 0, 0, 0, 0, 1, 0),
(1499, 218, 'type_toiture_OBL_3', 0, 0, 0, 0, 1, 0),
(1500, 218, 'type_toiture_OBL_4', 0, 0, 0, 0, 1, 0),
(1501, 278, 'type_rampe_acces_AUT_1', 0, 0, 0, 1, 0, 0),
(1502, 278, 'type_rampe_acces_AUT_2', 0, 0, 0, 1, 0, 0),
(1503, 278, 'type_rampe_acces_OBL_1', 0, 0, 0, 0, 1, 0),
(1504, 278, 'type_rampe_acces_OBL_2', 0, 0, 0, 0, 1, 0),
(1505, 0, 'marge_retrait_6', 0, 0, 0, 0, 0, 1),
(1506, 0, 'marge_recul_piscine', 0, 0, 0, 0, 0, 1),
(1507, 0, 'installation_technique_compte_pour_la_hauteur', 0, 0, 0, 0, 0, 1),
(1508, 297, 'rez_chaussee_AUT', 0, 0, 0, 1, 0, 0),
(1509, 297, 'rez_chaussee_OBL', 0, 0, 0, 0, 1, 0),
(1510, 298, 'acces_batiment_dans_marge_retrait_7_AUT', 0, 0, 0, 1, 0, 0),
(1511, 298, 'acces_batiment_dans_marge_retrait_7_OBL', 0, 0, 0, 0, 1, 0);

-- --------------------------------------------------------

--
-- Structure de la table `VARIABLE`
--

CREATE TABLE `Variable` (
  `id_variable` int(3) PRIMARY KEY,
  `id_parent_variable` int(3) DEFAULT NULL,
  `id_sujet` int(2) DEFAULT NULL,
  `id_destination` int(2) DEFAULT NULL,
  `nom_variable` varchar(49) DEFAULT NULL,
  `est_noeud` int(1) DEFAULT NULL,
  `est_caracteristique` tinyint(1) DEFAULT NULL,
  `est_variable_reelle` tinyint(1) DEFAULT NULL,
  `est_variable_booleenne` tinyint(1) DEFAULT NULL,
  `est_variable_dqr` tinyint(1) DEFAULT NULL,
  `est_variable_enumeration` tinyint(1) DEFAULT NULL,
  `est_mimao` tinyint(1) DEFAULT NULL
) ENGINE=InnoDB DEFAULT CHARSET=utf8;

--
-- Déchargement des données de la table `VARIABLE`
--

INSERT INTO `Variable` (`id_variable`, `id_parent_variable`, `id_sujet`, `id_destination`, `nom_variable`, `est_noeud`, `est_caracteristique`, `est_variable_reelle`, `est_variable_booleenne`, `est_variable_dqr`, `est_variable_enumeration`, `est_mimao`) VALUES
(101, 0, 0, 0, 'terrain', 1, 0, 0, 0, 0, 0, 0),
(102, 101, 0, 0, 'type_terrain', 0, 0, 0, 0, 0, 1, 0),
(103, 101, 0, 0, 'superficie_terrain', 0, 0, 1, 0, 0, 0, 1),
(104, 101, 0, 0, 'voies_acces_terrain', 1, 0, 0, 0, 0, 0, 0),
(105, 104, 0, 0, 'nombre_voie_acces_terrain', 0, 0, 0, 0, 1, 0, 1),
(106, 104, 0, 0, 'voie_acces_terrain', 0, 1, 0, 0, 0, 0, 1),
(107, 106, 0, 0, 'emprise_voie_acces_terrain', 0, 0, 1, 0, 0, 0, 1),
(108, 106, 0, 0, 'voie_acces_terrain_en_impasse', 0, 0, 0, 1, 0, 0, 1),
(109, 106, 1, 0, 'nombre_logement_desservi', 0, 0, 0, 0, 1, 0, 1),
(110, 101, 0, 0, 'acces_terrain', 1, 0, 0, 0, 0, 0, 0),
(111, 110, 0, 0, 'acces_terrain_sous_porche', 0, 1, 0, 0, 0, 0, 1),
(112, 111, 1, 0, 'hauteur_libre_sous_porche', 0, 0, 1, 0, 0, 0, 1),
(113, 110, 0, 0, 'accessible_par_voie_carossable', 0, 0, 0, 1, 0, 0, 1),
(114, 110, 0, 0, 'accessible_par_servitude_passage', 0, 0, 0, 1, 0, 0, 1),
(115, 0, 0, 0, 'localisation', 1, 0, 0, 0, 0, 0, 0),
(116, 115, 0, 0, 'distance_desserte_transport_en_commun', 0, 0, 1, 0, 0, 0, 1),
(117, 101, 0, 0, 'amenagement_terrain', 1, 0, 0, 0, 0, 0, 0),
(118, 117, 0, 0, 'mur_soutenement_sur_rue', 0, 0, 0, 1, 0, 0, 1),
(119, 117, 0, 0, 'cloture', 0, 1, 0, 0, 0, 0, 1),
(120, 119, 0, 0, 'hauteur_cloture', 0, 0, 1, 0, 0, 0, 1),
(121, 119, 0, 0, 'cloture_sur_rue', 0, 0, 0, 1, 0, 0, 1),
(122, 119, 0, 0, 'cloture_sur_autre_limite_separative', 0, 0, 0, 1, 0, 0, 1),
(123, 119, 0, 0, 'hauteur_mur_bahut', 0, 0, 1, 0, 0, 0, 1),
(124, 117, 0, 0, 'portail', 0, 1, 0, 0, 0, 0, 1),
(125, 124, 0, 0, 'hauteur_portail', 0, 0, 1, 0, 0, 0, 1),
(126, 117, 0, 0, 'portillon', 0, 1, 0, 0, 0, 0, 1),
(127, 126, 0, 0, 'hauteur_portillon', 0, 0, 1, 0, 0, 0, 1),
(128, 117, 0, 0, 'pillier', 0, 1, 0, 0, 0, 0, 1),
(129, 128, 0, 0, 'hauteur_pillier', 0, 0, 1, 0, 0, 0, 1),
(130, 0, 2, 0, 'destination_construction', 0, 0, 0, 0, 0, 1, 0),
(131, 0, 29, 0, 'indispensable_construction_utilisation', 0, 0, 0, 1, 0, 0, 1),
(132, 0, 26, 0, 'necessite_autorisation', 0, 0, 0, 1, 0, 0, 1),
(133, 0, 1, 0, 'caracteristique_bati', 1, 0, 0, 0, 0, 0, 0),
(134, 133, 1, 0, 'nombre_etage', 0, 0, 0, 0, 1, 0, 1),
(135, 133, 1, 0, 'surface_plancher', 0, 0, 1, 0, 0, 0, 1),
(136, 133, 1, 0, 'emprise_au_sol', 0, 0, 1, 0, 0, 0, 1),
(137, 133, 1, 0, 'hauteur_rez_chaussee', 0, 0, 1, 0, 0, 0, 1),
(138, 133, 1, 0, 'hauteur_construction', 0, 0, 1, 0, 0, 0, 1),
(139, 133, 1, 0, 'hauteur_construction_plus_haut', 0, 0, 1, 0, 0, 0, 1),
(140, 133, 1, 0, 'hauteur_construction_egout', 0, 0, 1, 0, 0, 0, 1),
(141, 133, 1, 0, 'hauteur_construction_max_vis_a_vis', 0, 0, 1, 0, 0, 0, 1),
(142, 133, 2, 0, 'surface_plancher_construite', 0, 0, 1, 0, 0, 0, 1),
(143, 133, 2, 0, 'construction_existante_regulierement_edifiee', 0, 0, 0, 1, 0, 0, 1),
(144, 0, 1, 0, 'est_annexe', 0, 0, 0, 1, 0, 0, 1),
(145, 0, 15, 0, 'ancienne_destination', 0, 0, 0, 0, 0, 1, 0),
(146, 0, 15, 0, 'nouvelle_destination', 0, 0, 0, 0, 0, 1, 0),
(147, 0, 1, 0, 'date_construction', 0, 0, 0, 0, 1, 0, 1),
(148, 0, 1, 0, 'capacite', 1, 0, 0, 0, 0, 0, 0),
(149, 148, 1, 1, 'capacite_logement', 1, 0, 0, 0, 0, 0, 0),
(150, 149, 1, 1, 'nombre_logement', 0, 0, 0, 0, 1, 0, 1),
(151, 149, 1, 1, 'nombre_logement_1_piece', 0, 0, 0, 0, 1, 0, 1),
(152, 149, 1, 1, 'nombre_logement_2_piece', 0, 0, 0, 0, 1, 0, 1),
(153, 149, 1, 1, 'nombre_logement_3_piece', 0, 0, 0, 0, 1, 0, 1),
(154, 149, 1, 1, 'nombre_logement_4_piece', 0, 0, 0, 0, 1, 0, 1),
(155, 149, 1, 1, 'nombre_logement_5_piece', 0, 0, 0, 0, 1, 0, 1),
(156, 149, 4, 0, 'nombre_logement_cree', 0, 0, 0, 0, 1, 0, 1),
(157, 149, 8, 0, 'nombre_logement_cree', 0, 0, 0, 0, 1, 0, 1),
(158, 149, 1, 1, 'taux_logement_locatifs_sociaux', 0, 0, 1, 0, 0, 0, 1),
(159, 148, 1, 9, 'nombre_personnes_recues', 0, 0, 0, 0, 1, 0, 1),
(160, 148, 1, 2, 'nombre_chambre', 0, 0, 0, 0, 1, 0, 1),
(161, 148, 1, 0, 'nombre_employe', 0, 0, 0, 0, 1, 0, 1),
(162, 148, 1, 10, 'nombre_eleve', 0, 0, 0, 0, 1, 0, 1),
(163, 133, 1, 0, 'acces_batiment', 1, 0, 0, 0, 0, 0, 0),
(164, 163, 1, 0, 'acces_batiment_dans_marge_retrait_6', 0, 0, 0, 1, 0, 0, 1),
(165, 0, 1, 0, 'raccordement_reseaux', 1, 0, 0, 0, 0, 0, 0),
(166, 165, 1, 0, 'raccordement_reseau_eau_potable', 0, 1, 0, 0, 0, 0, 1),
(167, 165, 1, 0, 'raccordement_reseau_assainissement', 0, 1, 0, 0, 0, 0, 1),
(168, 167, 1, 0, 'debit_rejet_reseau_assainissement', 0, 0, 1, 0, 0, 0, 1),
(169, 167, 1, 0, 'rejet_infiltration_pretraite', 0, 0, 0, 1, 0, 0, 1),
(170, 165, 1, 0, 'raccordement_reseau_electricite', 0, 1, 0, 0, 0, 0, 1),
(171, 170, 1, 0, 'raccordement_reseau_electricite_methode', 0, 0, 0, 0, 0, 1, 0),
(172, 0, 1, 0, 'implantation_6', 1, 0, 0, 0, 0, 0, 0),
(173, 172, 1, 0, 'implantation_alignement_6', 0, 0, 0, 1, 0, 0, 1),
(174, 172, 1, 0, 'implantation_retrait_6', 0, 1, 0, 0, 0, 0, 1),
(175, 174, 1, 0, 'distance_axe_voie', 0, 0, 1, 0, 0, 0, 0),
(176, 174, 1, 0, 'distance_alignement', 0, 0, 1, 0, 0, 0, 0),
(177, 0, 0, 0, 'voies_emprises_publiques', 1, 0, 0, 0, 0, 0, 0),
(178, 177, 0, 0, 'nombre_voies_publiques', 0, 0, 0, 0, 1, 0, 1),
(179, 177, 0, 0, 'nombre_emprises_publiques', 0, 0, 0, 0, 1, 0, 1),
(180, 177, 0, 0, 'voie_publique', 0, 1, 0, 0, 0, 0, 1),
(181, 180, 0, 0, 'largeur_voie_publique', 0, 0, 1, 0, 0, 0, 1),
(182, 133, 1, 0, 'element_architectural', 1, 0, 0, 0, 0, 0, 0),
(183, 182, 1, 0, 'saillie', 0, 1, 0, 0, 0, 0, 1),
(184, 183, 1, 0, 'saillie_alignement_6', 0, 1, 0, 0, 0, 0, 1),
(185, 184, 1, 0, 'largeur_voie_publique_pour_saillie_alignement_6', 0, 0, 1, 0, 0, 0, 1),
(186, 184, 1, 0, 'taille_saillie_alignement_6', 0, 0, 1, 0, 0, 0, 1),
(187, 184, 1, 0, 'hauteur_saillie_alignement_6', 0, 0, 1, 0, 0, 0, 1),
(188, 183, 1, 0, 'saillie_marge_retrait_6', 0, 1, 0, 0, 0, 0, 1),
(189, 188, 1, 0, 'taille_saillie_marge_retrait_6', 0, 0, 1, 0, 0, 0, 1),
(190, 188, 1, 0, 'hauteur_saillie_marge_retrait_6', 0, 0, 1, 0, 0, 0, 1),
(191, 0, 17, 0, 'isolation_dans_marge_retrait_6', 0, 1, 0, 0, 0, 0, 1),
(192, 0, 17, 0, 'isolation_en_saillie_alignement_6', 0, 1, 0, 0, 0, 0, 1),
(193, 0, 1, 0, 'implantation_7', 1, 0, 0, 0, 0, 0, 0),
(194, 193, 1, 0, 'implantation_sur_limite_7', 0, 0, 0, 1, 0, 0, 1),
(195, 193, 1, 0, 'implantation_retrait_7', 0, 1, 0, 0, 0, 0, 1),
(196, 195, 1, 0, 'implantation_retrait_7_sans_vue', 0, 0, 0, 1, 0, 0, 1),
(197, 195, 1, 0, 'implantation_retrait_7_avec_vue', 0, 0, 0, 1, 0, 0, 1),
(198, 195, 1, 0, 'distance_limite_7', 0, 0, 1, 0, 0, 0, 0),
(199, 0, 17, 0, 'isolation_dans_marge_retrait_7', 0, 1, 0, 0, 0, 0, 1),
(200, 0, 31, 0, 'type_piscine', 0, 0, 0, 0, 0, 1, 0),
(201, 0, 31, 0, 'piscine_est_couverte', 0, 0, 0, 1, 0, 0, 1),
(202, 0, 31, 0, 'autorisation_necessaire_piscine', 0, 1, 0, 0, 0, 0, 1),
(203, 202, 31, 0, 'piscine_necessite_permis_construire', 0, 0, 0, 1, 0, 0, 1),
(204, 202, 31, 0, 'piscine_necessite_autorisation_ABF', 0, 0, 0, 1, 0, 0, 1),
(205, 202, 31, 0, 'piscine_necessite_declaration_prealable', 0, 0, 0, 1, 0, 0, 1),
(206, 0, 31, 0, 'dimension_piscine', 1, 0, 0, 0, 0, 0, 0),
(207, 206, 31, 0, 'surface_piscine', 0, 0, 1, 0, 0, 0, 1),
(208, 206, 31, 0, 'longueur_piscine_1', 0, 0, 1, 0, 0, 0, 1),
(209, 206, 31, 0, 'largeur_piscine_1', 0, 0, 1, 0, 0, 0, 1),
(210, 0, 31, 0, 'distance_limite_6', 0, 0, 1, 0, 0, 0, 0),
(211, 0, 31, 0, 'distance_limite_7', 0, 0, 1, 0, 0, 0, 0),
(212, 0, 1, 0, 'plusieurs_construction_meme_propriete', 0, 1, 0, 0, 0, 0, 1),
(213, 212, 1, 0, 'distance_construction_meme_propriete_avec_vue', 0, 0, 1, 0, 0, 0, 1),
(214, 212, 1, 0, 'distance_construction_meme_propriete_sans_vue', 0, 0, 1, 0, 0, 0, 1),
(215, 182, 1, 0, 'toiture', 1, 0, 0, 0, 0, 0, 0),
(216, 215, 1, 0, 'toiture_plate', 0, 0, 0, 1, 0, 0, 1),
(217, 215, 1, 0, 'toiture_a_pente', 0, 0, 0, 1, 0, 0, 1),
(218, 215, 1, 0, 'type_toiture', 0, 0, 0, 0, 0, 1, 0),
(219, 215, 1, 0, 'gabarit_toit', 1, 0, 0, 0, 0, 0, 0),
(220, 219, 1, 0, 'hauteur_point_accroche', 0, 0, 1, 0, 0, 0, 1),
(221, 219, 1, 0, 'hauteur_principale', 0, 0, 1, 0, 0, 0, 1),
(222, 219, 1, 0, 'hauteur_secondaire', 0, 0, 1, 0, 0, 0, 1),
(223, 219, 1, 0, 'hauteur_tertiaire', 0, 0, 1, 0, 0, 0, 1),
(224, 219, 1, 0, 'angle_principal', 0, 0, 1, 0, 0, 0, 1),
(225, 219, 1, 0, 'angle_secondaire', 0, 0, 1, 0, 0, 0, 1),
(226, 219, 1, 0, 'angle_tertiaire', 0, 0, 1, 0, 0, 0, 1),
(227, 219, 1, 0, 'profondeur_principale', 0, 0, 1, 0, 0, 0, 1),
(228, 219, 1, 0, 'profondeur_secondaire', 0, 0, 1, 0, 0, 0, 1),
(229, 219, 1, 0, 'profondeur_tertiaire', 0, 0, 1, 0, 0, 0, 1),
(230, 0, 1, 0, 'voisinage', 1, 0, 0, 0, 0, 0, 0),
(231, 230, 1, 0, 'heberge_voisine_plus_haute', 0, 0, 0, 0, 0, 0, 0),
(232, 133, 1, 0, 'installations_techniques', 0, 1, 0, 0, 0, 0, 1),
(233, 232, 1, 0, 'installations_techniques_en_terrasse', 0, 1, 0, 0, 0, 0, 1),
(234, 233, 1, 0, 'hauteur_installations_techniques_en_terrasse', 0, 0, 1, 0, 0, 0, 1),
(235, 233, 1, 0, 'retrait_installations_techniques_en_terrasse', 0, 0, 1, 0, 0, 0, 1),
(236, 232, 1, 0, 'cheminee', 0, 1, 0, 0, 0, 0, 1),
(237, 232, 1, 0, 'toiture_vegetalisee', 0, 1, 0, 0, 0, 0, 1),
(238, 232, 1, 0, 'systeme_production_energie_renouvelable', 0, 1, 0, 0, 0, 0, 1),
(239, 232, 1, 0, 'panneau_solaire', 0, 1, 0, 0, 0, 0, 1),
(240, 232, 1, 0, 'descente_eaux_pluviales', 0, 1, 0, 0, 0, 0, 1),
(241, 232, 1, 0, 'edicule_gaine_technique', 0, 1, 0, 0, 0, 0, 1),
(242, 232, 1, 0, 'conduit_cheminee', 0, 1, 0, 0, 0, 0, 1),
(243, 242, 1, 0, 'devoiement_conduit_cheminee', 0, 0, 0, 1, 0, 0, 1),
(244, 232, 1, 0, 'antenne', 0, 1, 0, 0, 0, 0, 1),
(245, 232, 1, 0, 'volet_roulant', 0, 1, 0, 0, 0, 0, 1),
(246, 246, 1, 0, 'caisson_volet_roulant_interieur', 0, 0, 0, 1, 0, 0, 1),
(247, 232, 1, 0, 'rampe_parking', 0, 1, 0, 0, 0, 0, 1),
(248, 0, 1, 0, 'facade', 0, 1, 0, 0, 0, 0, 1),
(249, 248, 1, 0, 'nombre_baies_facade', 0, 0, 0, 0, 1, 0, 1),
(250, 248, 1, 0, 'au_moins_une_facade_sur_rue', 0, 0, 0, 1, 0, 0, 1),
(251, 248, 1, 0, 'facade_sur_rue', 0, 1, 0, 0, 0, 0, 1),
(252, 251, 1, 0, 'nombre_baies_facade_sur_rue', 0, 0, 0, 0, 1, 0, 1),
(253, 0, 1, 4, 'commerce_sur_plusieurs_immeubles_contigus', 0, 0, 0, 1, 0, 0, 1),
(254, 0, 1, 0, 'caracteristiques_stationnement ', 1, 0, 0, 0, 0, 0, 0),
(255, 254, 1, 0, 'places_stationnement', 0, 1, 0, 0, 0, 0, 1),
(256, 255, 1, 0, 'nombre_place_stationnement', 0, 0, 0, 0, 1, 0, 1),
(257, 255, 1, 0, 'nombre_place_stationnement_livraison', 0, 0, 0, 0, 1, 0, 1),
(258, 255, 1, 0, 'proportion_places_stationnement_dans_construction', 0, 0, 1, 0, 0, 0, 1),
(259, 255, 1, 0, 'place_stationnement_commandee', 0, 1, 0, 0, 0, 0, 1),
(260, 255, 1, 0, 'nombre_place_stationnement_construite', 0, 0, 0, 0, 1, 0, 1),
(261, 255, 1, 0, 'nombre_place_stationnement_detruite', 0, 0, 0, 0, 1, 0, 1),
(262, 254, 1, 0, 'espace_velo', 0, 1, 0, 0, 0, 0, 1),
(263, 262, 1, 0, 'superficie_espace_velo', 0, 0, 1, 0, 0, 0, 1),
(264, 262, 1, 0, 'espace_velo_unifie', 0, 0, 0, 1, 0, 0, 1),
(265, 262, 1, 0, 'nombre_place_stationnement_velo', 0, 0, 0, 0, 1, 0, 1),
(266, 254, 1, 0, 'aire_stationnement', 0, 1, 0, 0, 0, 0, 1),
(267, 266, 1, 0, 'nombre_emplacement', 0, 0, 0, 0, 1, 0, 1),
(268, 266, 1, 0, 'aire_materialisee_au_sol', 0, 0, 0, 1, 0, 0, 1),
(269, 266, 1, 0, 'emplacement_stationnement', 0, 1, 0, 0, 0, 0, 1),
(270, 269, 1, 0, 'longueur_emplacement_stationnement', 0, 0, 1, 0, 0, 0, 1),
(271, 269, 1, 0, 'largeur_emplacement_stationnement', 0, 0, 1, 0, 0, 0, 1),
(272, 269, 1, 0, 'longueur_degagement_emplacement_stationnement', 0, 0, 1, 0, 0, 0, 1),
(273, 247, 1, 0, 'rampe_acces_sous_sol', 0, 1, 0, 0, 0, 0, 1),
(274, 273, 1, 0, 'pente_rampe_acces_m1', 0, 0, 1, 0, 0, 0, 1),
(275, 273, 1, 0, 'pente_rampe_acces_m2', 0, 0, 1, 0, 0, 0, 1),
(276, 273, 1, 0, 'pente_rampe_acces_m5', 0, 0, 1, 0, 0, 0, 1),
(277, 273, 1, 0, 'pente_rampe_acces_m10', 0, 0, 1, 0, 0, 0, 1),
(278, 273, 1, 0, 'type_rampe_acces', 0, 0, 0, 0, 0, 1, 0),
(279, 273, 1, 0, 'nombre_places_desservies_rampe_acces', 0, 0, 0, 0, 1, 0, 1),
(280, 273, 1, 0, 'largeur_rampe_acces', 0, 0, 1, 0, 0, 0, 1),
(281, 273, 1, 0, 'rayon_interieur_rampe_acces', 0, 0, 1, 0, 0, 0, 1),
(282, 273, 1, 0, 'rayon_exterieur_rampe_acces', 0, 0, 1, 0, 0, 0, 1),
(283, 0, 1, 0, 'espaces_vert', 1, 0, 0, 0, 0, 0, 0),
(284, 283, 1, 0, 'proportion_espace_vert_amenage', 0, 0, 1, 0, 0, 0, 1),
(285, 283, 1, 0, 'espace_vegetalise_sur_dalle', 0, 1, 0, 0, 0, 0, 1),
(286, 285, 1, 0, 'epaisseur_terre_vegetale_espace_vert', 0, 0, 1, 0, 0, 0, 1),
(287, 283, 1, 0, 'surface_espace_libre', 0, 0, 1, 0, 0, 0, 1),
(288, 283, 1, 0, 'arbres', 1, 0, 0, 0, 0, 0, 0),
(289, 288, 1, 0, 'nombre_arbre', 0, 0, 0, 0, 1, 0, 1),
(290, 288, 1, 0, 'hauteur_arbres_a_implantation', 0, 0, 1, 0, 0, 0, 1),
(291, 288, 1, 0, 'distance_construction_arbre', 0, 0, 1, 0, 0, 0, 0),
(292, 0, 1, 0, 'connexion_reseau_internet', 0, 1, 0, 0, 0, 0, 1),
(293, 292, 1, 0, 'connexion_reseau_haut_debit', 0, 0, 0, 1, 0, 0, 1),
(294, 292, 1, 0, 'connexion_reseau_adsl', 0, 0, 0, 1, 0, 0, 1),
(295, 292, 1, 0, 'connexion_reseau_fibre', 0, 0, 0, 1, 0, 0, 1),
(296, 0, 1, 0, 'pret_etat', 0, 0, 0, 1, 0, 0, 0),
(297, 0, 2, 0, 'rez_chaussee', 0, 1, 0, 0, 0, 0, 1),
(298, 163, 1, 0, 'acces_batiment_dans_marge_retrait_7', 0, 0, 0, 1, 0, 0, 1),
(299, 0, 0, 0, 'date_approbation_PLU', 0, 0, 0, 0, 1, 0, 0);
COMMIT;

/*!40101 SET CHARACTER_SET_CLIENT=@OLD_CHARACTER_SET_CLIENT */;
/*!40101 SET CHARACTER_SET_RESULTS=@OLD_CHARACTER_SET_RESULTS */;
/*!40101 SET COLLATION_CONNECTION=@OLD_COLLATION_CONNECTION */;
